AAA,414ea15a65d704b7,"Anaa"
AAB,4e25fc1ec27bcac0,"Arrabury"
AAC,1dd6c7fbc8521435,"El Arish"
AAD,29f3b19889f5fb16,"Adado"
AAE,19e3cb0e9a34bdff,"Annaba Rabah Bitat"
AAF,5d89d4af6626a86c,"Apalachicola Regional"
AAG,53e6a7ccb5adf741,"Avelino Vieira"
AAH,3f82c255f53cb43f,"Aachen-Merzbruck"
AAI,55f7879644903ce9,"Arraias"
AAJ,58ec631a71f66974,"Cayana"
AAK,4984009f4caf035f,"Aranuka"
AAL,3e9105ea66c8cef6,"Aalborg"
AAM,1d36407e0f770f46,"Malamala"
AAN,2cd9df572d2230dd,"Al Ain"
AAO,59cdc7f79214b037,"Anaco"
AAP,272edd13e8282f37,"Aji Tumenggung Pranoto"
AAQ,3ec6d1e88355cc0a,"Anapa Vityazevo"
AAR,3e93229b745cb6f5,"Aarhus"
AAS,4f753bdf3b87a80c,"Apalapsili"
AAT,38f4a114773c3cf6,"Altay Xuedu"
AAU,465956f8e481515f,"Asau"
AAV,29139f711d4deacc,"Allah Valley"
AAX,54f34b8f06a274ff,"Romeu Zema"
AAY,2be2a2aba60d5be9,"Al Ghaydah"
AAZ,5a7eb2669c7c5da5,"Quezaltenango"
ABA,37edb6860a02261a,"Abakan"
ABB,19943e63e6dff108,"Asaba"
ABC,17fb16584ad01f2b,"Albacete/Los Llanos"
ABD,2deb803e7bc51519,"Abadan"
ABE,5fa52798d9d767e0,"Lehigh Valley"
ABF,49855eab5e15130d,"Abaiang"
ABG,4e4797942a49a1be,"Abingdon Downs"
ABI,5e60683ff6c2b436,"Abilene Regional"
ABJ,17930a78c5e0ce33,"Felix-Houphouet-Boigny"
ABK,1f9d561f5046377a,"Kebri Dahar"
ABL,336e5647d68a7c75,"Ambler"
ABM,4e5cd5d4956986e5,"Northern Peninsula"
ABO,17951d14dab199aa,"Aboisso"
ABP,4f61d00e0c2ef28d,"Atkamba"
ABQ,5e575786acd69b61,"Albuquerque Sunport"
ABR,360d15f623dead6d,"Aberdeen Regional"
ABS,1dc74d73e1290a0a,"Abu Simbel"
ABT,1fb0ee63ddc18cee,"King Saud Bin Abdulaziz"
ABU,26139ab237cf81e9,"AA Bere Tallo/Haliwen"
ABV,1996c92b75806c67,"Nnamdi Azikiwe"
ABX,4c1f5fe7556c7a09,"Albury"
ABY,5d8ef3a51a948537,"Southwest Georgia"
ABZ,3e72c73288b92e75,"Aberdeen Dyce"
ACA,5b632e92d7ac3d23,"Juan N. Alvarez"
ACB,5f8fa8cb07d41423,"Antrim County"
ACC,179f179909118472,"Kotoka"
ACD,59aa797312cd93f4,"Alcides Fernandez"
ACE,15da7a2e816303de,"Cesar Manrique-Lanzarote"
ACF,2f9550044d5da1ad,"Aral Tarim"
ACH,3f9941614f8ca9d3,"St Gallen Altenrhein"
ACI,3f75b67f5a3e0100,"Alderney"
ACJ,2999dfc7a5353d69,"Anuradhapura"
ACK,5fa6ee88c619852d,"Nantucket Memorial"
ACM,57b984a5012e2a57,"Arica"
ACN,5d68139a1a14e90a,"Ciudad Acuna New"
ACP,3ee37ffae7af41f7,"Sahand"
ACR,57be61bdc2ec32a4,"Araracuara"
ACS,37ee4ffcb82e5ff3,"Achinsk"
ACT,5d6ec69b05132396,"Waco Regional"
ACV,3303e284596b59dd,"California Redwood-Humboldt"
ACX,2c5c5591f4c707bd,"Xingyi Wanfenglin"
ACY,5fa25944530e8b75,"Atlantic City"
ACZ,2dcd90f9d7250943,"Zabol"
ADA,1de3cb68d9808240,"Adana Sakirpasa"
ADB,1ce1f0b35a371baa,"Adnan Menderes"
ADC,4e6591ac8d7220ef,"Andakombe"
ADD,1f90c01d0b820a84,"Addis Ababa Bole"
ADE,2af7cfc0815e9a8d,"Aden"
ADF,1de9e449f4631bb5,"Adiyaman"
ADG,5f88d5fc323fa12f,"Lenawee County"
ADH,34c9d137c6f6b02a,"Aldan"
ADI,1a3bb437b9ddb0bb,"Arandis"
ADJ,1ddaf66934e75897,"Amman Civil/Marka"
ADK,307f9f6ee304ebac,"Adak"
ADL,4e1287c86124c481,"Adelaide"
ADM,5e65d8acfa868dbd,"Ardmore Muni"
ADO,4e2a45c9058f90b3,"Andamooka"
ADP,2996af267fef1c42,"Ampara"
ADQ,32593e29c9968975,"Kodiak"
ADR,5e93b581371e550c,"Robert F Swinnie"
ADS,5e62d0ea3e316261,"Addison"
ADT,5e66edba1f741cc8,"Ada Regional"
ADU,3deea78b14c9a7df,"Ardabil"
ADV,1cae3283e946217a,"El Daein"
ADW,5fa00f2d2d236699,"Joint Base Andrews"
ADX,3e74a9f5568defa6,"Leuchars Station"
ADY,1d31a392a965627c,"Alldays"
ADZ,5a97927fae6c0a82,"Gustavo Rojas Pinilla"
AEA,49831784a77d546b,"Abemama"
AEB,2c48f699a6db3dae,"Baise Youjiang"
AEE,1e90ff6d528b14a6,"Adareil"
AEG,286426549a92ea65,"Aek Godang"
AEH,1baeb900c2bcf30f,"Abeche"
AEK,4e638ef6d2dd7c98,"Aseki"
AEL,5f7c894497607895,"Albert Lea Muni"
AEM,32d25731591627cf,"Amgu"
AEO,16b23fb5b029f463,"Aioun el Atrouss"
AEP,51c9ec38f93ecf6a,"Jorge Newbery"
AEQ,33fe1339244ea04f,"Ar Horqin"
AER,3ed540ada807c657,"Sochi"
AES,3d8385ff067ed686,"Alesund Vigra"
AET,335feabc0d471782,"Allakaket"
AEU,2cded97258e8cdbb,"Abu Musa Island"
AEX,5d7d9a17baa7077e,"Alexandria"
AEY,3c6785b298b7720d,"Akureyri"
AFA,51b96bf575e0c10f,"Santiago Germano"
AFC,2a2f65d4a3b75190,"Angeles City Club"
AFD,1c14c569931a563b,"Port Alfred"
AFF,5f51b6e374ac1be5,"USAF Academy"
AFI,59a5e956f8d7c8ea,"Amalfi"
AFL,56e1327f95378d54,"Piloto Osvaldo Marques Dias"
AFN,5faa982e9e1d578c,"Jaffrey Silver Ranch"
AFO,5f5a05560f061ed8,"Afton Muni"
AFR,4d6d3a6fdb592c51,"Afore"
AFS,2fb7bc031ca41ba7,"Sugraly"
AFT,4b6a3546677a0041,"Afutara Aerodrome"
AFW,5e62c199e17dec09,"Perot Muni/Fort Worth Alliance"
AFY,1cf801c480279183,"Afyon"
AFZ,2ecae57cf91aa708,"Sabzevar National"
AGA,16d6a6e7e4a86ae0,"Al Massira"
AGB,3f9666d3d2cabeff,"Augsburg"
AGC,5f948c3100201e88,"Allegheny County"
AGD,270b2a96398b7d0f,"Anggi"
AGE,3e8ae6c5db32bdf2,"Wangerooge"
AGF,18f1d5b75f00ca3c,"Agen-La Garenne"
AGG,4e793f428e13265c,"Angoram"
AGH,3e9266730933546b,"Angelholm-Helsingborg"
AGI,59e224fc2c09d91b,"Wageningen"
AGJ,2d10d9e994b01958,"Aguni"
AGK,4e6ab1fe71c55fe4,"Kagua"
AGL,4d6b29d82793d828,"Wanigela"
AGO,5e727b7ac34c7f19,"Magnolia Muni/Ralph Weiser"
AGP,17e4b9a569a5f663,"Malaga-Costa del Sol"
AGR,2da212af4c0c6bfa,"Agra/Agra Air Force Station"
AGS,5e93512ac28a0c1c,"Augusta Regional At Bush"
AGT,53d2e93ec0b3e44e,"Guarani"
AGU,5c52c81b54f18e10,"Governor Jesus Teran Peredo"
AGV,59bdfd48aa68e589,"Oswaldo Guevara Mujica"
AGW,4e5ca92e8f15c092,"Agnew"
AGX,2ab16c66f495b848,"Agatti"
AGY,241c2ee069e4ef28,"Argyle Downs"
AGZ,1b2370e091f16814,"Aggeneys"
AHB,1fb489520bf94e3d,"Abha"
AHC,5f34a86aca43b3db,"Amedee Army Air"
AHD,5e65d264255dbc92,"Ardmore Downtown Executive"
AHE,415e3924e81d5a68,"Ahe"
AHF,5f648b39196871bb,"Arapahoe Muni"
AHH,370a0b44e3c4d67e,"Amery Muni"
AHI,2705e77f3baa3270,"Amahai"
AHJ,2e50fe41ad2f90de,"Hongyuan"
AHL,58d7cc42620f38e7,"Aishalton"
AHM,3307e6b6e7be5b90,"Ashland Muni/Sumner Parker"
AHN,5e94197fcbfbddbc,"Athens Ben Epps"
AHO,19f35d6dcb4cb19c,"Alghero-Fertilia"
AHS,5a9f1f2dd5858336,"Ahuas"
AHU,17e671d11a68a14d,"Cherif Al Idrissi"
AHY,24f27638b2c71efd,"Ambatolhy"
AHZ,3f8fd89375558cbd,"Altiport L'Alpe d'Huez"
AIA,5f682c1cfe6834e9,"Alliance Muni"
AIC,4a926ccc8fc44b28,"Ailinglaplap"
AID,5f84a299e7a82d7d,"Anderson Muni Darlington"
AIE,4e68f1dbf91596e0,"Aiome"
AIF,53eaab77b616659c,"Marcelo Pires Halzhausen"
AIG,1c974067b730d963,"Yalinga"
AIH,4f6095074e307be3,"Aiambak"
AII,1fa828c5503a2011,"Ali-Sabieh"
AIK,5e935dd66334338b,"Aiken Regional"
AIL,59ac5d125f2369aa,"Ailigandi"
AIM,499effee6679e5b5,"Ailuk"
AIN,3467b4548d83f9d0,"Wainwright"
AIO,5f7744065252a226,"Atlantic Muni"
AIP,2dad6f11079156d0,"Adampur"
AIR,56d0a380f742afdd,"Aripuana"
AIS,487a71c5bb0d9de0,"Arorae Island"
AIT,44445be2b9fe6290,"Aitutaki"
AIU,4440288bc37da4d8,"Enua"
AIV,5e8246c77b138054,"George Downer"
AIW,1b20b6749b968dd2,"Ai-Ais"
AIZ,5e7f93a857ecf8ed,"Lee C Fine Memorial"
AJA,19f48a7cf623ef5c,"Ajaccio-Bonaparte"
AJF,1ed5957c7d54ac35,"Al-Jawf Domestic"
AJI,3ed6f258ae3f4c87,"Agri"
AJJ,15b5cab8d9bddbe8,"Akjoujt"
AJK,2ee501de1528e132,"Arak"
AJL,2c788c61ce5e02f7,"Lengpui"
AJN,1f5bae3d35e77150,"Ouani"
AJR,3c9780d1794592ed,"Arvidsjaur"
AJS,5d30ff49ad69291d,"Punta Abreojos"
AJU,1154ddbbb367aaa2,"Aracaju/Santa Maria"
AJY,19b8417cf39a8f68,"Mano Dayak"
AKA,2e41e7aa9f283438,"Ankang Fuqiang"
AKB,317143c41af9573f,"Atka"
AKC,5f96465419777fe1,"Akron Executive"
AKD,2baf59fb58a70eb9,"Akola"
AKE,1a7bc76dc53c2826,"Akieni"
AKF,1cc196bea1ced6be,"Kufra"
AKG,4e7e4bd14bed7b71,"Anguganak"
AKH,2ce9f695e7661707,"Prince Sultan"
AKI,326c33898a0f6346,"Akiak"
AKJ,31d70d0df6124aec,"Asahikawa"
AKK,32564acfa675208c,"Akhiok"
AKL,481d327afe1736ff,"Auckland"
AKM,1bac14f7a2612910,"Zakuoma"
AKN,3259a28d5fd0df73,"King Salmon"
AKO,5f6405426fd65e8b,"Colorado Plains Regional"
AKP,3454f4e558b16272,"Anaktuvuk Pass"
AKQ,2751089b76cafbdc,"Gunung Batin"
AKR,199069a7f9481877,"Akure"
AKS,4b6b43c39ee58070,"Gwaunaru'u"
AKT,1de1644fcd0240b8,"RAF Akrotiri"
AKU,2f967e0e381140a4,"Aksu Hongqipo"
AKV,39229327dfc1ecf9,"Akulivik"
AKW,2dec41d492bf656e,"Aghajari"
AKX,3bee1fb12fbc9808,"Aktobe"
AKY,2b7d7f70b506190d,"Sittwe"
ALA,2f9bdd94b11cc7fa,"Almaty"
ALB,5faa563d20503ac3,"Albany"
ALC,17eef9acedd460de,"Alicante-Elche Hernandez"
ALD,55bbe99446f0061a,"Alerta"
ALE,5d5ba1f9edca3e03,"Alpine Casparis Muni"
ALF,3b9983bcc52b494b,"Alta"
ALG,18e8b2b83e0834a5,"Houari Boumediene"
ALH,2138ac99f74df0e0,"Albany"
ALI,5d639d91837705d8,"Alice"
ALJ,1a2d94ded86bbe1e,"Alexander Bay"
ALL,19f2d763cadf3c0d,"Villanova D'Albenga"
ALM,5e516b0460e71d87,"Alamogordo White Sands"
ALN,5f71f2ef2af57306,"St Louis Regional"
ALO,5f79af6b61391c7f,"Waterloo Regional"
ALP,1de8a9675e1e71db,"Aleppo"
ALQ,52d687357067eb2c,"Alegrete Novo"
ALR,6092739ca12ca732,"Alexandra Aerodrome"
ALS,5e5d8991a8b40a1c,"San Luis Valley/Bergman"
ALT,57e98f7cc28e2719,"Alenquer Muni"
ALU,2af50414505db228,"Caluula"
ALW,3414141d3b61ecba,"Walla Walla Regional"
ALX,5e81aeb6842164b7,"Thomas C Russell"
AMA,5e671eedd2ccf2d8,"Rick Husband Amarillo"
AMB,25f63fb629041a8d,"Ambilobe"
AMC,1bad2964c90cabd8,"Am Timan"
AMD,2cb618cd11260802,"Sardar Vallabh Bhai Patel"
AME,1e4af99e7fb63e06,"Alto Molocue"
AMF,4e7f3f2b49031bc7,"Ama"
AMH,1e9d2de1b70f9ebb,"Arba Minch"
AMI,2635134a0b9f1616,"Selaparang"
AMJ,104edad7b08f68a9,"Cirilo Queiroz"
AMK,5e5c3fac6391889e,"Animas Air Park"
AML,59996d4c04dbc446,"Puerto Armuelles"
AMM,1ddaeab8805c5506,"Queen Alia"
AMN,5f8bcc31b30c3460,"Gratiot Community"
AMO,1aaeb6f06a1596b4,"Mao"
AMP,1f334ec260dc32cd,"Ampanihy"
AMQ,2714059d061e54b2,"Pattimura"
AMS,3e8e9c31acfeeefc,"Amsterdam Schiphol"
AMT,23104ccd6480985f,"Amata"
AMU,4f7142cc08d2b860,"Amanab"
AMV,39be706021094f05,"Amderma"
AMW,5f787a78929ce1b7,"Ames Muni"
AMX,4f36d8508b48d19f,"Ammaroo"
AMY,24f985b6074717ec,"Ambatomainty"
AMZ,481c3b71387f23a7,"Ardmore"
ANA,1e77cb002726b5d3,"Angama"
ANB,5e83aaeda2041702,"Anniston Regional"
ANC,3354402710540ebd,"Ted Stevens Anchorage"
AND,5e9620fc9b7e1a9f,"Anderson Regional"
ANE,3f7af959571c7549,"Angers-Loire"
ANF,53b876a25752e71c,"Andres Sabella Galvez"
ANG,3f8e0c7bd63d31cb,"Angouleme-Brie-Champniers"
ANI,326e1dbdca0ad97c,"Aniak"
ANJ,1a7b720dfb46075c,"Zanaga"
ANK,1cfb32c766d88f63,"Etimesgut"
ANL,1b53c036a5923087,"Andulo"
ANM,25e1f7b11d51df6b,"Antsirabe"
ANN,333a2d0abedef8ad,"Annette Island"
ANO,1e4fdaddd514244a,"Angoche"
ANP,5fa105c1a089dd43,"Lee"
ANQ,5f87bda308957557,"Tri State Steuben County"
ANR,3f8189d2b6cb8dbf,"Antwerp/Deurne"
ANS,55b526618685fc31,"Andahuaylas"
ANU,5bd510c3f22907b0,"V C Bird"
ANV,336135a5a40dc48e,"Anvik"
ANW,5f6a80c8c38cde13,"Ainsworth Regional"
ANX,3b9d1de863e37050,"Andoya Andenes"
ANY,5e6cbdafcd52194d,"Anthony Muni"
ANZ,23131d839f28882c,"Angus Downs"
AOB,4e7806a30dc2d6a5,"Annanberg"
AOC,3e9f8bc57c1fffd1,"Altenburg-Nobitz"
AOD,1baa39cc9555d608,"Abou-Deia"
AOE,1cf63c6ff1d1199e,"Anadolu"
AOG,33f52ceaa023d2d0,"Anshan Teng'ao/Anshan"
AOH,5f85e95a16e3e5a9,"Lima Allen County"
AOI,19fec662e343af56,"Marche"
AOJ,31d57921436160fb,"Aomori"
AOK,1ce387742e78a915,"Karpathos"
AOL,52d65c7b0f02d809,"Paso De Los Libres"
AOM,2cd4ad3ac79ac491,"Adam"
AOO,5f94c90d727d5ee2,"Altoona Blair County"
AOP,57a7a34af945b638,"Alfredo Vladimir Sara Bauer"
AOR,2953f6834a4f7db1,"Sultan Abdul Halim"
AOT,3f9d0b4a269b4933,"Aosta"
AOU,2a4dceaec0e8e2d7,"Attopeu"
APA,5f52cd2a439aa4a3,"Centennial"
APB,55c2037e048e68ba,"Apolo"
APC,5e3f38d28f275f49,"Napa County"
APF,5c9f754b649c1645,"Naples Muni"
APG,5fa21979f38fc5c0,"Phillips Army Air"
APH,5e9ff257d4381237,"Mary Walker LZ"
API,58bc3c177ff53170,"Gomez Nino Apiay"
APK,414ff7be3b978ce7,"Apataki"
APL,1e5e1b13e3b512f0,"Nampula"
APN,380e0682dacdeff0,"Alpena County Regional"
APO,59a897316698bbd0,"Antonio Roldan Betancur"
APP,4d6e37ede7b64a32,"Asapa"
APQ,1165187b5ddd647d,"Arapiraca"
APR,4e7d1b5c648ef27f,"April River"
APS,54fd2522d059832a,"Anapolis"
APT,5e87b864ea7d4e6b,"Marion County/Brown"
APU,53e77ea904f29065,"Captain Joao Busse"
APV,5e36b4c2108804ef,"Apple Valley"
APW,4657580d068571a7,"Faleolo"
APX,53e87a96572e9ce6,"Arapongas"
APY,56f3c94bc5da1632,"Alto Parnaiba"
APZ,50aef9faecdf9c16,"Zapala"
AQA,53fd02404f617274,"Araraquara"
AQB,5a7ec978c477ff69,"Quiche"
AQG,2d3b9a031a95de84,"Anqing Tianzhushan/A North"
AQI,2de5e79884b9df01,"Al Qaisumah/Hafr Al Batin"
AQJ,1dda87f4e90c6aff,"Aqaba King Hussein"
AQM,56d102d494017726,"Ariquemes"
AQP,54bd66e284808253,"Rodriguez Ballon"
AQY,335423a8e3a377cd,"Girdwood-Alyeska"
ARA,5d7aa2d866ea55d4,"Acadiana Regional"
ARB,5f89e3a351ba01f8,"Ann Arbor Muni"
ARC,345890a438572e21,"Arctic Village"
ARD,2616a83fcea4dc43,"Alor Island/Mali"
ARE,5bc84f02824c032b,"Antonio Nery Juarbe Pol"
ARF,58b1da8c33b3d17c,"Acaricuara"
ARG,5e7ad4a028532133,"Walnut Ridge Regional"
ARH,3bbb22ecd79d30df,"Talagi"
ARI,54b795dc88c03b32,"Chacalluta"
ARK,1e7b5d63feadf39c,"Arusha"
ARL,18a4492772e754c3,"Arly"
ARM,4c2a438f1eec7ea8,"Armidale"
ARN,3d97c74579d4675b,"Stockholm-Arlanda"
ARO,59ab9afeeda5a15c,"Arboletes"
ARP,4d6a192310e21c4c,"Aragip"
ARQ,59b59f5b70daf5b0,"El Troncal"
ARR,6a0a63b3c43e272c,"Casimiro Szlapelis"
ARS,54eeaba78ea96919,"Aragarcas"
ART,5f9df48af62866aa,"Watertown"
ARU,53efb1a78e2e3a49,"Aracatuba"
ARV,380019a77dca6e69,"Lakeland-Noble Lee Memorial"
ARW,3fa5d398c3cac944,"Arad"
ARX,117116a3d20ee52a,"Aracati Dragao do Mar"
ARY,4d162eb1efee138e,"Ararat"
ARZ,1a679f4a7d2ade70,"N'zeto"
ASA,1fa787aeec97139d,"Assab"
ASB,2ecebf027fae6198,"Ashgabat"
ASC,54cee9af3eadd0bb,"Ascencion De Guarayos"
ASD,5cab23c7eb6593f3,"Andros Town"
ASE,5f527031208c0967,"Aspen-Pitkin County/Sardy"
ASF,3dd3df4cf2819927,"Astrakhan N Boris Kustodiev"
ASG,49022aeb959f2e56,"Ashburton Aerodrome"
ASH,5faaa84103fe3005,"Nashua/Boire"
ASI,1563761d0fcbfb6e,"RAF Ascension Island"
ASJ,2d15ab2c277376c8,"Amami"
ASK,169f5391c4ef927c,"Yamoussoukro"
ASL,5e704d8a362017c8,"Harrison County"
ASM,1eadfb791cbc4ee9,"Asmara"
ASN,5e83aa61809533aa,"Talladega Muni"
ASO,1e95f34592ced12d,"Asosa"
ASP,2307d50772a39af0,"Alice Springs"
ASQ,5f32f9fa478f1777,"Austin"
ASR,1df202e939f925e6,"Kayseri Erkilet"
AST,33197d8c93db4268,"Astoria Regional"
ASU,53d3830aca3f62e6,"Silvio Pettirossi"
ASV,1e7d77b635c73a98,"Amboseli"
ASW,1dc99c12fe864c15,"Aswan"
ASX,370d3f1f5037598d,"John F Kennedy Memorial"
ASY,360b3880c8535894,"Ashley Muni"
ASZ,4d69d023c4242ff1,"Asirim"
ATA,56a26c5aea3e4a7a,"German Arias Graziani"
ATB,1eb06ab1b12ebe4e,"Atbara"
ATC,5cab80c53277aa7a,"Arthur's Town"
ATD,4b6a43442ad3f65c,"Uru Harbour"
ATE,5e751433a242bf9b,"Antlers Muni"
ATF,57ac33d2956dc14c,"Chachoan Regional"
ATG,2ea4d68a90ffd4ac,"Minhas"
ATH,1beae1d725701248,"Athens E Venizelos"
ATI,52d46d4ad4ad8ba1,"Artigas"
ATJ,24f24e1e32f7113a,"Antsirabe"
ATK,34678ca636292ac6,"Atqasuk Edward Burnell"
ATL,5e83ecae92d09ed5,"Hartsfield Jackson Atlanta"
ATM,57e5ecab3e1d2638,"Altamira Interstate"
ATN,4d734976ef49d0d9,"Namatanai"
ATO,5f913f0a32e5eb74,"Ohio University"
ATP,4e7e662a395dd993,"Aitape"
ATQ,2dae8a7f5666c060,"Sri Guru Ram Dass Jee"
ATR,15b9fb04a6c39ea4,"Atar"
ATS,5e519bece2cd0808,"Artesia Muni"
ATT,326b5a00767ba858,"Atmautluak"
ATV,1ba796342d2c1eba,"Ati"
ATW,5f8d3e55c49e9ce5,"Appleton"
ATX,3ae98654e8dcb83b,"Atbasar"
ATY,5f6ff6f0a6d14e86,"Watertown Regional"
ATZ,1dd312ef29f95879,"Asyut"
AUA,5ab6ce6ebc75ce85,"Queen Beatrix"
AUC,59b6b2415562dc52,"Santiago Perez"
AUD,4e4e6bd0c4fa6fd6,"Augustus Downs"
AUE,1dd67e0a87926819,"Abu Rudeis"
AUF,3f897b62fcd2e78b,"Auxerre-Branches"
AUG,3a0c6d0ff2f030ab,"Augusta State"
AUH,2cdaf77d27fbb45d,"Abu Dhabi"
AUI,4e7cbb6dab5ef768,"Aua Island"
AUJ,4e7d21c871db9cda,"Ambunti"
AUK,326f97e473997ebd,"Alakanuk"
AUL,499b9870a47c3c09,"Aur Island"
AUM,5f7c984b703db860,"Austin Muni"
AUN,5f317528295877b9,"Auburn Muni"
AUO,5e81c12a96645295,"Auburn University Regional"
AUP,4d6a0df2b3d7e4ae,"Agaun"
AUQ,406a1f77c42dc8da,"Hiva Oa-Atuona"
AUR,18f5f750302499a5,"Aurillac"
AUS,5d6ab918a2dab834,"Austin Bergstrom"
AUT,261673a7e9f7e365,"Atauro"
AUU,4e5d627642ab4794,"Aurukun"
AUV,4d6ee403b623791a,"Aumo"
AUW,5f8f06d76447f170,"Wausau Downtown"
AUX,56f9759fcef4e4d1,"Araguaina"
AUY,494e12be7ff0cc94,"Aneityum"
AUZ,5f88329396e69241,"Aurora Muni"
AVA,2c5f3a89a7c33356,"Anshun Huangguoshu"
AVB,3f9bb18302f32186,"Aviano"
AVG,240ff5e1dfe98a22,"Auvergne"
AVI,5ca307af7b3f350c,"Maximo Gomez"
AVK,36f4a27ae72434d8,"Arvaikheer"
AVL,5e98372cf5dcadbe,"Asheville Regional"
AVN,18fbd21e82ce4d1a,"Avignon-Caumont"
AVO,5d9376a6b076d0bf,"Avon Park Executive"
AVP,5fa7119cdc860cb4,"Wilkes Barre Scranton"
AVR,16f91d23b530beb0,"Alverca"
AVU,4b6b1c2ddec6255d,"Avu Avu"
AVV,4d1301e0b5db737a,"Avalon"
AVW,5e40889e60b5e040,"Marana Regional"
AVX,5e3373f11c69fd20,"Catalina"
AWA,1e9f6934a400b7bc,"Hawassa"
AWB,4e6c68f54621866d,"Awaba"
AWD,494e4dbf8677cb1a,"Aniwa"
AWE,197deb43a7228bf1,"Alowe"
AWK,4ab7b864bd3edd3a,"Wake Island"
AWM,5e77fb654ae41c8d,"West Memphis Muni"
AWN,4e29feb016ceb060,"Alton Downs"
AWP,4f4201f8ad7ae228,"Austral Downs"
AWZ,2ded6a1ea87d7c29,"Qasem Soleimani"
AXA,5bc8d3f69341c7a0,"Clayton J Lloyd"
AXB,5f9ef0a48a7bc836,"Maxson"
AXC,4d3f91caba2dc676,"Aramac"
AXD,1bfc51f85dc0f107,"Alexandroupoli Democritus"
AXE,52ee29ba6d9e4446,"Xanxere"
AXF,2f509df6600e1c37,"Alxa Left Banner Bayanhot"
AXG,5f7b6310efbc0c30,"Algona Muni"
AXJ,2e10db5f4cec3763,"Amakusa"
AXK,2afd73e1fb252c99,"Ataq"
AXL,4f455636df93620a,"Alexandria Homestead"
AXM,58adcf660077e6d2,"El Eden"
AXN,3704211b28fa57b3,"Chandler"
AXO,2616b335dfaf2f84,"Pantar Kabir"
AXP,5ca4eb35e34f889c,"Spring Point"
AXR,415f0dbb0f721e16,"Arutua"
AXS,5e6679c3cd9d26b4,"Altus Quartz Mountain Regional"
AXT,31d4987b77c6cc3e,"Akita"
AXU,1eadbff767eb125f,"Axum"
AXV,5f85d1b66bbc06cf,"Neil Armstrong"
AXX,5e5b9072f38b27d4,"Angel Fire"
AYA,59a9dfe59beedaa9,"Ayapel"
AYC,59ba2e74d3bff50d,"Ayacucho"
AYD,4f46498ad6e5b5c7,"Alroy Downs"
AYG,58b42d1844c985c8,"Yaguara"
AYI,57be7c2c244dbf5e,"Yari"
AYK,3aeda6cd7dd73b4b,"Arkalyk North"
AYL,4f488a5887d0fb98,"Anthony Lagoon"
AYN,2e4a3496863489f2,"Anyang"
AYO,52dd830216ffc07b,"Juan De Ayolas"
AYP,55a7f1f0f6dc3076,"Alfredo Mendivil Duarte"
AYQ,2313467338598222,"Ayers Rock Connellan"
AYR,4d4c32a3685c935c,"Ayr"
AYS,5d9d47813de042a3,"Waycross Ware County"
AYT,1ceac43d7fd8945e,"Antalya"
AYU,4e64cd2d621f7be7,"Aiyura"
AYW,270c55dc0241e9bf,"Ayawasi"
AYX,55be18b4acd13ba1,"Teniente G Perez Pinedo"
AZA,5e428f00f4ada2f8,"Phoenix-Mesa Gateway"
AZB,4d5afdd88cae3991,"Amazon Bay"
AZD,2ddf93e544465a5a,"Shahid Sadooghi"
AZG,5b5abd4b28253ffb,"Apatzingan/Pablo L. Sidar"
AZI,2cdaf7e1ab9d1108,"Al Bateen Executive"
AZJ,2e3031f72ec4ad60,"Zhenjiang Dalu"
AZL,55d6b10dd035eb18,"Fazenda Tucunare"
AZN,2fa59ad764f88f66,"Andizhan"
AZO,5f89a36ac4fed358,"Kalamazoo Battle Creek"
AZP,5b6c44781f6642e5,"Jorge Jimenez Cantu"
AZR,17df471a6c775645,"Touat Mohamed Belkebir"
AZS,5bbbb631953b1e38,"Samana El Catey"
AZT,59b535b844bbca79,"Zapatoca"
AZZ,1a687b6264cb8e2b,"Ambriz"
BAA,4d67f54db0132a07,"Bialla"
BAB,5f316c9a26ceeeb1,"Beale Air Force Base"
BAC,58be45deb278a599,"Barranca De Upia"
BAD,5e706c3da64e402d,"Barksdale Air Force Base"
BAE,18feef300022eb9c,"Barcelonnette/Saint-Pons"
BAF,5fa970fcd03f2218,"Westfield-Barnes Regional"
BAG,2b227b78e00042d6,"Loakan"
BAH,2cef7a1d5cfa82aa,"Bahrain"
BAI,599c4ac422b2bfbe,"Buenos Aires"
BAJ,4d7c08b91f90d782,"Bali"
BAL,3edbed2712bc3666,"Batman"
BAM,5f4515b71fcfb9c2,"Battle Mountain"
BAN,1b7e2f7774bc9ad5,"Basongo"
BAQ,5aa1efaac6b23160,"Ernesto Cortissoz"
BAR,2b4b403020f90a85,"Qionghai Bo'ao"
BAS,4c69a619c1ef3478,"Ballalae"
BAT,54f00b2bc264ca11,"Chafei Amsei"
BAU,53ebd9d34023762d,"Bauru"
BAV,2f5503df6f5f3989,"Baotou Donghe"
BAX,38ecb3c5ca14f796,"Barnaul"
BAY,3fb003beac9c2a73,"Maramures"
BAZ,57dc2e6b5ea96ec2,"Barcelos"
BBA,6a078b0460984adb,"Balmaceda"
BBB,370306ede3cf82ee,"Benson Muni"
BBC,5d67f3ccb277f33d,"Bay City Regional"
BBD,5d6d64d1c7f540d9,"Curtis"
BBG,498699aeee1fac91,"Butaritari"
BBH,3e97765729fc9dd3,"Barth"
BBI,2b8ec464533c0498,"Biju Patnaik"
BBJ,3f84d25ee6e566eb,"Bitburg"
BBK,1c4985e06486d2cd,"Kasane"
BBL,4e23d810e4620842,"Ballera"
BBM,2a587ca1754e7622,"Battambang"
BBN,283b2b46a9dc1f1e,"Bario"
BBO,1fad0c6abb5df7ae,"Berbera"
BBP,3f73d2c55a5ce81f,"Bembridge"
BBQ,5bd61872e65b0628,"Codrington"
BBR,5bd12a61a06dc4e6,"Basse-Terre Baillif"
BBS,3f71e952272e9681,"Blackbushe"
BBT,1b81d13dc1f24ae3,"Berberati"
BBU,3fb485f1df5aeff5,"Baneasa"
BBV,168ae38fe9306504,"Nero-Mer"
BBW,5f679538451d790c,"Broken Bow Muni"
BBX,5fa4334bb6fffb6b,"Wings"
BBY,1b9f28521a905b74,"Bambari"
BBZ,1c5551e7604f7591,"Zambezi"
BCA,5baed95ffa0030c9,"Gustavo Rizo"
BCB,5e9c8f1f561a691c,"Virginia Tech Montgomery Exec"
BCC,3355fe3bf353ade0,"Bear Creek 3"
BCD,2a11fa10653d38ea,"Bacolod-Silay"
BCE,5e4e93ef152f9d75,"Bryce Canyon"
BCF,1b9846608bdf8148,"Bouca"
BCG,59d7ce88466e1683,"Bemichi"
BCH,261557b6d58c4cf6,"Cakung"
BCI,4d3e880d960543d3,"Barcaldine"
BCK,4e45a23fb9eae761,"Bolwarra"
BCL,5a9139daedd67482,"Barra del Colorado"
BCM,3ebf87952d47eca4,"Bacau"
BCN,18f47f02313b6d12,"Josep Tarradellas Barcelona"
BCO,1e9b241ae560bfc2,"Baco"
BCP,4e63d6a90ed938b9,"Bambu"
BCQ,1ad739952d5c87ec,"Brak"
BCR,56c4560100fde3e6,"Novo Campo"
BCT,5c9fbfee5c714eb8,"Boca Raton"
BCU,19ae02b18dd4a5c6,"Sir Abubakar Tafawa Balewa"
BCV,5b8536b916d93393,"Hector Silva"
BCW,1e31d8012c4873e8,"Benguera Island"
BCX,3bd8b21d9033fcb9,"Beloretsk"
BCZ,4f595b296ecbd06a,"Milyakburra"
BDA,5ec0168f45f017a4,"L.F. Wade International"
BDB,4c3c453a03cebcd1,"Bundaberg"
BDC,56feece2f4d74cd0,"Barra do Corda"
BDD,4e6d044ce586466c,"Badu Island"
BDE,3706858c7c667416,"Baudette"
BDF,5f860deba04104ac,"Rinkenberger Restricted"
BDG,5e5d0f00981a6b9c,"Blanding Muni"
BDH,2dd0d66dc34e7181,"Bandar Lengeh"
BDI,27e4751146f767ea,"Bird Island"
BDJ,27354344f5e59f3e,"Syamsudin Noor"
BDK,1797951c479d89b9,"Soko"
BDL,5fa88838036ab02e,"Bradley"
BDM,1cf04eaea8c55679,"Bandirma"
BDN,2cbbba50f663df19,"Talhar"
BDO,264a96b4aa7f0007,"Husein Sastranegara"
BDP,2d805869e671be4c,"Bhadrapur"
BDQ,2cb40656e46728d5,"Vadodara"
BDR,5fa67ba2b2e6b228,"Igor I Sikorsky Memorial"
BDS,1afa567fc54070ac,"Brindisi"
BDT,1c80d95f52c9b2d3,"Gbadolite"
BDU,3b9d4bb515f6b535,"Bardufoss"
BDV,1d6991dc1de0ab9f,"Moba"
BDW,241a68c9e886b500,"Bedford Downs"
BDX,350e503fb332bd87,"Broadus"
BDY,3315209f67141117,"Bandon State"
BDZ,4e62c215e8e67fc7,"Baindoung"
BEB,3e703f78882e7926,"Benbecula"
BEC,5e6ed3f77b109631,"Beech Factory"
BED,5fa9acf7711b505b,"Laurence G Hanscom"
BEE,242b25992e3c34a4,"Beagle Bay"
BEF,5a95353e50724379,"Bluefields"
BEG,3fa8cdb3714eaff1,"Belgrade Nikola Tesla"
BEH,5f888f6a3ab00a25,"Southwest Michigan Regional"
BEI,1e95d35b4736fb92,"Beica"
BEJ,2826cca39bd67266,"Kalimarau"
BEK,2d95db3601a012cc,"Bareilly Station"
BEL,57fb7afc833b22f2,"Val de Cans/Julio C Ribeiro"
BEM,16ef02879635e384,"Beni Mellal"
BEN,1bd5f3ba85d03f3a,"Benina"
BEO,4c18d3b038603f09,"Lake Macquarie"
BEP,2aaf70adb9212e8c,"Bellary"
BEQ,3e8f107bfc84dcbc,"RAF Honington"
BER,3e9b9fe0ae924c36,"Berlin Brandenburg"
BES,3f7862b96bc50ff4,"Brest Bretagne"
BET,326b495a0f8906e8,"Bethel"
BEU,4e3b55c1a4707974,"Bedourie"
BEV,1dd8d486c501c07e,"Beersheba/Teyman"
BEW,1e41380be0bbaa32,"Beira"
BEX,3f70ddd77d577bbc,"RAF Benson"
BEY,1de7474c95d94ff8,"Beirut Rafic Hariri"
BEZ,487cb9baf08b10c6,"Beru"
BFA,54d19caa112ecfee,"de Bahia Negra"
BFC,4e43e1c8b6472a58,"Bloomfield River"
BFD,5f98a3a68292582f,"Bradford Regional"
BFE,3e9e0ca135bd3598,"Bielefeld"
BFF,5f680631804355c7,"Western Neb. Rgnl/William Heilig"
BFG,5e4ddd1ac1d63380,"Bullfrog Basin"
BFH,53e2ace37ee17788,"Bacacheri"
BFI,331e8752052f5d1d,"Boeing King County"
BFJ,2d52570e40000e7f,"Bijie Feixiong"
BFK,5f53c27c0970bcb8,"Buckley Space Force Base"
BFL,5e38873b408b4767,"Meadows"
BFM,5d8b5c422ebd4368,"Mobile Downtown"
BFN,1c268363f72270d5,"Bram Fischer"
BFO,1d38f971beee5f0c,"Buffalo Range"
BFP,5f956cf224dbe566,"Beaver County"
BFQ,59a74bce2356e560,"Bahia Pina"
BFR,5f8181c0410e6c7f,"Virgil I Grissom Muni"
BFS,3e78489fca8f9e04,"Belfast"
BFT,5e9089e0a1e0eed7,"Beaufort Executive"
BFU,2e31ab180cc878f5,"Bengbu"
BFV,2a5f74f109a6a19b,"Buri Ram"
BFW,17ee77c7e115c111,"Sidi Bel Abbes"
BFX,1a90165394b76186,"Bafoussam"
BGA,59b634fe7c770876,"Palonegro"
BGB,1a75f7a6a800939e,"Booue"
BGC,17f083547e5aafb6,"Braganca"
BGD,5e6922ea4b97fa9e,"Hutchinson County"
BGE,5d8ceb828442b6d2,"Decatur County Industrial"
BGF,1b89d5c490f18c03,"Bangui M'Poko"
BGG,3edbb5f077639654,"Bingol Celtiksuyu"
BGH,15b5367dfe0ae56c,"Abbaye"
BGI,5ad89b80aeab2326,"Grantley Adams"
BGJ,3c69d4f1c04b1bc6,"Borgarfjorour"
BGK,5b8342d722f29098,"Big Creek"
BGL,2d951291f9d4e8b3,"Baglung"
BGM,5fa9029a4ba2d352,"Greater Binghamton/Edwin Link"
BGN,34a85a0a0dba76c5,"Belaya Gora"
BGO,3d898c393c236749,"Bergen Flesland"
BGQ,335540684e5fccef,"Big Lake"
BGR,3a0e78da61ff9bbf,"Bangor"
BGT,5e46543ec0939eab,"Bagdad"
BGU,1c85edf9ffe6beec,"Bangassou"
BGV,52e82479c14316d4,"Aeroclube Bento Goncalves"
BGW,1ee92cdd18e15890,"Baghdad/New Al Muthana"
BGX,52d2a2bcfe63de81,"Comandante Gustavo Kraemer"
BGY,3f9d516a48b21443,"Milan Bergamo"
BGZ,16fc70be3b657746,"Braga Muni"
BHA,579ee127d86c688d,"Los Perales"
BHB,3a0f7c7ed702188a,"Hancock County-Bar Harbor"
BHC,2ea4aad7ac277e62,"Bhurban"
BHD,3e785b3aaf939c60,"George Best Belfast City"
BHE,480e887461762fbf,"Woodbourne"
BHF,59a4787353e00fc0,"Bahia Cupica"
BHG,5b900d9e2d80c65e,"Brus Laguna"
BHH,1fb3d479f2a81d1a,"Bisha"
BHI,50cf2318a7e8f235,"Comandante Espora"
BHJ,2cb792d936d6759f,"Bhuj"
BHK,2fb3c51a80a89f4a,"Bukhara"
BHL,5d470490a6230d7d,"Bahia de los Angeles"
BHM,5e83898ce4fe74d1,"Birmingham-Shuttlesworth"
BHN,2afdae4507794e73,"Beihan"
BHO,2ca74279c6c6b5dd,"Raja Bhoj"
BHP,2d828247ce67b4f9,"Bhojpur"
BHQ,4d2f0c8d82edae7a,"Broken Hill"
BHR,2d83fa9453b647c3,"Bharatpur"
BHS,4c1cc8c1c9dfc3bc,"Bathurst"
BHT,4e378699ea5cbb42,"Brighton Downs"
BHU,2cb23b72c25c62fe,"Bhavnagar"
BHV,2db81494379e0b52,"Bahawalpur"
BHW,2dafd91c2cc19a41,"Bhagatanwala"
BHX,3e7ecb9ae1f60e60,"Birmingham"
BHY,2c4281520aaf802f,"Beihai Fucheng"
BIA,19f690fa81b86a31,"Bastia-Poretta"
BIB,1f8c9bb7a3f600ae,"Baidoa"
BIC,3f7a9f14f6aa41e5,"Aerodrome de Belle Ile"
BID,5fa6bb3409067eb0,"Block Island State"
BIE,5f64fab074d4cce8,"Beatrice Muni"
BIG,335e300eef09ab9f,"Allen Army"
BIH,5e3db679da489183,"Eastern Sierra Regional"
BII,4aac33ead19fb726,"Enyu"
BIK,4f7dc749460686d2,"Frans Kaisiepo"
BIL,35077bfb4cbfdc05,"Billings Logan"
BIM,5c9ee162bbacd77a,"South Bimini"
BIN,2eb68d3dd93c9bc0,"Bamyan"
BIO,17f9b4b94ed173cc,"Bilbao"
BIP,4e47b2c41dd082a6,"Bulimba"
BIQ,17fcc71a79406ffa,"Biarritz-Anglet-Bayonne"
BIR,2d8074b9e2962ef2,"Biratnagar"
BIS,36085ccd310cfe2a,"Bismarck Muni"
BIT,2d9899e5b5fff1bd,"Baitadi"
BIU,3c642d031ed3420b,"Bildudalur"
BIV,1c93457815ad018d,"Bria"
BIW,24137bbc15b97682,"Billiluna"
BIX,5d8b22ebffc69e3d,"Keesler Air Force Base"
BIY,1c15ec2c5af15133,"Bisho"
BJA,18ecbdbaedb61314,"Soummam-Abane Ramdane"
BJB,2ecddbc64c97c774,"Bojnord"
BJC,5f53babd0630b877,"Rocky Mountain Metropolitan"
BJD,3c67d8132ca2d323,"Bakkafjorour"
BJE,1da42de0e73252f6,"Baleela"
BJF,3b94d8fb529bc8ad,"Batsfjord"
BJG,271cffb23526bf1b,"Boalang"
BJH,2d988c2acc75d8de,"Bajhang"
BJI,370557b1cf11c185,"Bemidji Regional"
BJJ,5f963051e7a39b79,"Wayne County"
BJK,260c2f5f46920f15,"Nangasuri"
BJL,14ad9872e3dc672f,"Banjul"
BJM,1d78579e22fdaf13,"Bujumbura Melchior Ndadaye"
BJO,53ca8564b8695472,"Bermejo"
BJP,53f92bcb19a76bfb,"Estadual Arthur Siqueira"
BJQ,2bddf21ba9398103,"Bahja"
BJR,1eab48390085f2bd,"Bahir Dar"
BJU,2d986bd0dc47a751,"Bajura"
BJV,1ce3d110b12f0f02,"Milas Bodrum"
BJW,26243ca6db0abd5c,"Bajawa Soa"
BJX,5c50e753681f9d0e,"Del Bajio"
BJY,3fa8c98f4122da7a,"Batajnica"
BJZ,16ff13380d46679c,"Badajoz"
BKB,2da4eb3c7819d398,"Nal"
BKC,33698e01fa55ddd6,"Buckland"
BKD,5e618661a2637bbb,"Stephens County"
BKE,3403ee1a553b8047,"Baker City Muni"
BKG,5e7b74d9bcdc74e4,"Branson"
BKH,44c53f75c9cf2c99,"Barking Sands"
BKI,293209e6d563a24a,"Kota Kinabalu"
BKJ,15a422366b6e0a64,"Boke Baralande"
BKK,2a5af83b01b181e4,"Suvarnabhumi"
BKL,5f9738a998cda30e,"Burke Lakefront"
BKM,283c17e6b3244a7e,"Bakalalan"
BKN,3df119dedd0352c5,"Balkanabat"
BKO,16a7780d86abd8dc,"Modibo Keita"
BKP,4f4008f0d58f2297,"Barkly Downs"
BKQ,4d3d598fb358374e,"Blackall"
BKR,1ba36e9b42738846,"Bokoro"
BKS,27539e617f57de36,"Fatmawati Soekarno"
BKT,5e9cea385f2814be,"Allen C Perkinson Blackstone"
BKU,1f34708bd6b19568,"Betioky"
BKW,5e9e6723130810b4,"Raleigh County Memorial"
BKX,5f7e009029bb724b,"Brookings Regional"
BKY,1d7782c9167956af,"Bukavu Kavumu"
BKZ,1d7fb6db18fda2e5,"Bukoba"
BLA,59cfc932295eebeb,"Jose Antonio Anzoategui"
BLB,59ab0d4e97ba1e78,"Panama Pacifico"
BLC,199f257f7ff832c0,"Bali"
BLD,5e492c3cf1418349,"Boulder City Muni"
BLE,3d9688085ccf3180,"Dala"
BLF,5e9d6318019b5268,"Mercer County"
BLG,28387511fd7ac9cd,"Belaga"
BLH,5e430cd270130686,"Blythe"
BLI,331fb91d5995daeb,"Bellingham"
BLJ,19e0924ec3395240,"Batna Mostefa Ben Boulaid"
BLK,3e7ba45c2c71b15d,"Blackpool"
BLL,3e9501418b6111d4,"Billund"
BLM,5fa455e9ecd50d49,"Monmouth Executive"
BLN,4d1147ae963d3b5f,"Benalla"
BLO,3c6656f980a03ce2,"Hjaltabakki"
BLP,56a99eb5101e984e,"Huallaga"
BLQ,19f9e5875ce42bac,"Bologna Guglielmo Marconi"
BLR,2aa95181a30f1c85,"Kempegowda"
BLS,4d26b05116bb4ab1,"Bollon"
BLT,4d3670e0dbb30462,"Blackwater"
BLU,5f328231ea994654,"Blue Canyon Nyack"
BLV,5f8005658aae5e92,"Scott AFB/Midamerica"
BLW,28feff0178a2732b,"Beledweyne"
BLX,3f9aafb0185cc42e,"Belluno"
BLY,3e68da7cc3228440,"Belmullet Aerodrome"
BLZ,1e43ff622f30d4dc,"Chileka"
BMA,3d98c39808ec539b,"Stockholm-Bromma"
BMB,1c8562da94673b52,"Bumbar"
BMC,5f47c9fe72ae9056,"Brigham City Regional"
BMD,1f473a6413546ba1,"Belo sur Tsiribihina"
BME,2428481dbb5381b9,"Broome"
BMF,1c951cdf72463c77,"Bakouma"
BMG,5f818d40eb761d96,"Monroe County"
BMH,4e68c200a72e450b,"Bomai"
BMI,5f85209ccec00548,"Central Illinois Bloomington"
BMJ,59d7817114bd7228,"Baramita"
BMK,3e8bc298abf18b3d,"Borkum"
BML,3a095b8ec43e9f1a,"Berlin Regional"
BMM,1a84608b357fb386,"Bitam"
BMN,3ee9363329f53ee7,"Bamarni"
BMO,2c69bf2d8b23217f,"Banmaw"
BMP,4d4608134faf2e53,"Brampton Island"
BMQ,1f73368d2c9d4a98,"Bamburi"
BMR,3e8adaced2e318b7,"Baltrum"
BMS,105a3fb84ae97f5f,"Socrates M Bittencourt"
BMT,5d7a437f67ca17e0,"Beaumont Muni"
BMU,2625a40dfdd28ba9,"Sultan Muhammad Salahuddin"
BMV,2a479701dde780be,"Buon Ma Thuot"
BMW,18c21b9a9cf3b226,"Bordj Badji Mokhtar"
BMX,325b9c3c3e8a76f3,"Big Mountain"
BMY,4a4f3f4975940565,"Ile Art/Waala"
BMZ,4e6b757311241abf,"Bamu"
BNA,5e8a8470e81341b1,"Nashville"
BNB,1c70f8179468d8b2,"Boende"
BNC,1d8910cfdff000cc,"Beni"
BND,2dd2954a2d3b757d,"Bandar Abbas"
BNE,4c28dc28e42923a4,"Brisbane"
BNG,5e34c80e349b38ac,"Banning Muni"
BNI,199138ce9f2d2a47,"Benin"
BNK,4c269b2764c753f0,"Ballina Byron Gateway"
BNL,5e926cbe6844f74c,"Barnwell Regional"
BNM,4d6f398c884cd6f7,"Bodinumu"
BNN,3c89fef2fd668a57,"Bronnoysund Bronnoy"
BNO,3400c5e29e8fd799,"Burns Muni"
BNP,2eb220bd9917463b,"Bannu"
BNR,17a11555bbac5c46,"Banfora"
BNS,59bacf90821bd040,"Barinas"
BNT,4e66eb0a295ebda0,"Bundi"
BNU,52ee9beaa8b8cd64,"Blumenau"
BNW,5f786cfb31b9ef7f,"Boone Muni"
BNX,3faa6b3e9efd25da,"Banja Luka"
BNY,4b5dc5c00a971b89,"Bellona/Anua"
BOA,1a68dba48fd92014,"Boma"
BOB,424ddc1828b4d50b,"Bora Bora"
BOC,599d8310688fc08d,"Bocas del Toro"
BOD,17fef623eeedc6f6,"Bordeaux-Merignac"
BOE,1b70c0c22e2541cc,"Boundji"
BOG,58be1b4d87e5dad5,"El Dorado"
BOH,3f72cd4ce357b8e2,"Bournemouth"
BOI,34059dfb5613bf6b,"Boise Air Terminal/Gowen"
BOJ,3fb6d9c867ce7f06,"Burgas"
BOK,331401a27c7c1412,"Brookings"
BOM,2bba2d68d76ace11,"Chhatrapati Shivaji"
BON,5ac51c8cb1884a5b,"Flamingo"
BOO,3c9412753df685c6,"Bodo"
BOP,1b9028a8a34ded42,"Bouar"
BOS,5fa9b8a7aaa88d9b,"Logan"
BOT,4f609c538eb37469,"Bosset"
BOU,3f8b5a18e8322f6d,"Bourges"
BOV,4d71536f3ca577bd,"Boang"
BOW,5d9466e135977da1,"Bartow Executive"
BOX,4f48e32affc1763f,"Borroloola"
BOY,17a229c5fb7a3c3a,"Bobo Dioulasso"
BOZ,1b9239d0ebbe25c7,"Bozoum"
BPA,2a14961448a9a674,"Borongan"
BPC,199f2ae4b50f93bb,"Bamenda"
BPD,4e617ac54db2d714,"Bapi"
BPE,2f33c126215f4f9c,"Qinhuangdao Beidaihe"
BPF,4c625b3896f732e3,"Batuna Aerodrome"
BPG,54eead5525911f59,"Barra do Garcas"
BPH,29195ad2c37a5251,"Bislig"
BPI,5f5a200b8d41be33,"Miley Memorial"
BPK,4e6fe9a0ff1f5aaf,"Biangabip"
BPL,2f9f1535d73604dc,"Bole Alashankou"
BPM,2ba52f85bf1b2bb5,"Begumpet"
BPN,272ce0252662a5c8,"Aji M Sulaiman Sepinggan"
BPS,1142d71c7e5ae388,"Porto Seguro"
BPT,5d794efbb9b3fc1b,"Jack Brooks Regional"
BPX,2d6bc9a0d26ddbbf,"Qamdo Bangda"
BPY,1f49c826ac9acaa6,"Besalampy"
BQA,2b204ce4a72c63b6,"Dr Juan C Angara"
BQB,213cf04f187e2e8b,"Busselton Margaret River"
BQD,3c6733893338b956,"Buoardalur"
BQE,14af383ab971de46,"Bubaque"
BQG,32ca67a174fb751b,"Bogorodskoye"
BQH,3f81091104b0e4b5,"London Biggin Hill"
BQI,1b4f8700c5549a4b,"Bagani"
BQJ,34bf143d7ac1de69,"Batagay"
BQK,5d9d77081b17bda8,"Brunswick Golden Isles"
BQL,4e3b98e1cf931ccf,"Boulia"
BQN,5bc921c34c043916,"Rafael Hernandez"
BQO,1796c9f2e19557fa,"Bouna"
BQQ,1056d76beddef74d,"Barra"
BQS,33d9baf77d7a48df,"Ignatyevo"
BQT,3ea6d132a3338e80,"Brest"
BQU,5ad846dc6c4163d7,"J F Mitchell"
BQW,24127054a572d1af,"Balgo Hill"
BRA,55fad52cecd986df,"Dom Ricardo Weberberger"
BRB,1075725493e91a65,"Barreirinhas National"
BRC,50a9c5255cf8562b,"San Carlos De Bariloche"
BRD,37063f0ae7f3ec51,"Brainerd Lakes Regional"
BRE,3e9c00b01cd24fba,"Bremen"
BRG,2818743f07b273ef,"Siau/Sitaro"
BRI,1af766ad2aef43d8,"Bari Karol Wojtyla"
BRK,4d275ed267e32eb5,"Bourke"
BRL,5f75dc49c07be31a,"Southeast Iowa Regional"
BRM,59bfe5dc8cacaaeb,"Barquisimeto"
BRN,3f9b003925b74e38,"Bern-Belp"
BRO,5c6eaae9d0a6a897,"Brownsville South Padre Island"
BRP,4e62850a017f8843,"Biaru"
BRQ,3fa12d28415a28d4,"Brno-Turany"
BRR,3e723229d31aa19b,"Barra"
BRS,3f71a49fec603569,"Bristol"
BRT,250bc593ad31ce53,"Bathurst Island"
BRU,3f8284f56d12ba22,"Brussels"
BRW,346a84fe25f6138a,"Wiley Post Will Rogers"
BRX,5bb875a9a54dd0d4,"Maria Montez"
BRY,5e8eb834f79c6f13,"Samuels"
BSA,2af3422ab2e4cb51,"Bosaso/Bender Qassim"
BSB,54fe4cbfe2f07f91,"Juscelino Kubitschek"
BSC,59a3764e6172c7ac,"Jose Celestino Mutis"
BSD,2c6c53db752e68f3,"Baoshan Yunrui"
BSE,28452bd004fe0fcc,"Sematan"
BSF,43b9c7d15efce47f,"Bradshaw Army"
BSG,198e5df0a225eed0,"Bata"
BSI,2a2c2cfa4ec7ebe5,"Balesin Island"
BSJ,4c1c1c4ecf376886,"Bairnsdale"
BSK,18ee6ed522f0c2e4,"Biskra/Mohamed Khider"
BSL,3f990709ea1687d2,"Basel-Mulhouse-Freiburg"
BSM,2edb89e9bb14f4c2,"Bishe Kola"
BSN,1b954e5046e22d5e,"Bossangoa"
BSO,2b2e6e1088e9ea38,"Basco"
BSP,4e6f4f42edcc82eb,"Bensbach"
BSQ,5d4dbc5152fdfd0f,"Bisbee Muni"
BSR,2deb982ccbf3f953,"Basra"
BSS,56f8c782e6e22bab,"Balsas"
BST,2dce24d8a3babbbd,"Bost"
BSU,1b8d34d5881732f5,"Basankusu"
BSV,24ff66c79a090f1a,"Besakoa"
BSW,3345d6fb8dd66315,"Boswell Bay"
BSX,2b74108bd572303a,"Pathein"
BSY,1f897c41fc6551ee,"Baardheere"
BTA,1a8aed4128eec5fe,"Bertoua"
BTB,1b89969674a332de,"Betou"
BTC,299891fc6faf4a9c,"Batticaloa"
BTD,4f47657ef1d6ed45,"Brunette Downs"
BTF,5f45cfbdcc66286e,"Skypark"
BTG,1b9866e84baba27b,"Batangafo"
BTH,285338d498ea1d4c,"Hang Nadim"
BTI,345eb344346b6908,"Barter Island Station"
BTJ,2961e4fea81430bc,"Sultan Iskandar Muda"
BTK,36eb29a40432cd05,"Bratsk"
BTL,5f89b615d75ffbfe,"Battle Creek at Kellogg"
BTM,340fba5d3d40fc4a,"Bert Mooney"
BTN,5e96a691b5002d11,"Marlboro County/H E Avent"
BTO,58ed63694ce00617,"Botopasi"
BTP,5f957cf5d55c3c27,"Pittsburgh/Butler Regional"
BTQ,1d797bd2bb1d742d,"Butare"
BTR,5d7bc8d1d9825ba5,"Baton Rouge Metropolitan"
BTS,3fa33bdfb9d1e8ec,"M. R. Stefanik"
BTT,3451d3ff8c5bf256,"Bettles"
BTU,28399c5c09d64ebd,"Bintulu"
BTV,3a0538ff658f319c,"Burlington"
BTW,273504ccc695f6a9,"Batu Licin"
BTX,4e3715fc0de15ca8,"Betoota"
BTY,5e3ce19f2400682f,"Beatty"
BTZ,2952d224b0c48608,"Betong"
BUA,4c6df1082643586d,"Buka"
BUB,5f68a276862bde37,"Cram"
BUC,4e4f9f2565ebea6f,"Burketown"
BUD,3fa48086a2d29e36,"Budapest Liszt Ferenc"
BUF,5f9a9dff92774a5f,"Buffalo Niagara"
BUG,1a588fb6cd704da9,"Benguela 17th of September"
BUI,4f7744781a7798ae,"Bokondini"
BUJ,18ea8d3a8f70138a,"Bou Saada"
BUK,1fb957a140933c4d,"Al-Bough"
BUL,4e629b6c9e795671,"Bulolo"
BUM,5e7f5b338e7c35e2,"Butler Memorial"
BUN,58ab8faa9c7243ec,"Gerardo Tobar Lopez"
BUO,29fddc04705cc0ac,"Burao"
BUP,2daa9c2ad61568d4,"Bhatinda Station"
BUQ,1d4128677560653f,"Joshua Mqabuko Nkomo"
BUR,5e3584b6d76a4f61,"Bob Hope"
BUS,3ed5a812f8e150ec,"Batumi"
BUT,2d73d5e174a84808,"Bathpalathang"
BUU,275c97f54d453b07,"Muara Bungo"
BUV,52d55009ca7e2525,"Bella Union"
BUW,261eecfee4c74217,"Betoambari"
BUX,1d8b41e498f1426f,"Bunia"
BUY,213cee50e68eac5a,"Bunbury"
BUZ,2de7423836201d4a,"Bushehr"
BVA,3f86405cb70d0341,"Paris Beauvais Tille"
BVB,58d88e8d18390f45,"Atlas Brasil Cantanhede"
BVC,13bc15f4ff650ea1,"Rabil"
BVE,18f3f5a480b56113,"Brive-Souillac"
BVG,3b94c2fd625cd1df,"Berlevag"
BVH,55d887190c625fdc,"Brigadeiro Camarao"
BVI,4e3a1358e731ad9a,"Birdsville"
BVJ,39b69a0517ae83a4,"Bovanenkovo"
BVK,55c5dddbe545c3a8,"Huacaraje"
BVL,55c5ec41f8d8d43e,"Baures"
BVM,1142eaccc0c8e094,"Belmonte"
BVO,5e7b0dcf7c03353d,"Bartlesville Muni"
BVR,13a6eb2a5b38efb7,"Esperadinha"
BVS,57fa3d3db0865a38,"Breves"
BVU,3353538b693ead9d,"Beluga"
BVV,31c346d3e09e4c98,"Burevestnik"
BVW,4e5b819f5e3d88a1,"Batavia Downs"
BVX,5e79b3cb42432167,"Batesville Regional"
BVY,5faab0bb53f980ef,"Beverly Regional"
BVZ,241cb363dd6c00d6,"Beverley Springs"
BWA,2d93227818b0a95c,"Gautam Buddha"
BWB,233f7e58e3488a6f,"Barrow Island"
BWC,5e32e17b72561631,"Brawley Muni"
BWD,5d6e8e0901fa137a,"Brownwood Regional"
BWE,3e9d435cb42d7625,"Braunschweig-Wolfsburg"
BWF,3e7a95edd7ba106c,"Barrow Walney Island"
BWG,5e8c9602d89ada90,"Bowling Green Warren County"
BWH,2951f270fe3cbcb0,"RMAF Butterworth"
BWI,5fa10e722e1c3a53,"Baltimore/Washington"
BWJ,4e62b4fb68f59078,"Bawan"
BWK,1af5bfa0bef4dd01,"Brac"
BWL,5e6bdf75e2869a84,"Earl Henry"
BWM,3603509e158f5c4f,"Bowman Regional"
BWN,283f37ffb3f77e72,"Brunei"
BWO,3cdb371d803aae80,"Balakovo"
BWP,4f71658b5939e529,"Bewani"
BWQ,4d256f082de7f265,"Brewarrina"
BWT,60cedc2697572e3c,"Wynyard"
BWU,4c18bf7e160885bc,"Sydney Bankstown"
BWW,5c95f37ae738b176,"Las Brujas"
BWX,26366022a47d358c,"Banyuwangi"
BXA,5d8c0454dcf1056f,"George R Carr Memorial Air"
BXB,270830ae7775e381,"Babo"
BXD,4f6497849b5a90eb,"Bade"
BXE,15aae315800965c7,"Bakel"
BXF,24194cf33645cd42,"Bellburn"
BXG,4d144c2af9c5c318,"Bendigo"
BXH,3af071eeadb389c0,"Balkhash"
BXI,169bdec1f7235d34,"Boundiali"
BXJ,2f9bddf27e5e3816,"Boralday"
BXK,5e43539dc462b105,"Buckeye Muni"
BXM,4f712d1d17f7b859,"Batom"
BXN,1ce3c2dc399a1b1d,"Bodrum-Imsik"
BXO,3f9a2a11a000910b,"Buochs"
BXR,2dd728ea779ede4c,"Bam"
BXS,5e32ccbff381a8c1,"Borrego Valley"
BXT,2820c670c618d048,"Bontang"
BXU,291b8f3b2ddb5e9b,"Bancasi"
BXV,3c6bd325fccb8033,"Breiodalsvik"
BXW,263ea180cb5f3ddf,"Bawean/Harun Thohir"
BXX,1f99ff160f0818d5,"Borama"
BXY,3bf9146169f60ad3,"Baikonur Krayniy"
BXZ,4d6fec1e0db9fadf,"Bunsil"
BYA,3442e101dc3f8c8f,"Boundary"
BYB,2cddadd403391055,"Dibba"
BYC,53ccab91489e43b1,"Yacuiba"
BYD,2afbbd36aee6337e,"Al-Bayda"
BYF,3f845c800d7aa00f,"Albert-Bray"
BYG,350a3ab702772e98,"Johnson County"
BYH,5e890d2743b3e172,"Arkansas"
BYI,5f49af122bfdf1b0,"Burley Muni"
BYJ,16ecf429d5a27b96,"Beja /"
BYK,1790823275467a95,"Bouake"
BYL,16907d17048e1228,"Bella Yella"
BYM,5bae7b47a0c7a2a5,"Carlos Manuel de Cespedes"
BYN,36f8ba91fcbfd311,"Bayankhongor"
BYO,53dedc5815d32355,"Bonito"
BYP,232ae98e41def1df,"Barimunya"
BYQ,282abd86ae2455d1,"Bunyu"
BYR,3e9028c329a9b3af,"Laeso"
BYS,5e38d195d7b6a411,"Bicycle Lake Army Air"
BYT,3e6fd26bcd168a20,"Bantry Aerodrome"
BYU,3f9277923c79ff3e,"Bayreuth"
BYW,331eadf5b9cc61ee,"Blakely Island"
BYX,4f596fe6eec50139,"Baniyala"
BZA,5a9b097d52d97e39,"San Pedro"
BZB,1e31dcecbcd41542,"Bazaruto Island"
BZC,1130a458690059a6,"Umberto Modiano"
BZD,4d189a92c5b90828,"Balranald"
BZE,5b865318cc83ddf9,"Philip S W Goldson"
BZF,3306b19a7141ff84,"Benton"
BZG,3ea71db51067abfc,"Bydgoszcz Ignacy Jan Paderewski"
BZH,1d42b5f03aef88b7,"Bumi Hills"
BZI,1cf127fb85c2f270,"Balikesir Merkez"
BZK,3dbad121717cba75,"Bryansk"
BZL,2c75fc10f4539ebc,"Barisal"
BZM,24f995d24ae15f6a,"Bemolanga"
BZN,350294d89dd3afc9,"Gallatin"
BZO,3f9a8b93316d215f,"Bolzano"
BZP,4e562a36b13b1fe6,"Bizant"
BZR,18f7bbca2960a359,"Beziers-Vias"
BZT,5d7704924812a208,"Eagle Air Park"
BZU,1c8b8dd27317220e,"Buta Zega"
BZV,1a7f27aeb5081f33,"Maya-Maya"
BZX,2d5e3cd22a13b8ba,"Bazhong Enyang"
BZY,3ebb8ed5777e594f,"Balti"
BZZ,3f70c7ed32adb47b,"RAF Brize Norton"
CAA,5a8ec48e37024fae,"Catacamas"
CAB,1a66e079674adf4b,"Cabinda"
CAC,53e31ebb3549be08,"Coronel Adalberto da Silva"
CAD,5f8dae6f0ce38dc3,"Wexford County"
CAE,5e947939b0c66f7d,"Columbia Metropolitan"
CAF,57c06bcb53f87f1b,"Carauari"
CAG,19f6211e2499cbde,"Cagliari Elmas"
CAH,295c1a3f435effa4,"Ca Mau"
CAI,1dd1ab57c11dff3d,"Cairo"
CAJ,59d32815c33d32c9,"Canaima"
CAK,5f96416aa9109d3c,"Akron Canton Regional"
CAL,3e765ac7796be081,"Campbeltown"
CAM,54c2b6ef1ba81f2b,"Camiri"
CAN,2c37e736758bb590,"Guangzhou Baiyun"
CAO,5e5be1c10d8a0e13,"Clayton Muni"
CAP,5bbc4b2c0ffb7d66,"Cap Haitien"
CAQ,59a8decdd99970ae,"Juan H White"
CAR,3a0ec7dc5e8e0141,"Caribou Muni"
CAT,16f80fcb7d887ed1,"Cascais"
CAU,11666a1986942026,"Caruaru"
CAV,1c54afedff165ad1,"Cazombo"
CAW,1130de726e37df5d,"Bartolomeu Lisandro"
CAX,3e78a5e41d8031f7,"Carlisle"
CAY,58efe12b8ff10fc9,"Cayenne - Felix Eboue"
CAZ,4d261ec462e8a453,"Cobar"
CBB,54ca52c2d9d60830,"Jorge Wilsterman"
CBC,2415ca695bb0817d,"Cherrabun"
CBD,297c793b5688b5c9,"Car Nicobar Base"
CBE,5f92bf4605a0d81b,"Greater Cumberland Regional"
CBF,5f762e4cc1f1c28e,"Council Bluffs Muni"
CBG,3e8f0656761daadd,"Cambridge"
CBH,17d9ee82386c6a49,"Bechar Boudghene Ben Ali Lotfi"
CBI,4c09b32b7081a4ac,"Cape Barren Island"
CBJ,5bb766425f1c2142,"Cabo Rojo"
CBK,5f62582127abb19d,"Shalz"
CBL,59c9f6d8e2068672,"Tomas Heres Ciudad Bolivar"
CBM,5e834d129db67d5e,"Columbus Air Force Base"
CBN,264a6dd769e5148f,"Penggung"
CBO,2916b60d2e90abc5,"Cotabato/Awang"
CBP,16fb4940847f07b2,"Aerodromo Muni de Coimbra"
CBQ,198af29e83d25f94,"Margaret Ekpo"
CBR,4c1b7dd283bb60e0,"Canberra"
CBS,5ab09400aa7b08ca,"Oro Negro"
CBT,1a59932b2c7ffdd8,"Catumbela"
CBV,5a7fefcb20918b16,"Coban"
CBW,53e65c12a43a05b2,"Campo Mourao"
CBX,4d12d5b031693801,"Condobolin"
CBY,4e4b3af5fc2b1cc8,"Canobie"
CBZ,2e3ec0c2376f2a7d,"Binzhou Daguo"
CCA,54cb87c7ff4031da,"Chimore"
CCB,5e35a03c6fa1f66b,"Cable"
CCC,5ca41ce30665d90e,"Jardines Del Rey"
CCE,1dd2ac4915983911,"Capital"
CCF,18f5b58322a533b7,"Carcassonne"
CCG,5d5deed4d5381ad3,"Crane County"
CCH,6a07937b78fd9a41,"Chile Chico"
CCI,52ed3b2f9b81c328,"Olavo Cecco Rigon"
CCJ,2aa2bb1dd42e9aae,"Calicut"
CCK,256aa0f40b7dd76b,"Cocos/Keeling Islands"
CCL,4c2fe6e659bbc726,"Chinchilla"
CCM,52e9776297d7cef9,"Forquilhinha/Criciuma"
CCN,2eb6e28156967532,"Chaghcharan"
CCO,58be94beff80791e,"Carimagua"
CCP,51a4a1597ca1b371,"Carriel Sur"
CCR,5e3e4f146e388197,"Buchanan"
CCS,5ac15196016dae01,"Simon Bolivar"
CCU,2c8545838c2183d6,"Netaji Subhash Chandra Bose"
CCV,4a44d59fccfa2d0d,"Craig Cove"
CCW,4e17c21adea1f954,"Cowell"
CCX,54ded4370b0f7831,"Caceres"
CCY,5f7b92fe501668ca,"Northeast Iowa Regional"
CCZ,5cad2454ed1b5f98,"Chub Cay"
CDA,25078da5ed4d7449,"Cooinda"
CDB,316c1e2bf0da5383,"Cold Bay"
CDC,5e4e73acb24cd188,"Cedar City Regional"
CDD,5a9f3875e19bd2a6,"Cauquira"
CDE,2f36f9a838b4d518,"Chengde Puning"
CDG,3f875140d77744f0,"Charles de Gaulle"
CDH,5e738cb48b04daff,"Harrell"
CDI,1130f7ffe6c7d95d,"Cachoeiro do Itapemirim"
CDJ,56f54ec4e1456350,"Conceicao do Araguaia"
CDL,336985fc205e6e91,"Candle 2"
CDN,5e95879f2f151dce,"Woodward"
CDO,1c220714e212ede5,"Cradock"
CDP,2aad2124514e3e1b,"Kadapa"
CDQ,4e4975b0a4853aad,"Croydon"
CDR,5f6a1ad2583daf1c,"Chadron Muni"
CDS,5e655e4471444680,"Childress Muni"
CDT,18f0426da376a8cb,"Castellon-Costa Azahar"
CDU,4c19b928479ac672,"Camden"
CDV,3346d23a68a5f65c,"Merle Smith"
CDW,5fa6503107532b5b,"Essex County"
CDY,2925af4567250070,"Cagayan de Sulu"
CEB,2a10c27f0485a3d1,"Mactan Cebu"
CEC,33130d132e4027ae,"Jack Mc Namara"
CED,221052dffe58a578,"Ceduna"
CEE,3cb9933ae6b8bc8c,"Cherepovets"
CEF,5fa98251fb30c163,"Westover Metro"
CEG,3e7cac5f66e92375,"Hawarden"
CEH,1e53f0152226feef,"Chelinda Malawi"
CEI,2b6d26c756c84eff,"Mae Fah Luang/Chiang Rai"
CEK,3bd1a6f16e7f447e,"Chelyabinsk Balandino"
CEL,52e73accb0e6ab83,"Canela"
CEM,3452489172ad92ae,"Central"
CEN,5d429d6844af3daa,"Ciudad Obregon"
CEO,1a5ec35cead33f58,"Waco Kungo"
CEP,54dd1f9ba33624e2,"Concepcion"
CEQ,18ffce4f25c1f05a,"Cannes-Mandelieu"
CER,3f75c9febb47cdbc,"Cherbourg-Maupertus"
CES,4c19e27005a25922,"Cessnock"
CET,3f7beb11bb4a48f6,"Cholet Le Pontreau"
CEU,5e962872a9234a95,"Oconee County Regional"
CEV,5f83b2dabb32b269,"Mettel"
CEW,5d8c927c3789a776,"Bob Sikes"
CEX,34505510eaba5167,"Chena Hot Springs"
CEY,5e8b4a2013e1ef80,"Kyle Oakley"
CEZ,5e5d13ec49ac4d7a,"Cortez Muni"
CFB,113092eb65a81eba,"Cabo Frio"
CFC,52ee5dfa6ece8cac,"Cacador"
CFD,5d6ce0c0fb1fe47f,"Coulter"
CFE,3f8e77080984f96a,"Clermont-Ferrand Auvergne"
CFF,1b6744829c87fb5b,"Cafunfo"
CFG,5c93bdfb295233ae,"Jaime Gonzalez"
CFH,4e2ae23c48c7140d,"Clifton Hills"
CFI,240bd5a5245e3498,"Camfield"
CFK,18e3a67dca9983ae,"Chlef Aboubakr Belkaid"
CFM,352a0c7ef351b936,"Conklin/Leismer"
CFN,3e7701e4390a8330,"Donegal"
CFO,55eeed90d9e9f035,"Confresa"
CFP,4e446145211e8a1f,"Carpentaria Downs"
CFQ,341a5d693a8ef567,"Creston Valley/Art Sutcliffe"
CFR,3f76fc1c12203c89,"Caen-Carpiquet"
CFS,4c265c17220abb8e,"Coffs Harbour"
CFT,5e42d0e2cb0ed175,"Greenlee County"
CFU,1aff2ae1e73b39d8,"Ioannis Kapodistrias"
CFV,5e7c1bf52e315c50,"Coffeyville Muni"
CGB,54ef173686f2b0ad,"Marechal Rondon"
CGC,4d6ee5e746a2c8a0,"Cape Gloucester"
CGD,2d475176a0421e70,"Changde Taohuayuan"
CGE,5fa025415e521258,"Cambridge Dorchester"
CGF,5f974a16c170061f,"Cuyahoga County"
CGG,2b2232aca353184b,"Casiguran"
CGH,53f71dfb43aad2b5,"Congonhas"
CGI,5e8d101a45ff57b4,"Cape Girardeau Regional"
CGJ,1d528ade8db15476,"Kasompe"
CGK,264ccc6f87610e0d,"Soekarno-Hatta"
CGM,291cae3bf8fbdd45,"Camiguin"
CGN,3f81ed413a79f81f,"Cologne Bonn"
CGO,2e46329126068572,"Zhengzhou Xinzheng"
CGP,2c74a2b612ca0ea9,"Shah Amanat"
CGQ,33e3ac1ad9378463,"Changchun Longjia"
CGR,54e121214220424f,"Campo Grande"
CGS,5f91f6e8cfd7f2b8,"College Park"
CGV,212f7c0a109a0b32,"Caiguna"
CGY,291aaebd9c484a2c,"Laguindingan"
CGZ,5e427081f6c20ea0,"Casa Grande Muni"
CHA,5e87c763b767f232,"Chattanooga Metropolitan"
CHB,2ea88786b6be77b1,"Chilas"
CHC,490131dfca52d50b,"Christchurch"
CHF,2e273b38ffd3054b,"Jinhae"
CHG,33fb5229b25eed41,"Chaoyang"
CHH,56ac59d2cb69af1f,"Chachapoyas"
CHJ,1d4b1adb70b89345,"Chipinge"
CHK,5e67b96cc881f53b,"Chickasha Muni"
CHL,340a9ee282c275e6,"Challis"
CHM,56a336960f198115,"Jaime A Montreuil Morales"
CHN,2e29794e8d6c411c,"Jeonju"
CHO,5e9fc5932d7f6bb4,"Charlottesville Albemarle"
CHP,3452464d2065333e,"Circle Hot Springs"
CHQ,1bec86b7bd917903,"Chania"
CHR,3f8c32b9bf0ebdff,"Chateauroux-Deols"
CHS,5e91ad5b7606c278,"Charleston"
CHT,47073e1be8c0c951,"Chatham Islands/Tuuta"
CHU,326f104843e91721,"Chuathbaluk"
CHV,16fe860652289f39,"Aerodromo de Chaves"
CHX,599d784e32a2cbb0,"Changuinola Manuel Nino"
CHY,4c67affeb075fd0c,"Choiseul Bay"
CHZ,3309e67377143ac9,"Chiloquin State"
CIA,19fd883339b872c6,"Ciampino-G. B. Pastine"
CIC,5f336666373bcf06,"Chico Muni"
CID,5f78b6f76ac6fe84,"The Eastern Iowa"
CIE,213cde173dcb79ab,"Collie"
CIF,33ff51e461d71741,"Chifeng Yulong"
CIG,5f5561770f173e87,"Craig Moffat"
CIH,2e4a69807d73a93c,"Changzhi Wangcun"
CII,1ce3e1825c280aa1,"Cildir"
CIJ,55cd085f038911ea,"Capitan Anibal Arab"
CIK,34555c5e0dfa50e5,"Chalkyitsik"
CIL,3365ae5248dca240,"Council"
CIM,59b31fa1d1f153cf,"Cimitarra"
CIN,5f784cb8eb514992,"Arthur N Neu"
CIO,53d8968602d4cf22,"Tte. Cnel. Carmelo Peralta"
CIP,1d5e5cdf5a1e3cf8,"Chipata"
CIQ,5a8e107b69a5bb33,"Chiquimula"
CIR,5e8c1af28893d4c0,"Cairo Regional"
CIS,46757e5e1107d799,"Canton Island"
CIT,2fa9f8077a881d79,"Shymkent"
CIU,380c21f98b9fc9e0,"Chippewa County"
CIW,5ad748ba7299026b,"Canouan"
CIX,569afbbffa644a70,"Jose A Quinones Gonzales"
CIY,1ae4c87c59e6fd74,"Comiso"
CIZ,57d3109988aff91b,"Coari"
CJA,56a93ad68ddafa2a,"Armando Revoredo Iglesias"
CJB,2aa276d89e12ac91,"Coimbatore"
CJC,53bbc241103e74d0,"El Loa"
CJF,2329fc94775efefd,"Coondewanna"
CJH,34202a9ac962f537,"Chilko Lake"
CJJ,2e2b7c714edf6556,"Cheongju/Cheongju"
CJL,2ea9dae4918a262c,"Chitral"
CJM,2a61360df046657e,"Chumphon"
CJN,26477d17bda9ef79,"Nusawiru"
CJS,5d5e475c48a54ab1,"Abraham Gonzalez"
CJT,5b7291cf615078bb,"San Antonio Copalar"
CJU,2e236709ef514bb7,"Jeju"
CJZ,106fad743606b651,"Pedro Vieira Moreira"
CKA,5e6bbc7c3f257d1e,"Kegelman AF Aux"
CKB,5f9272df77234c85,"North Central West Virginia"
CKC,3eb4e4a33067c8f2,"Cherkasy"
CKD,3360050fcc0afcca,"Crooked Creek"
CKE,5f31365ff462388e,"Lampson"
CKG,2d5924d4f28ec97e,"Chongqing Jiangbei"
CKH,34ac0d11a1c6d3f3,"Chokurdakh"
CKI,250d820c794be1de,"Croker Island"
CKK,5e7ac90b2e7a6d16,"Sharp County Regional"
CKL,3db0e5e14735bae3,"Chkalovskiy"
CKM,5e75e8aa9a25fe3b,"Fletcher"
CKN,37016fd0e096a06d,"Crookston Muni Kirkwood"
CKO,53e993baf925b28a,"Cornelio Procopio"
CKR,331eb83e7591e262,"Crane Island"
CKS,56fc3db52d261491,"Carajas"
CKT,2ecb63951a53fb73,"Sarakhs"
CKU,3346d190d891bd08,"Cordova Muni"
CKV,5e8b68941477123f,"Clarksville-Montgomery County"
CKW,232bd81cd4fe08f0,"Christmas Creek"
CKX,3441e5f434918913,"Chicken"
CKY,1595dfebbdafe074,"Conakry"
CKZ,1bfd4c33b16bfeb6,"Canakkale"
CLA,2c77c987ca03f2b7,"Comilla"
CLD,5e32a766191727b4,"McClellan-Palomar"
CLE,5f973449d26ca314,"Cleveland Hopkins"
CLG,5e3a6519b58617a8,"New Coalinga Muni"
CLH,4c2d1f2b4bab15c5,"Coolah"
CLI,5f8e2bd3c8fbb88d,"Clintonville Muni"
CLJ,3fb11ef98ea6efa7,"Cluj-Napoca"
CLK,5e689b1f385a2143,"Clinton Regional"
CLL,5d6beab828834b49,"Easterwood"
CLM,331da0ddbc0c0689,"William R Fairchild"
CLN,56f9916678fd12d3,"Lysias Augusto Rodrigues"
CLO,58aba18caa498536,"Alfonso Bonilla Aragon"
CLQ,5b5b76d7b7d027d0,"Miguel de la Madrid"
CLR,5e32e789f41c7886,"Cliff Hatfield Memorial"
CLS,331c72752aa94bec,"Chehalis Centralia"
CLT,5e977e595d3e068b,"Charlotte Douglas"
CLU,5f82a109e8b26c74,"Columbus Muni"
CLV,54f923195594f89e,"Nelson Ribeiro Guimaraes"
CLW,5d944729d9f338ae,"Clearwater Air Park"
CLX,53d3707d87cad1d5,"de Clorinda"
CLY,19f497e47c6a3501,"Calvi-Sainte-Catherine"
CLZ,59cb4ea6f64b5a7e,"Calabozo"
CMA,4d2ab56b04a09ca6,"Cunnamulla"
CMB,2996f78aca626a28,"Bandaranaike Colombo"
CMC,10796be9af56770b,"Camocim/Pinto Martins"
CMD,4c1f9096d95eae7e,"Cootamundra"
CME,5b79a89dc1a9f5b5,"Ciudad del Carmen"
CMF,3f8ed50521ba7cf7,"Chambery-Savoie"
CMG,54d5b69251aeb1ef,"Corumba"
CMH,5f931e344af46a86,"John Glenn Columbus"
CMI,5f834f2eeb53305f,"University of Illinois Willard"
CMJ,2c26ef313d4ddb06,"Qimei"
CMK,1e543f8ad6246118,"Club Makokola"
CML,4f412bb263d4ecfe,"Camooweal"
CMM,5b75ffdc6240f1e5,"Carmelita"
CMN,16eb3f1d8cd6153c,"Mohammed V"
CMO,29f07c6a58071cb7,"Hobyo"
CMQ,4d39a7584b8e9940,"Clermont"
CMR,3f88f58193f474ad,"Colmar-Houssen"
CMS,2af012f83246feb3,"Iskushuban"
CMT,57f85f53435b1631,"New Cameta"
CMU,4e67d52605f92ada,"Chimbu"
CMV,481b4600dd7308ec,"Coromandel Aerodrome"
CMW,5ca13b89175b628d,"Ignacio Agramonte"
CMX,380344818b6f5231,"Houghton County Memorial"
CMY,5f7de35608ff23f9,"Sparta Fort Mc Coy"
CMZ,1e438be96380dbc5,"Caia"
CNA,5d4caf93f5a20ed6,"Cananea National"
CNB,4d2138437c8d2725,"Coonamble"
CNC,4e6b019ddca880d3,"Coconut Island"
CND,3fb2d1eeeb54e456,"Mihail Kogalniceanu"
CNE,5f50a0fc22ea0cef,"Fremont County"
CNF,1049388c82012694,"Tancredo Neves"
CNG,3f7eff44c222f954,"Cognac-Chateaubernard"
CNH,5fab7dfdb88b2a34,"Claremont Muni"
CNI,2f32412c7a0525fd,"Changhai"
CNJ,4e4b0c7fbd1620d8,"Cloncurry"
CNK,5f62dc5dd11d13ec,"Blosser Muni"
CNL,3e901259aa4974fc,"Sindal"
CNM,5e50a53df9115154,"Cavern City Air Terminal"
CNN,2aa5c23575ee7eaa,"Kannur"
CNO,5e34ab31826add78,"Chino"
CNP,3b6786dde6f6d451,"Neerlerit Inaat"
CNQ,52dd3062d7b25696,"Corrientes"
CNR,53b052f207bcceb4,"Chanaral"
CNS,4e41b8b7d4f9e1fb,"Cairns"
CNT,52cddaa629c30ff2,"Charata"
CNU,5e7e224730b86811,"Chanute Martin Johnson"
CNV,1142f56dbc85938e,"Socrates Rezende"
CNW,5d6ec7ffdf15ffc8,"TSTC Waco"
CNX,2b695e437452ae2d,"Chiang Mai"
CNY,5f500d2a975a1633,"Canyonlands Regional"
CNZ,1b5b5c54df71d391,"Cangamba"
COA,5e3f70ae166bc7f3,"Columbia"
COB,240fdc97eb7f3be1,"Coolibah"
COC,52d2261df03c978b,"Comodoro Pierrestegui"
COD,35055c9a435215c3,"Yellowstone Regional"
COE,34183e0889371081,"Coeur D'Alene/Pappy Boyington"
COF,5d95a301f309e296,"Patrick Space Force Base"
COG,58af9e85ea5c9cbb,"Mandinga"
COH,2c8f1d8b25d7eec9,"Cooch Behar"
COI,5d9597dd24f26d82,"Merritt Island"
COJ,4c2f225940e05d54,"Coonabarabran"
COK,29af9be361c08b2e,"Cochin"
COL,3e73477162637a43,"Coll"
COM,5d6f60d9359d9f96,"Coleman Muni"
CON,5fab97faefe4c987,"Concord Muni"
COO,189737eb9e1e4aba,"Cadjehoun"
COP,5faa22d62afc993c,"Cooperstown-Westville"
COQ,34ede63f56983358,"Choibalsan"
COR,52c2356a766a064e,"Ambrosio Taravella"
COS,5f50cf1aba8b4ce0,"City of Colorado Springs Muni"
COT,5d656c7e6e363acf,"Cotulla-La Salle County"
COU,5f71a08253be006f,"Columbia Regional"
COW,52b5266712f2bc3f,"Tambillos"
COY,233d12ad7a9805dc,"Coolawanyah"
COZ,5bba849d4e3fb215,"Constanza/Exp 14 Junio"
CPA,1687ddb3a3bcf26c,"Cape Palmas"
CPB,59aa7f3d2afdb54c,"Capurgana"
CPC,50abceeb89598591,"Aviador C. Campos"
CPD,221809755f65ceb0,"Coober Pedy"
CPE,5b7de081324e299e,"Alberto Acuna Ongay"
CPF,2639e70a8313fbfa,"Ngloram"
CPG,50bae37a30a6f292,"Carmen de Patagones"
CPH,3e946372f1c8d0ba,"Copenhagen Kastrup"
CPI,4d64e6e0d7779220,"Cape Orford"
CPL,58abda5d5c3bd450,"General Navas Pardo"
CPM,5e3487b8d2f7965b,"Compton Woodley"
CPN,4d6d063e6fc67e6b,"Cape Rodney"
CPO,52bd5806c48ce95a,"Desierto de Atacama"
CPP,54b0d39e50fde1bf,"Coposa"
CPR,5f5aac4ce267b564,"Casper-Natrona County"
CPS,5f70f696d21581bd,"St Louis Downtown"
CPT,1a1fbf5d5d85948c,"Cape Town"
CPU,1070a54ea214290c,"Cururupu"
CPV,11669b35e16d8b87,"Joao Suassuna"
CPX,5bc878d88cf06a86,"Benjamin Rivera Noriega"
CQA,55e5bcb87951980e,"Canarana"
CQD,2ee004c1e981cf22,"Shahrekord"
CQF,3f8236e875b3d582,"Calais-Dunkerque"
CQM,17f61316af3855e7,"Ciudad Real"
CQP,4e53198172934c46,"Cape Flattery"
CQS,55c9c5d0200a5d58,"Costa Marques"
CQT,58b616304fa5a4ad,"Caquetania"
CQW,2d580907577a7e5c,"Chongqing Xiannushan"
CRA,3fb64c9ee8e702d6,"Craiova"
CRB,4d22744008757399,"Collarenebri"
CRC,58aebeca742dd5e9,"Santa Ana"
CRD,6b00b80b026cea2e,"General E. Mosconi"
CRE,5e94d4738c59779f,"Grand Strand"
CRF,1b81f6749697d65d,"Carnot"
CRG,5d9a7f188628bee7,"Jacksonville Executive at Craig"
CRH,4c2aaa404f4f2b44,"Cherrabah"
CRI,5ca5d987c6f69b66,"Colonel Hill"
CRJ,22108d6214147c54,"Coorabie"
CRK,2a2f712f26bdb929,"Clark/Clark"
CRL,3f8385fac53bca59,"Brussels South Charleroi"
CRM,2a16be8f68befef0,"Catarman National"
CRO,5e3a739292e23455,"Corcoran"
CRP,5d63be05fe7c87f6,"Corpus Christi"
CRQ,11429c791646e9e7,"Caravelas"
CRR,52c694fbdb36d08b,"Ceres"
CRS,5d6fe8d9b9c419e8,"C David Campbell Corsicana Muni"
CRT,5e72b908560c49af,"Z M Jack Stell"
CRU,5ad64d6bf255125b,"Lauriston"
CRV,1af9167d3f079442,"Crotone"
CRW,5e9f4ec8da624bc3,"Yeager"
CRX,5e873293ffc2a7fd,"Roscoe Turner"
CRY,241f3e4b76888499,"Carlton Hill"
CRZ,2fb1e4d9b74a9dc1,"Turkmenabat"
CSA,3e744ff05c26bf6c,"Colonsay"
CSB,3fb50f4e7cc11cc9,"Caransebes"
CSC,5a80e8ffab4e7ce4,"Mojica"
CSD,4f478e82e8727524,"Cresswell Downs"
CSE,5f5161d78b40e3c5,"Crested Butte"
CSF,3f86573e6377fbc8,"Creil"
CSG,5e80dd76dfd8b5b4,"Columbus Metropolitan"
CSH,3baec5dffad1b159,"Solovki"
CSI,4c279e0b4ed07a4a,"Casino"
CSK,14ad6099b8829dd2,"Cap Skirring"
CSL,5c46721d9667de74,"Cabo San Lucas"
CSM,5e68835d50fffee3,"Clinton Sherman"
CSN,5f31ae3db91818a8,"Carson"
CSO,3e9e603badaed6fd,"Cochstedt"
CSQ,5f76559a4c8f5f67,"Creston Muni"
CSR,59c2341636a48797,"Casuarito"
CSS,54e4af1bd6968133,"Cassilandia"
CSU,52e60c1f57c4f4ce,"Santa Cruz do Sul"
CSV,5e89cc9e5a8f6d15,"Crossville Memorial Whitson"
CSX,2d45110008723e7a,"Changsha Huanghua"
CSY,3cc4ab9ee03776de,"Cheboksary"
CSZ,51c236e72649ba9f,"Brigadier D.H.E. Ruiz"
CTA,1ae5d7a0631b4056,"Catania-Fontanarossa"
CTB,351204e28b119251,"Cut Bank"
CTC,52c91c5ef8a9e10e,"Catamarca"
CTD,5998dfdde8543207,"Alonso Valderrama"
CTE,59ad11ca7549d882,"Carti"
CTF,5a7daa31f0430e0e,"Coatepeque"
CTG,5aa0c988b721d2e4,"Rafael Nunez"
CTH,5fa31df87d398cc5,"Chester County G O Carlson"
CTI,1b5905fb4ec32b6d,"Cuito Cuanavale"
CTK,5f7b0be919006731,"Canton Muni"
CTL,4d2af2e985a9de83,"Charleville"
CTM,5b89510b36d68e48,"Chetumal"
CTN,4e530a1b8661180f,"Cooktown"
CTO,5fa681995fd4a1f9,"Calverton Executive"
CTP,57fcd2a7cedc00e6,"Carutapera"
CTQ,51dca84ccccb5a1d,"Santa Vitoria do Palmar"
CTR,2409d973ddd3b8b1,"Cattle Creek"
CTS,31d72699eef3d761,"New Chitose"
CTT,18fdb5947cec9519,"Le Castellet"
CTU,2d5ba952ef050d9a,"Chengdu Shuangliu"
CTV,1b6d2f8f811806fe,"Catoca"
CTX,5f9af1d099e8a698,"Cortland County Chase"
CTY,5d9920eeb27b030c,"Cross City"
CTZ,5e97d4fca6c27124,"Sampson County"
CUA,5c4c338c5119f7cd,"Ciudad Constitucion"
CUB,5e947a8eb7ec45c7,"Jim Hamilton L.B. Owens"
CUC,59b85ced3c2264a3,"Camilo Daza"
CUD,4c29e2cffe669e7e,"Caloundra"
CUE,57a62e8fbfd4ef55,"Mariscal Lamar"
CUF,19f1e28bc8d03726,"Cuneo"
CUG,4c1ed92f3bfc757c,"Cudal"
CUH,5e69ecaee0285370,"Cushing Muni"
CUI,58be7ac1164ea6b1,"Currillo"
CUJ,2a247f83f0d3f8f7,"Culion"
CUK,5b865ceeb5f6209f,"Caye Caulker"
CUL,5c4be6985c440f6b,"Bachigualato Federal"
CUM,5ac0d9be0cf474f6,"Cumana/Antonio Jose Sucre"
CUN,5c80993b86a909fe,"de Cancun"
CUO,58b3a20e99883246,"Caruru"
CUP,5ad10404eb2cf1fe,"Francisco Bermudez"
CUQ,4e595933666ed807,"Coen"
CUR,5ab5ff89bb1051d6,"Hato"
CUT,50be1bf0bd194e70,"Cutral-Co"
CUU,5d56474d24e053c1,"Roberto Fierro Villalobos"
CUV,59bb56b13c391537,"Casigua El Cubo"
CUY,223c4faee2763a10,"Cue"
CUZ,55b56e9654177924,"Alejandro Velasco Astete"
CVB,4e7803e3ea796eac,"Chungribu"
CVC,4e17cd0b0acc3a32,"Cleve"
CVE,59adc62052648dec,"Covenas"
CVF,3f8eeabfc88888ca,"Courchevel Altiport"
CVG,5f81d9139c30445c,"Cincinnati Northern Kentucky"
CVH,51a1e6a31d8b847f,"Caviahue"
CVI,6a0fcc251d045bec,"Caleta Olivia"
CVJ,5b6a416781b50a19,"Cuernavaca/M Matamoros"
CVL,4d6912cfab9ede1e,"Cape Vogel"
CVM,5c68652cb24356a2,"Pedro Jose Mendez"
CVN,5e55ed2e3153ec9e,"Clovis Muni"
CVO,33183eb567b17d12,"Corvallis Muni"
CVQ,2334d4f3d19487e0,"Carnarvon"
CVS,5e55dc8200cfe032,"Cannon Air Force Base"
CVT,3e7edf2329295a9f,"Coventry"
CVU,13f73c1d9ed6d6a6,"Corvo"
CWA,5f8f01b2f2d31735,"Central Wisconsin"
CWB,53e2a6eab53589c1,"Afonso Pena"
CWC,3ebc4bfdddf2c091,"Chernivtsi"
CWF,5d7a7a61839c5fe5,"Chennault"
CWI,5f78f437902c3d47,"Clinton Muni"
CWJ,2c6742e038e40389,"Cangyuan Washan"
CWL,3f71936633142889,"Cardiff"
CWP,2ea4d2a5d89dbe47,"Campbellpore"
CWR,4e2acb433d7afe1e,"Cowarie"
CWT,4c1eb6a246b15682,"Cowra"
CWW,4d1165134c851aaf,"Corowa"
CWX,5e40b1cec0fba6c6,"Cochise County"
CXA,59c78d8d449768ca,"Caicara del Orinoco"
CXB,2c71ad3187896a5e,"Cox's Bazar"
CXC,3349d9a1052defa8,"Chitina"
CXF,3452de084dd7108e,"Coldfoot"
CXI,438a6534ba3386ad,"Cassidy"
CXJ,52e832353d1588c1,"Hugo Cantergiani Regional"
CXL,5e31e33fd2029c69,"Calexico"
CXM,1b6a51c6fe608974,"Camaxilo"
CXN,2af32d484525c745,"Qandala"
CXO,5d7b1033c87ff5c9,"Conroe-North Houston"
CXP,26485173b966e01b,"Tunggul Wulung"
CXQ,2415bc6b8fc65c7d,"Christmas Creek Station"
CXR,2a4556b32863daaf,"Cam Ranh/Cam Ranh"
CXT,4d4e275e3db1a388,"Charters Towers"
CXY,5c9dea68d9e5b3c5,"Cat Cay"
CYA,5bb806085ad61e3b,"Les Cayes"
CYB,5b9cd9fe6a390524,"Charles Kirkconnell"
CYC,5b865ae7332b084f,"Caye Chapel"
CYD,5b842eba785c2cee,"San Ignacio Town"
CYF,32687c7c4649b708,"Chefornak"
CYG,4c1d5d99929991c9,"Corryong"
CYI,2c27baea615fd21d,"Chiayi"
CYL,5a8fae19f2eb8f7a,"Coyoles"
CYO,5c9284cd316d846d,"Vilo Acuna"
CYP,2a15b99e77eebccd,"Calbayog"
CYR,51caf0cd54b093b7,"Colonia Laguna de Los Patos"
CYS,5f56da0de444699a,"Cheyenne Regional Jerry Olson"
CYT,334880c304987cf3,"Yakataga"
CYU,2a214e31b16ea4a8,"Cuyo"
CYW,5b5ff2f853736e1f,"Rogelio Castillo National"
CYX,34915713fdfd9890,"Cherskiy"
CYZ,2b2446d30e613d7a,"Cauayan"
CZA,5b8f469f9d03724d,"Chichen Itza"
CZB,52d9ea62293cbe42,"Carlos Ruhl"
CZC,3349fa4362d36bce,"Copper Center 2"
CZE,5ab3d9a81881f613,"Jose Leonardo Chirinos"
CZF,326cb73fd9b15ebc,"Cape Romanzof"
CZH,5b884bcd3779e0f9,"Corozal Muni"
CZJ,59ad3854f9cede43,"Corazon de Jesus"
CZK,331c4f39a5e25218,"Cascade Locks State"
CZL,19e0adac3f1b79a6,"Mohamed Boudiaf"
CZM,5b8f901d6c6e70af,"Cozumel"
CZN,334cbc9b524ae453,"Chisana"
CZO,334bf9872b51d557,"Chistochina"
CZS,56b85327769e3893,"Cruzeiro do Sul"
CZT,5d654fdd2031ae68,"Dimmit County"
CZU,59add26a03960a96,"Las Brujas"
CZW,3eac54b871d0ce52,"Czestochowa-Rudniki"
CZX,2d3f338fc93011dc,"Changzhou Benniu"
CZY,4e3a5d44c7f0509c,"Cluny"
DAA,5f90fc61b38678ae,"Davison Army Air"
DAB,5d978c9ea2dfe862,"Daytona Beach"
DAC,2c78ecd39637f9fa,"Hazrat Shahjalal"
DAD,2b419ba834802778,"Da Nang"
DAF,4e7510224216c174,"Daup"
DAG,5e36cfeb874bf6ee,"Barstow Daggett"
DAH,2afb91dc55ad74a6,"Dathina"
DAK,1ccfd54c7eca59c0,"Ad Dakhla"
DAL,5e61dbd8211a0b4a,"Dallas Love"
DAM,1dea31385cd46735,"Damascus"
DAN,5e9ba6f477329796,"Danville Regional"
DAO,4d6f55a11742abc8,"Dabo"
DAP,2d9992d6f046f10a,"Darchula"
DAR,1f61a97a7b058387,"Julius Nyerere"
DAS,354c15716dbe5658,"Great Bear Lake"
DAT,2f4480ac55b767a9,"Datong Yungang"
DAU,4e6b319286f182d8,"Daru"
DAV,599a739e416c0043,"Enrique Malek"
DAX,2d5d118f19567632,"Dachuan"
DAY,5f83ea0960b64ff9,"James M Cox Dayton"
DAZ,2fa0e281a1f78cfc,"Darwaz"
DBA,2dc64f9980b98e57,"Dalbandin"
DBB,1cdac292572ea3f8,"El Alamein"
DBC,33eaaab1d50c4c66,"Baicheng Chang'an"
DBD,2c88ab5c6c04df46,"Dhanbad"
DBM,1eac0f46f5b72a3b,"Debra Marcos"
DBN,5e902fa7ba1b701a,"W H 'Bud' Barron"
DBO,4d10f0f0531675c4,"Dubbo City Regional"
DBP,4e6fc033d5491467,"Debepare"
DBQ,5f79e95e66aac9a8,"Dubuque Regional"
DBR,2c8fb79844904618,"Darbhanga"
DBS,340e7b6a5f07e7db,"Dubois Muni"
DBT,1ead504eb42d178a,"Debre Tabor"
DBV,1af99efcd274d957,"Dubrovnik"
DBY,4c2dd8d9275faf8a,"Dalby"
DCA,5f91f1b74b30f3b4,"Ronald Reagan Washington"
DCF,5adf39a4098f0c03,"Canefield"
DCI,19f52e53332e9297,"Decimomannu"
DCM,18f5c441b906a33b,"Castres-Mazamet"
DCN,2419fad8f8cad7cb,"RAAF Base Curtin"
DCT,5ca39f53c702e95a,"Duncan Town"
DCU,5e8677f54f0039cb,"Pryor Regional"
DCY,2d68426d2f89e67f,"Daocheng Yading"
DDC,5e6e7623bded8080,"Dodge City Regional"
DDD,28b8553d51968f49,"Dhaalu Atoll"
DDG,33f12bd2953be553,"Dandong Langtou"
DDM,4d6f6768c2147097,"Dodoima"
DDN,4e4cb463c0634892,"Delta Downs"
DDR,2d8683e73df7a78c,"Xigaze Dingri"
DDU,2db1d0833e0fa9af,"Dadu West"
DEA,2db94f729952da65,"Dera Ghazi Khan"
DEB,3fa2d232922b4d49,"Debrecen"
DEC,5f8327cf252ff3d8,"Decatur"
DED,2daa0911ced2e8f0,"Dehradun Jolly Grant"
DEE,31c490b71e6c2cd2,"Yuzhno-Kurilsk Mendeleyevo"
DEF,2ee059af21a21500,"Dezful"
DEH,5f7bbaf6c1e59910,"Decorah Muni"
DEI,27e451d3fa9beeb1,"Denis Island"
DEL,2da63195016df11e,"Indira Gandhi"
DEM,1e96a5b3f2b80154,"Dembidollo"
DEN,5f53c9b052096cbb,"Denver"
DEP,2d74473f6f2d1679,"Daporijo"
DEQ,2d3b16ad16657fee,"Deqing Moganshan"
DER,4e61cbcf0c463fbf,"Derim"
DES,26eea2c6154666a8,"Desroches"
DET,5f990a5209ab0615,"Coleman A. Young Muni"
DEX,4f7503c07739be54,"Nop Goliat Dekai"
DEZ,1def881a88c53c55,"Deir ez-Zor"
DFA,2e43bfce6970c9eb,"Shangluo"
DFI,5f87d13cb2aa5fae,"Defiance Memorial"
DFP,4e48eb461f80f9db,"Drumduff"
DFW,5e61dd5a700a7b1d,"Dallas Fort Worth"
DGA,5b84585c8afe017c,"Dangriga"
DGD,223b6e6fe48011c2,"Dalgaranga Gold Mine"
DGE,4c1df50474ae6792,"Mudgee"
DGF,3415b75dacd7a85d,"Douglas Lake"
DGH,2c8a977fba8e2e6d,"Deoghar"
DGL,5d4dcb428ba1573a,"Douglas Muni"
DGN,5e9ffceff34d5473,"Dahlgren Naval Center"
DGO,5c596973ed82725b,"Gral"
DGP,3dabd0b13686bfe1,"Daugavpils"
DGR,481f6a30808b4b60,"Dargaville Aerodrome"
DGT,291dd2eb80e12b34,"Sibulan"
DGU,17a563ccd9cac119,"Dedougou"
DGW,5f5ac8aa624ba01a,"Converse County"
DHA,2cef8a2c6557bdc8,"King Abdulaziz"
DHD,4e23e907bbc7c6bc,"Durham Downs"
DHF,2cd9fedd68f7ffcf,"Al Dhafra"
DHG,32d3abb785032838,"Dalnegorsk"
DHI,2d96aa02108d6fb1,"Dhangarhi"
DHL,1fabacba7798a0f8,"Ad-Dali"
DHM,2daf4e7755192eb5,"Kangra"
DHN,5d8dca43a813f9cf,"Dothan Regional"
DHR,3e8d9328228dbb7c,"De Kooy/Den Helder Station"
DHT,5e690f1dfd01b08d,"Dalhart Muni"
DIB,2d7311e9f7a9d095,"Dibrugarh"
DIE,25f93858d977e90e,"Arrachart"
DIG,2d635f07b00ed808,"Diqing Shangri-La"
DIJ,3f8aaceaf5e99839,"Dijon-Bourgogne"
DIK,360467b1a60366c2,"Dickinson Theodore Roosevelt"
DIL,261574f58d5f4fa6,"Nicolau Lobato"
DIM,179147d3459cd57c,"Dimbokro"
DIN,2c51aa08738bd7e1,"Dien Bien Phu"
DIP,18a5589440475fe6,"Diapaga"
DIQ,104810e8ba53f6ee,"Brigadeiro Cabral"
DIR,1f97e11a1bb8999b,"Aba Tenna Dejazmach Yilma"
DIS,1a7729c1f5d4d534,"Ngot Nzoungou"
DIU,2bbf7a663d74de82,"Diu"
DIY,3eddc67201770796,"Diyarbakir"
DJA,1895e1496fda15a5,"Djougou"
DJB,275a5d5c1319c1a3,"Sultan Thaha"
DJE,19ec4268e9176345,"Djerba Zarzis"
DJG,19cba200e29999ac,"Djanet Inedbirene"
DJJ,4f727fea78e4e592,"Dortheys Hiyo Eluay"
DJM,1a7e801ea673ff5d,"Djambala"
DJN,335e33213b971c72,"Delta Junction"
DJO,169b5b4b5f215806,"Daloa"
DJR,4e3dd460e5c61139,"Dajarra"
DJU,3c6bc8cb64c2007c,"Djupivogur"
DKA,19a78874c862dc36,"Katsina"
DKI,4e4080935458b771,"Dunk Island"
DKK,5f998de4b4928b30,"Chautauqua County-Dunkirk"
DKR,14abd5cd43cdee1c,"Leopold Sedar Senghor"
DKS,38b82af22bfc6313,"Dikson"
DKV,23148531eb25c9c6,"Docker River"
DLA,198ec78cf3deacba,"Douala"
DLC,2f31652ff8057ad6,"Dalian Zhoushuizi"
DLE,3f8bb3bd9fcdc551,"Dole-Tavaux"
DLF,5d68247c2ff0e387,"Laughlin Air Force Base"
DLG,3258dfb060c88ea4,"Dillingham"
DLH,370b33de426d331d,"Duluth"
DLI,2a448a2035ef044c,"Lien Khuong"
DLK,4e2981a97697bb0f,"Dulkaninna"
DLL,5e95be9e81f46fba,"Dillon County"
DLM,1ce6b0befd527220,"Dalaman"
DLN,340e9fe5aff6ff9d,"Dillon"
DLR,32d8b952effe12b7,"Dalnerechensk"
DLS,331e334edd54a087,"Columbia Gorge Regional"
DLU,2c6d2ebdba9b96d6,"Dali Fengyi"
DLV,2508ceca6cd2af38,"Delissaville"
DLY,4a406b19b13a6fce,"Dillon's Bay"
DLZ,2f5cf65af21dbfec,"Dalanzadgad"
DMA,5d4f9e486b680127,"Davis Monthan Air Force Base"
DMB,2faaaaacb161622d,"Taraz"
DMD,4f4187954d98736a,"Doomadgee"
DME,3db1f764c5ae2414,"Domodedovo"
DMK,2a5bf4a054073e8f,"Don Mueang"
DMM,2de084b1b3e5ab6c,"King Fahd"
DMN,5e5012591a89a259,"Deming Muni"
DMO,5f708b2c7238d86c,"Sedalia Memorial"
DMT,55e315153dc1c54a,"Diamantino"
DMU,2c7e594865768d7a,"Dimapur"
DNA,2c1fce8b530eed71,"Kadena"
DNB,4e4ae346586cdfa0,"Dunbar"
DND,3e74a5bd14c97ebb,"Dundee"
DNF,1beb01ed81a4f300,"Martuba"
DNG,25108495f51c9eca,"Doongan"
DNH,2f744459eabd3b0b,"Dunhuang Mogao"
DNK,3ec25c67c5e970a3,"Dnipro"
DNL,5e9345fa5e0f53ed,"Daniel"
DNN,5e86da54571b8ab5,"Dalton Muni"
DNO,55fb9d590a6d9703,"Dianopolis"
DNP,2d945d7900f3b2e6,"Tulsipur"
DNQ,4d147c3527a731f5,"Deniliquin"
DNR,3f78b1ac38420b39,"Dinard-Pleurtuit-Saint-Malo"
DNS,5f783a54881e09d8,"Denison Muni"
DNU,4e62ceb08f49677c,"Dinangat"
DNV,5f8456d103324ebe,"Vermilion Regional"
DNX,1ea5780e73e045d3,"Galegu"
DNZ,1ce7e07f29984740,"Cardak"
DOA,25f315ec8d14fa07,"Doany"
DOB,260d2e6a756f98e1,"Rar Gwamar"
DOC,3e70983068816edd,"Dornoch"
DOD,1e69c2a9ce42a483,"Dodoma"
DOE,58ec685f4d7aeb49,"Djumu-Djomoe"
DOG,1db6ba0b99e9c8da,"Dongola"
DOH,2cec5dcb8e8cc1c5,"Doha Hamad"
DOI,4d57e091aedff4ed,"Doini"
DOL,3f8605571860dfb2,"Deauville-Saint-Gatien"
DOM,5bd033c7a709adef,"Douglas-Charles"
DON,5b8607f000a296fe,"Dos Lagunas"
DOO,4d6e2d68fa7ac55a,"Dorobisoro"
DOP,2d9734d535257362,"Dolpa"
DOR,17afbe96d1f818ab,"Dori"
DOU,53eb0f6d5aa14d06,"Dourados"
DOV,5fa13c565a39bf9e,"Dover Air Force Base"
DOX,2237dd5ebbf2f48b,"Dongara"
DOY,2e3daca1d06d09b5,"Dongying Shengli"
DPA,5f88472508f75949,"Dupage"
DPB,6a16c975a9352b46,"Pampa Guanaco"
DPE,3f85213474a152a5,"St Aubin"
DPG,5f4495ff7fe6c128,"Michael AAF"
DPL,291ade95cd261480,"Dipolog"
DPO,60ceb29213136a4d,"Devonport"
DPS,26343ae67268242e,"Ngurah Rai/Bali"
DPT,34ae9f4c96cb9f0e,"Deputatskiy"
DQA,33e855cc906a6b7b,"Daqing Sa'ertu"
DQM,2bdcb16295b32777,"Duqm"
DRA,5e4b0812550426fd,"Desert Rock"
DRB,242a0428e398d7a4,"Derby"
DRC,1b4d8177416ce0b4,"Dirico"
DRD,4e4bc4bed1d4e017,"Dorunda"
DRE,380d2b9f68b05ee2,"Drummond Island"
DRF,33506f4e730d4031,"Drift River"
DRG,3369a71af2aea5d1,"Deering"
DRH,4f7757bcda7eda22,"Dabra"
DRI,5d7c65e1d39de476,"Beauregard Regional"
DRJ,58ec8e6480412ceb,"Drietabbetje"
DRK,599b34d21c4dac22,"Drake Bay"
DRN,4d239dd940364179,"Dirranbandi"
DRO,5e5c3deb54befc55,"Durango La Plata County"
DRP,2a18ec3d4ec6fa9d,"Bicol"
DRR,4e3817fe8224a90c,"Durrie"
DRS,3e9ebc2646bb465c,"Dresden"
DRT,5d682506ccb97acf,"Del Rio"
DRU,340edd58362a1937,"Drummond"
DRV,29b042582e861c1c,"Dharavandhoo"
DRW,2509c5441cc1c15b,"Darwin/RAAF Darwin"
DRY,241f849772212b9d,"Drysdale River"
DSC,199f1810432f0e6d,"Dschang"
DSD,5bd2470bec155585,"La Desirade"
DSE,1fa128ac830518ea,"Kombolcha"
DSG,2b223e6ebc0ea141,"Dilasag"
DSI,5d8b92a40f7fffa8,"Destin Executive"
DSK,2dbf236820345fd4,"Dera Ismael Khan"
DSM,5f77795314422a14,"Des Moines"
DSN,2f520a6aa210a5a9,"Ordos Ejin Horo"
DSO,32ebe1c63698cec2,"Sondok"
DSS,14acd980ea5766fc,"Blaise Diagne"
DSV,5f9ac07347d6d1d1,"Dansville Muni"
DSX,2b3f3ac1c8becd1d,"Dongsha/Pratas Island"
DSY,2a52705d2504a72b,"Dara Sakor"
DTA,5f42a644b1114669,"Delta Muni"
DTB,286731b7a3a404b9,"Silangit"
DTD,283248db98c6fc6b,"Datadawai"
DTE,2a2b0e687dd7a3a0,"Daet"
DTH,5e3be10d59718a8a,"Furnace Creek"
DTI,104973bf5120978b,"Diamantina"
DTL,37034450acd74959,"Detroit Lakes/Wething"
DTM,3f80e1fbbf8d3dba,"Dortmund"
DTN,5e706e073562938a,"Shreveport Downtown"
DTR,331eacd102220163,"Decatur Shores"
DTU,33e81e5eb9c99288,"Wudalianchi Dedu"
DTW,5f89f29c07ffb5bf,"Detroit Wayne County"
DUA,5e64f93bd00a5142,"Durant Regional/Eaker"
DUB,3e7b4a2cfe4fe06c,"Dublin"
DUC,5e65bf4cab1f7b14,"Halliburton"
DUD,6093578f297670bc,"Dunedin"
DUE,1b6f8cde5ff3d8e7,"Dundo"
DUF,5eaa39e4cb1d5c34,"Pine Island"
DUG,5d4ec019a86fac29,"Bisbee Douglas"
DUJ,5f96ab4afb2048f4,"DuBois Regional"
DUK,1d25a17e05466007,"Mubatuba"
DUM,2855c02c17cc8d3b,"Pinang Kampai"
DUQ,331dc8538df156ef,"Duncan"
DUR,1d2177070f921f93,"King Shaka"
DUS,3f80de6046c4e1a3,"Dusseldorf"
DUT,31677d1026def2a9,"Tom Madsen/Dutch Harbor"
DVD,1f33c16337261014,"Andavadoaka"
DVK,36346d8780815a3d,"Diavik"
DVL,360d83268b05a877,"Devils Lake Regional"
DVN,5f77ec91a52892ba,"Davenport Muni"
DVO,2916744efc77a865,"Francisco Bangoy"
DVP,4e376d52a9816841,"Davenport Downs"
DVR,2505d34ff0a47fcd,"Daly River"
DVT,5e437f4017f121b0,"Phoenix Deer Valley"
DWA,1e53920f3cef1b86,"Dwangwa"
DWB,24fea14a4ea7f74f,"Soalala"
DWC,2cdbdce899afc38a,"Al Maktoum"
DWD,1fc2ad891fe62c8a,"King Salman Abdulaziz"
DWH,5d7a03d90370067f,"David Wayne Hooks Memorial"
DWR,2dcd30e4a92ed2e4,"Dwyer"
DWS,33eb3c86638d40d1,"Morin Dawa Banner"
DXB,2cdcdc2da546684b,"Dubai"
DXD,4e581712642664df,"Dixie"
DXE,5e70fab2978be490,"Bruce Campbell"
DXR,5fa763b0c37e06c9,"Danbury Muni"
DYA,4d37abca4ec09e7f,"Dysart"
DYG,2d4789a7be650c69,"Zhangjiajie Hehua"
DYL,5fa43b8470b914d3,"Doylestown"
DYM,4e38707c865a4b45,"Diamantina Lakes"
DYR,33823600f1e1548a,"Ugolny Yuri Ryktheu"
DYS,5e6059c6b3e44891,"Dyess Air Force Base"
DYU,2fb03544666afab6,"Dushanbe"
DYW,240d899c3fa270f7,"Daly Waters"
DZA,25f8c13fd9505170,"Dzaoudzi Pamandzi"
DZH,2d5c1e7728af7b5e,"Dazhou Jinya"
DZI,59bf3867b85a848f,"Las Flores"
DZN,3afe15204a4e7630,"Zhezkazgan National"
DZO,51dc3e9df4021234,"Santa Bernardina"
DZU,2d59502e8d8ede20,"Dazu"
EAA,3443f9578118bca5,"Eagle"
EAB,1fb7119ee7b3b74f,"Abs"
EAE,4a42bf2b00f4c1f4,"Siwo"
EAM,1fb86d64fd37e00a,"Najran Domestic"
EAN,5f58dc4e510c6719,"Phifer"
EAR,5f65aa766a5b9c34,"Kearney Regional"
EAS,17fbbddf5946af6d,"San Sebastian"
EAT,341252b09c12bcc7,"Pangborn Memorial"
EAU,5f7fc4a4ac89f97c,"Chippewa Valley Regional"
EBA,19f7ab72482e5da3,"Marina Di Campo"
EBB,1e81012c1cb1e80d,"Entebbe"
EBD,1da88ce9e3042efb,"El-Obeid"
EBG,59a7fc0556e1ab8d,"El Bagre"
EBH,18e24e007143e057,"El Bayadh"
EBJ,3e85fc49e2eca88c,"Esbjerg"
EBL,3ee9559679b30c11,"Erbil"
EBM,19d8eda0b74f6e52,"El Borma"
EBN,4a98db2c84a30d8b,"Ebadon"
EBO,4a83e362a621b4d2,"Ebon"
EBS,5f796bf3554d2671,"Webster City Muni"
EBU,3f8e9d8c78a54f5d,"Saint-Etienne-Boutheon"
EBW,1a8391015e9ec896,"Ebolowa"
ECA,5f8ee0e524e0d2b0,"Iosco County"
ECG,5eaa29f954de2da8,"Elizabeth City/Air Station"
ECH,4d1458a6a4984cc3,"Echuca"
ECI,5a83ca427c308209,"Costa Esmeralda"
ECN,1de17ec20fe723df,"Nicosia/Lefkosa Ercan"
ECO,57ba474f7dff4418,"El Encanto"
ECP,5d8bb077901b6427,"Northwest Florida Beaches"
ECR,58a75a4efedb4ea0,"El Charco"
ECS,5f5df0ab35b29532,"Mondell"
EDB,1db879ac4bd64e8a,"Al Dabbah"
EDD,2303f5a42f51b989,"Erldunda"
EDE,5eaa2011617628a5,"Northeastern Regional"
EDI,3e75aa0529c5ba41,"Edinburgh"
EDK,5e6ee6fa8e963ef0,"Captain Jack Thomas El Dorado"
EDL,1e88174148980de5,"Eldoret"
EDM,3f7cd80b0f787e21,"La Roche-sur-Yon"
EDN,32d3149a2330dcc4,"Yedinka"
EDO,1bff29d00bd9c27b,"Balikesir Koca Seyit"
EDQ,5a8c43cc94a8d7ef,"Erandique"
EDR,4e5c1bc010e00630,"Pormpuraaw"
EDW,5e37a16db5103c8d,"Edwards Air Force Base"
EEA,52ec677b632b6be0,"Planalto Serrano Regional"
EED,5e461ce1806e30d5,"Needles"
EEK,326a40253e2edd83,"Eek"
EEN,5faa8c8613b6db38,"Dillant Hopkins"
EES,1ec0902ffcbb75f5,"Berenice/Banas Cape"
EFD,5d781fda3824c981,"Ellington"
EFG,4d6f396e32c7c97e,"Efogi"
EFK,3a07547660bdfb7f,"Northeast Kingdom"
EFL,1be2f04073c66940,"Kefallinia"
EFW,5f785bc380b400b1,"Jefferson Muni"
EGA,4e64a359761af70b,"Engati"
EGC,18f1f22adb362df6,"Bergerac-Roumaniere"
EGE,5f5370573c88021e,"Eagle County Regional"
EGH,1dd7c3f1b8ac001f,"El Jora"
EGI,5d8b9d726e08d73a,"Duke"
EGL,1f9302954f210151,"Negele"
EGM,4c63562bcd7c171d,"Sege"
EGN,1ca394ebf77dd9d9,"Geneina"
EGO,3dcc48b93b2e4ecc,"Belgorod"
EGP,5d663e0c45800c53,"Maverick County Memorial"
EGS,3c69db18231173e3,"Egilsstaoir"
EGV,380119adc26f0f15,"Eagle River Union"
EGX,3257b71cb0ff98ac,"Egegik"
EHL,50a7a7c5759c07fa,"El Bolson"
EHM,32652fd393b443de,"Cape Newenham LRRS"
EHU,2d3adfcb4e541f36,"Ezhou Huahu"
EIB,3f9047cee0f3f2c8,"Eisenach-Kindel"
EIE,37dcf70ec3ca7a72,"Yeniseysk"
EIH,4e446bed6715f9ef,"Einasleigh"
EIK,3ec1de1e7363368f,"Yeysk"
EIL,335e59bb24c96160,"Eielson Air Base"
EIN,3f80ac96ca50e855,"Eindhoven"
EIS,5bc89eddc9f72429,"Terrance B. Lettsome"
EIY,1dd9bfb4fe7330b9,"Ein Yahav"
EJA,59b52f1db69e1d1f,"Yariguies"
EJH,1ec0fa7fc098890c,"Al Wajh Domestic"
EJN,2f686b4620265f34,"Ejin Banner Taolai"
EJT,499921eab0d8654f,"Enejit"
EKA,3302ee3ead6ddffd,"Murray"
EKB,39ecdd21f5caa722,"Ekibastuz"
EKD,4f36e8f8fbe045e8,"Elkedra"
EKI,5f8890732538485d,"Elkhart Muni"
EKN,5f9182ef0a355306,"Elkins-Randolph County"
EKO,5f454e32ac9ed06e,"Elko Regional"
EKS,32c284ffb40585b4,"Shakhtyorsk"
EKT,3d98ada29c6cdf83,"Eskilstuna"
EKX,5e8ea332499059e6,"Addington/Elizabethtown"
ELA,5d68efa634ee0671,"Eagle Lake"
ELB,59bc1456b7bc40c5,"Las Flores"
ELC,4f5baf89bef08024,"Elcho Island"
ELD,5e728b85d8a10660,"South Arkansas at Goodwin"
ELE,59a9651cb317b0dd,"EL Real"
ELF,1caba458787db49f,"El Fasher"
ELG,18d7bcab27f331e3,"El Golea"
ELH,5cad56aff177f67b,"North Eleuthera"
ELI,33658a3dd3816b51,"Elim"
ELJ,58b614766736e561,"El Recreo"
ELK,5e6877d9e1f17551,"Elk City Regional Business"
ELL,1c3d71952d2e6dba,"Ellisras Matimba"
ELM,5f99e08d54f26dc8,"Elmira Corning Regional"
ELN,3411515981757b52,"Bowers"
ELO,52dfef14c30cfa32,"El Dorado"
ELP,5d5e4f82a0b7d32f,"El Paso"
ELQ,1fc0f6c97cda27c1,"Gassim"
ELR,4f754926057bffac,"Elelim"
ELS,1c16dfca74b75591,"Ben Schoeman"
ELT,1dd8572c3209009a,"Et Tur"
ELU,19e13d789c4f5427,"Guemar"
ELY,5f4243f1d5e5517b,"Ely Yelland"
ELZ,5f98ce0f7313bd56,"Wellsville Muni/Tarantine"
EMA,3e7ddc7d485bc16b,"East Midlands"
EMD,4d37890480457dc0,"Emerald"
EME,3e8bd8ae389dba23,"Emden"
EMG,1d239f7e6dbf791a,"Empangeni"
EMI,4d7aa8c9fc50f6b4,"Emirau"
EMK,326f9cbef93c9f61,"Emmonak"
EML,3f9a16d3d78bf2aa,"Emmen"
EMM,5f580472dde2f721,"Kemmerer Muni"
EMN,16b93e75699a331d,"Nema"
EMP,5e7f0cae59aaaa9e,"Emporia Muni"
EMS,4d6c297dbc6c1c1e,"Embessa"
EMT,5e349f6b3859265c,"San Gabriel Valley"
EMX,50a7b48158dada4b,"El Maiten"
EMY,1dd14bceaece678c,"El Minya"
ENA,33514af1fd4d2e47,"Kenai Muni"
ENB,2236c6e7a025d687,"Eneabba"
ENC,3f87d30c4731030e,"Nancy-Essey"
END,5e6abcdce2fa2cdf,"Vance Air Force Base"
ENE,262425159ebe7b5d,"H. Hasan Aroeboesman/Ende"
ENF,3b9da9ba002f8ed8,"Enontekio"
ENH,2d4abecda402c060,"Enshi Xujiaping"
ENI,2a228fc039c36a8d,"El Nido"
ENJ,5a7bdd77eaed7f71,"El Naranjo"
ENK,3e781ee774e8e71f,"Enniskillen/St Angelo"
ENL,5f8024420abe9776,"Centralia Muni"
ENN,335c7ec6dd72c2fa,"Nenana Muni"
ENO,52ddaa8264a50fb8,"Tte. Amin Ayub Gonzalez"
ENS,3e8ed65b7a420de0,"Twente"
ENT,4ba53e54e72bdc72,"Eniwetok"
ENU,19974a4c608b3c19,"Akanu Ibiam"
ENV,5f457af18c3201ff,"Wendover"
ENW,5f8a41d25622dd41,"Kenosha Regional"
ENY,2e4bf26725843212,"Yan'an Nanniwan"
EOH,59a3c7cc87931a80,"Enrique Olaya Herrera"
EOI,3d7db170e9744c32,"Eday"
EOK,5f75c082e6d57eb2,"Keokuk Muni"
EOR,59d550678b12133b,"El Dorado"
EOZ,59b6e2dc17ed907a,"Elorza"
EPA,51c9dac62afbc778,"El Palomar"
EPG,5f751f6d3249fa3d,"Browns"
EPH,341344cfd61c33ac,"Ephrata Muni"
EPL,3f88c2c2636f5111,"Epinal-Mirecourt"
EPR,213c0162933f1b21,"Esperance"
EPT,4e7f0d3137203b0f,"Eliptamin"
EPU,3da67b7464c080d5,"Parnu"
EQS,50a5a3f3ed28ea37,"Brigadier Antonio Parodi"
ERA,2af183769893b6c5,"Erigavo"
ERB,231025d5a14a3792,"Ernabella"
ERC,3edb8bd4e9e165e9,"Erzincan"
ERE,4e69bf550019a27f,"Erave"
ERF,3f9055c70f76eab1,"Erfurt"
ERG,36d43e2e7e9b60c4,"Yerbogachen"
ERH,17d4f35320c02acc,"Moulay Ali Cherif"
ERI,5f986dfeff1631d0,"Erie Tom Ridge"
ERL,34fea6323cfe6e60,"Erenhot Saiwusu"
ERM,52ec264723081892,"Erechim"
ERN,56bbd3d4bf36198d,"Eirunepe"
ERQ,4e3af7913dfd5a57,"Elrose"
ERR,3a09690d22daca5b,"Errol"
ERS,1b31a2c0cc3d98a4,"Eros"
ERT,36f23da82585bfc8,"Erdenet"
ERU,4e616a25eddd785a,"Erume"
ERV,5d697f3d2c53ca32,"Kerrville Louis Schreiner"
ERZ,3ed8bb9d8147dd1a,"Erzurum"
ESA,4d66192a92051ee9,"Esa'ala"
ESB,1cfb49355134e013,"Esenboga"
ESC,3806165dac9cde45,"Delta County"
ESD,331ebd5a52dcfe11,"Orcas Island"
ESE,5d3eaef99c8a6063,"Ensenada/El Cipres"
ESF,5d7d9dc5ddce63a1,"Esler Army/Esler Regional"
ESG,53dc276c68741a2b,"Luis Maria Argana"
ESH,3f72fc677fa7eed7,"Shoreham"
ESK,1cf63f57faae393a,"Eskisehir"
ESL,3dd97a9750369e96,"Elista"
ESM,58a3019267bafd37,"General Rivadeneira"
ESN,5fa02f09d638fa4a,"Easton/Newnam"
ESO,5e597f7f1c47f89b,"Ohkay Owingeh"
ESR,53b0833226646784,"Ricardo Garcia Posada"
ESS,3f80d8bf1ff3e0d6,"Essen Mulheim"
EST,5f7b5f1355aae55b,"Estherville Muni"
ESU,16d5dfd777e7ffb6,"Essaouira-Mogador"
ESW,341062852a2f2030,"Easton State"
ETB,5f8b4f4ce3603a84,"West Bend Muni"
ETD,4e2992657bdbad3d,"Etadunna"
ETE,1ea882461daa6898,"Metema"
ETL,32d23a1d518dd0b8,"Svetlaya"
ETM,1dda9548e1bc391c,"Ramon"
ETN,5e608981c6cea27a,"Eastland Muni"
ETR,5795f36435155f7d,"Santa Rosa/Victor Larrea"
ETS,5d8db915402579d2,"Enterprise Muni"
ETZ,3f86c8fcc03c0107,"Metz-Nancy-Lorraine"
EUA,4731e26c620245d0,"Kaufana"
EUC,2211f5229a892c1b,"Eucla"
EUE,5f422eafe7d3d5e7,"Eureka"
EUF,5d8fd5141d01c38e,"Weedon"
EUG,331829e8e7ce1f3f,"Mahlon Sweet"
EUM,3e992160a903a106,"Neumunster"
EUN,15db21284a590d60,"Hassan I"
EUO,58bd4c3c454fd5a2,"Paratebueno"
EUQ,2a2119e9a4e1aeb2,"Evelio Javier"
EUX,5bc6e176bfae0812,"F. D. Roosevelt"
EVD,24086675aeb2bfc9,"Eva Downs"
EVE,3b9f3f228da93693,"Harstad/Narvik Evenes"
EVG,3d92593be4b3eb8a,"Sveg"
EVH,4c268e628bc6e2bf,"Evans Head"
EVM,370a5a3438af82e1,"Eveleth/Virginia Muni"
EVN,3ee312143c335ef9,"Zvartnots"
EVV,5e8f61227ea2e1e3,"Evansville Regional"
EVW,5f46ff056d9034cf,"Evanston-Uinta County -Burns"
EVX,3f87218e90638853,"Evreux-Fauville"
EWB,5fa7ce39e5d2a5fa,"New Bedford Regional"
EWE,4f68e6c47c1a4743,"Ewer Asmat"
EWI,4f7c39b70e4549c3,"Enarotali"
EWK,5e6fd2e08445c550,"Newton City-County"
EWN,5ea7184ca9af4508,"Coastal Carolina Regional"
EWO,1a7ed33ca3a624b9,"Ewo"
EWR,5fa55981cc897ba7,"Newark Liberty"
EXM,233cb7659cfc4079,"Exmouth"
EXT,3f729d236e5ea800,"Exeter"
EYK,39cfae19875244c9,"Beloyarskiy"
EYL,15afeff06b486c20,"Yelimane"
EYP,59b06a8bc5d4a2a5,"El Yopal"
EYR,5f31b74777d1d01d,"Yerington Muni"
EYS,1e8aa22c6a65f19a,"Eliye Springs"
EYW,5c9a7c9ffad4b6d1,"Key West"
EZE,51c9d1b9cc313d51,"Minister Pistarini"
EZS,3edd9ccae5ef0139,"Elazig"
EZV,3ac18c86831afd58,"Berezovo"
FAA,159efa5f6278778e,"Faranah"
FAB,3f71eb7154c38608,"Farnborough"
FAC,414dc45e79540e37,"Faaite"
FAE,3d7459303fe6b9a8,"Vagar"
FAF,5eac1c8e16373c7a,"Felker Army Air"
FAG,3c6c9c08cbce004e,"Fagurholsmyri"
FAH,2ec07781752c69ae,"Farah"
FAI,335e66caac2ac767,"Fairbanks"
FAM,5e7ee6e2d905150d,"Farmington Regional"
FAO,16ebce8b283469d1,"Faro"
FAQ,4e7f1380ca3b75c9,"Frieda River"
FAR,370144c6c2184a09,"Hector"
FAS,3c6add407f9f3a0f,"Faskruosfjorour"
FAT,5e3b7ef833203923,"Fresno Yosemite"
FAU,2cd4c78477e003bd,"Fahud"
FAV,414dec4f0a073dfd,"Fakarava"
FAY,5e97c5a6a512d616,"Fayetteville Regional/Grannis"
FAZ,2dd7d0e2ce1e7d86,"Fasa"
FBA,57c8905d1a17aba8,"Fonte Boa"
FBD,2ebc0c470f134f1a,"Fayzabad"
FBE,53e01ed89c477821,"Francisco Beltrao"
FBG,5e97cb738a78bdc6,"Simmons Army Air"
FBK,335e6a85cc62698c,"Ladd Army"
FBL,5f7e807ddff570e4,"Faribault Muni/Liz Strohfus"
FBM,1d51bfdccedf3afe,"Lubumbashi"
FBR,5f57038d20539a32,"Fort Bridger"
FBY,5f64e5b7146c5114,"Fairbury Muni"
FCA,341e15db20f3ca58,"Glacier Park"
FCB,1c2a9529d1d6822d,"Ficksburg Sentraoes"
FCH,5e3b7cabfa19ed05,"Fresno Chandler Executive"
FCM,5f7f823eb589baf7,"Flying Cloud"
FCN,3e9a032cd43e811c,"Nordholz Naval"
FCO,19fc8b38755771e6,"Rome-Fiumicino/DaVinci"
FCS,5f50bae98de41ae9,"Butts AAF/Fort Carson"
FCY,5e77d3f5dd09f4b6,"Forrest City Muni"
FDA,5ab00e7076e0166f,"Fundacion"
FDE,3d868abfde5b87f2,"Forde Bringeland"
FDF,5add45f05d19ff28,"Martinique Aime Cesaire"
FDH,3f984a3974360e58,"Friedrichshafen"
FDK,5f92e7ab63892795,"Frederick Muni"
FDR,5e658a9dc5ee08ae,"Frederick Regional"
FDU,1b755f9dd2637d77,"Bandundu"
FDY,5f86f516a8f8547a,"Findlay"
FEA,3d79e4ac34a28a5c,"Fetlar"
FEB,2d978f2695b8eecf,"Sanfebagar"
FEC,11509df8cbec1a6a,"Joao Durval Carneiro"
FEG,2fa4bc544167927b,"Fergana"
FEJ,56b6c848bb0bca3b,"Feijo"
FEN,117f32e990f3c91a,"Fernando de Noronha"
FEP,5f8904f0be08653c,"Albertus"
FET,5f77058fca48c092,"Fremont Muni"
FEZ,17e24f9007fea679,"Fes Saiss"
FFA,5ea94f5a18eb38b8,"First Flight"
FFD,3f70ca75a3cba79e,"RAF Fairford"
FFL,5f76b64e551fc511,"Fairfield Muni"
FFM,37023829f2a0a7a0,"Fergus Falls/Einar Mickelson"
FFO,5f83e7794c96b032,"Wright-Patterson Air Base"
FFT,5e8fc6af93fe0d40,"Capital City"
FFU,50a4983dd56235f3,"Futaleufu"
FGD,15cb526910ea17d7,"Fderik"
FGL,49063de9c8d97fe5,"Fox Glacier Aerodrome"
FGU,4142e1f35103ed32,"Fangatau"
FHU,5d4ea54a8c6f3d63,"Sierra Vista Muni/Libby Base"
FHZ,4140e768fbf662a6,"Fakahina"
FID,5fa6ae17b3117666,"Elizabeth"
FIE,3d7cd36303b5f41e,"Fair Isle"
FIG,15a60356047ccca7,"Fria"
FIH,1b702131f8ab4ffa,"Ndjili"
FIK,2302d34929c8815f,"Finke"
FIL,5f41a54ad75c2129,"Fillmore Muni"
FIN,4d6fba4e3b5341de,"Finschhafen"
FIZ,2417bde9bd6dca20,"Fitzroy Crossing"
FJR,2cdca6f6f71493db,"Fujairah"
FKB,3f9608dc4b7337b5,"Karlsruhe Baden-Baden"
FKI,1c8d17873432a577,"Bangoka"
FKJ,31e65354e2b29759,"Fukui"
FKL,5f9773f4b8c084f7,"Venango Regional"
FKN,5eab0bf5791c0064,"Franklin Regional"
FKQ,27066d6674a79bc9,"Fakfak"
FKS,4decd00ab5ad9f6e,"Fukushima"
FLA,58a4df1cc65d709d,"Gustavo Artunduaga Paredes"
FLB,1065a39c0b950da8,"Cangapara"
FLD,5f8c3c7953c1ed32,"Fond du Lac County"
FLF,3e97171b7292aca9,"Flensburg-Schaferhaus"
FLG,5e479b376ac0fbbf,"Flagstaff Pulliam"
FLH,3d7ea0d56a54122d,"Flotta Isle"
FLI,3c632e84f7a1e306,"Holt"
FLL,5c9fb2d175dc1f19,"Fort Lauderdale Hollywood"
FLM,53db38ab786ffb9d,"de Filadelfia"
FLN,52eca6415870cf06,"Hercilio Luz"
FLO,5e95a3cd4cf92561,"Florence Regional"
FLP,5e7a9a6c4e20a016,"Marion County Regional"
FLR,19f9c7e7030877f4,"Peretola"
FLS,4c09b9ea130df9ed,"Flinders Island"
FLT,33610f79574cf183,"Flat"
FLV,5f7235fbae4d4d6e,"Sherman Army Air"
FLW,13f7289b2553e867,"Flores"
FLX,5f32caad2e9035d9,"Fallon Muni"
FLY,4d1365fd0ce20ce6,"Finley"
FLZ,28644e02bb9a11d5,"Dr. Ferdinand Lumban Tobing"
FMA,53d05799f486d7fa,"Nacional de Formosa"
FME,5fa10a4a46d2cdc8,"Tipton"
FMG,5a80d8168421fe5b,"Flamingo"
FMH,5fa7dd3ea6ec1379,"Cape Cod Coast Guard Station"
FMI,1d67df9d7c36c920,"Kalemie"
FMM,3f975a99dcfb8290,"Memmingen Allgau"
FMN,5e5b2d81371f1eca,"Four Corners Regional"
FMO,3e8ee9e2bba0bd36,"Munster Osnabruck"
FMS,5f75c7cceef43f5c,"Fort Madison Muni"
FMT,28b0495b404d1b73,"Faresmaathoda"
FMU,33163bc8f01ce1f0,"Florence Muni"
FMY,5d9069f41e6c3a6c,"Page"
FNA,1597a2f30cf06974,"Lungi"
FNB,3e988fdc48560a3e,"Neubrandenburg"
FNC,15e31f5328d2c83e,"Madeira Cristiano Ronaldo"
FND,29b334cd15e113de,"Funadhoo"
FNE,4e615448494e9301,"Fane"
FNG,18a15174ff00a778,"Fada N'gourma"
FNH,1e9cd6f01b36abdc,"Fincha"
FNI,18fac1c907f4e747,"Nimes-Arles-Camargue"
FNJ,2f22e0012a6db341,"Pyongyang Sunan"
FNL,5f54cf3b898d6c0e,"Northern Colorado Regional"
FNT,5f8aee7dafcef3f7,"Bishop"
FNU,19f43ead4aa6d455,"Oristano-Fenosu"
FOA,3d7ac9c20cd13354,"Foula"
FOB,5f32291c0fcfcbf1,"Fort Bragg"
FOC,2c2efb5d55455b3f,"Fuzhou Changle"
FOD,5f796f37884486e4,"Fort Dodge Regional"
FOE,5f71251611c35a51,"Topeka Regional"
FOG,1af4775457e9f366,"Foggia Gino Lisa"
FOK,5fa58efee7a4917a,"Francis S Gabreski"
FOM,1a9119ab93aff074,"Foumban Nkounja"
FON,5a900add2c09c83f,"La Fortuna Arenal"
FOO,270d0140d09f7a2a,"Kornasoren"
FOR,107f472980884900,"Pinto Martins"
FOS,2213faeb641b0191,"Forrest"
FOT,4c16fef8f45a8fea,"Forster/Wallis Is"
FOU,1a71b5f3de5caf22,"Fougamou"
FOY,1690a312e543dc80,"Foya"
FPO,5d90f8c07bd919ef,"Grand Bahama"
FPR,5d93a2e175c84805,"St Lucie County"
FPY,5d9a138eb1246acc,"Perry-Foley"
FRA,3f93166c0d4d6941,"Frankfurt"
FRB,4d10c6ec9ae02e0a,"Forbes"
FRC,54f02bd541bcc85e,"Tenente Lund Pressoto"
FRD,331eb61988adb2d0,"Friday Harbor"
FRE,4b6e68ab31cd8fe3,"Fera/Maringe"
FRG,5fa57a475e96529b,"Republic"
FRH,5f80835c4fda1bbe,"French Lick Muni"
FRI,5f61f9666434743a,"Marshall Army Air"
FRK,27e15a01cd876ab3,"Fregate Island"
FRL,19fbd3ca03abe0c4,"Forli"
FRM,5f7c57ee1bba39a6,"Fairmont Muni"
FRN,335438c2ef1eae89,"Bryant Army"
FRO,3d8674915c93cffb,"Floro"
FRQ,4e6ffbacdc79c071,"Feramin"
FRR,5f91c4b1f45a13ea,"Front Royal Warren County"
FRS,5b84056779b0f4ef,"Mundo Maya"
FRT,50a976daf89931f1,"El Avellano"
FRU,2fab32860efac9a2,"Manas"
FRW,1c3dfe0fae629100,"P G Matante Intl"
FRY,3a0a4a86036a820b,"Eastern Slopes Regional"
FRZ,3f90296a98409ad7,"Fritzlar Army"
FSC,19f57870f13cb1d8,"Figari Sud-Corse"
FSD,5f7c058cf1448f4f,"Sioux Falls Regional/Joe Foss"
FSI,5e66a7331fa19b6c,"Henry Post Army Air"
FSK,5e7e471a44012554,"Fort Scott Muni"
FSL,2418b0516a03e826,"Fossil Downs"
FSM,5e7843bbb105820d,"Fort Smith Regional"
FSP,3c158496f958c9f4,"St Pierre"
FST,5d5cd83b97c71c11,"Fort Stockton Pecos County"
FSU,5e56b0446b7fd5f6,"Fort Sumner Muni"
FSZ,4ee365d14efcace0,"Mount Fuji Shizuoka"
FTA,494c3fe73f0ec567,"Futuna"
FTE,6a131c8934844c05,"El Calafate/Armando Tola"
FTI,455f3cd73b4ef485,"Fitiuta"
FTK,5e8eab0feedca757,"Godman Army Air"
FTU,23f30c1f496607c4,"Tolanaro"
FTW,5e61ca758c0503d7,"Fort Worth Meacham"
FTX,1b71eb5d5e618023,"Owando"
FTY,5e84e26d595e921c,"Fulton County Brown"
FUB,4d68c4b9a7a3c90d,"Fulleborn"
FUE,15d95ccec5160b16,"Fuerteventura"
FUG,2e31dcdfdd4cad46,"Fuyang Xiguan"
FUJ,2e21034d21384558,"Fukue"
FUK,2e13dafb6c1bea7c,"Fukuoka"
FUL,5e34965c61d2bc59,"Fullerton Muni"
FUM,4e6dbafba126b331,"Fuma"
FUN,48625853725ac584,"Funafuti"
FUO,2c36e9a1d8b9b36f,"Foshan Shadi"
FUT,475a31839f4c096e,"Pointe Vele"
FVL,24175802bb26b0e5,"Flora Valley"
FVM,27bf3096bfb3f7a3,"Fuvahmulah"
FVR,25104fc05e20f803,"Oombulgurri"
FWA,5f86b470b8032954,"Fort Wayne"
FWH,5e61c833f1cf7e3b,"NAS Fort Worth JRB/Carswell"
FWL,3354b901899544b8,"Farewell"
FXE,5c9fb7cb3275271e,"Fort Lauderdale Executive"
FXO,1e5823060cdcbda8,"Cuamba"
FXY,5f7b78ad3d4e2110,"Forest City Muni"
FYJ,32db65916701779e,"Fuyuan Dongji Aiport"
FYM,5e8788e460742793,"Fayetteville Muni"
FYN,38f1c05f82201918,"Fuyun Koktokay"
FYT,1bb8765d95c3b55f,"Faya Largeau"
FYU,345468b7e65614ac,"Fort Yukon"
FYV,5e795f5230b92cc1,"Drake"
FZL,3def6099ef4581fc,"Fuzuli"
GAB,5f31d4c4d760babb,"Gabbs"
GAC,5a8d4442bd661a1a,"Celaque"
GAD,5e84aa4f2db35918,"Northeast Alabama"
GAE,19e94f0cf254f8b4,"Gabes Matmata"
GAF,19e65fd3cd103d95,"Gafsa Ksar"
GAG,5e6a7b20b2520bd7,"Gage"
GAH,4c3d2a2dad5c29a6,"Gayndah"
GAI,5f91fd4e18e798a9,"Montgomery County"
GAJ,31d2a7b9339f6d00,"Yamagata"
GAL,336818961c8ba1a6,"Edward G. Pitka Sr"
GAM,33704663e6c67579,"Gambell"
GAN,27bd4d733413ae79,"Gan"
GAO,5badbc9c504af68b,"Mariana Grajales"
GAP,4e64dc0694cd664a,"Gusap"
GAQ,17bf2f5c51edc82c,"Gao"
GAR,4e61745db5a022e8,"Garaina"
GAS,1f73e78fbc37b864,"Garissa"
GAT,18fdea527d9f5be2,"Gap/Tallard"
GAU,2c7fb379e4c422e1,"Lokpriya Gopinath Bordoloi"
GAV,270ebbed6d68f172,"Gag Island"
GAW,2c733eee73795ad2,"Gangaw"
GAX,197f784b30689927,"Gamba"
GAY,2c8be579c635f0eb,"Gaya"
GAZ,4d613429a9a5b906,"Guasopa"
GBA,3f70baf9491696dc,"Cotswold"
GBB,3dec56aeb3317caa,"Gabala"
GBC,4e6fc7e71ed6256b,"Gasuke"
GBD,5e6fad1643499803,"Great Bend Muni"
GBE,1c38503c151f725c,"Sir Seretse Khama"
GBF,4e67be6be1720e4b,"Negarbo(Negabo"
GBG,5f76e2f870e99019,"Galesburg Muni"
GBH,3456e715747ffc7b,"Galbraith Lake"
GBI,2ba5780609ac6a16,"Kalaburagi"
GBJ,5bd133b0dd1f009b,"Les Bases"
GBK,1599887d2537428a,"Gbangbatok"
GBL,250b6a3e158c4a89,"South Goulburn Is"
GBM,1f89a66cc43d8e81,"Garbaharey"
GBP,4e46cdcc5f914cc3,"Gamboola"
GBR,5fa9616bdafe759b,"Walter J. Koladza"
GBT,2edc437e5561be05,"Gorgan"
GBU,1ea6e85e40a7a7f1,"Khashm El Girba"
GBV,241d82c6b0086ab9,"Gibb River"
GBW,232ace431479341e,"Ginbata"
GBZ,481b587d39b3dea8,"Great Barrier Aerodrome"
GCA,58a7e2f97a8bd1d3,"Guacamayas"
GCC,350d23e506727988,"Northeast Wyoming Regional"
GCD,34145d91813d609f,"Grand Coulee Dam"
GCH,2dea2fd770c471c0,"Gachsaran"
GCI,3f76a0ad28937b8d,"Guernsey"
GCJ,1c3c1d17d4acfd47,"Grand Central"
GCK,5e6e5c5dd5153a12,"Garden City Regional"
GCM,5b9b97b309f91493,"Owen Roberts"
GCN,5e498caf156757b9,"Grand Canyon National Park"
GCT,5e4a6948a060ed77,"Grand Canyon Bar Ten"
GCV,52e621e57d720623,"Gravatai"
GCW,5e494eb569fa83e7,"Grand Canyon West"
GCY,5e9a265e2ee3b331,"Greeneville Muni"
GDB,2c92c069db4141b6,"Gondia"
GDC,5e963bcb6b1d67fe,"Donaldson"
GDD,241646f059884a18,"Gordon Downs"
GDE,1f9c229075ebc76c,"Gode"
GDI,1c92d1e7e4d9a515,"Gordil"
GDL,5b5f81f8655da632,"Miguel Hidalgo"
GDM,5fa99f46cebb576f,"Gardner Muni"
GDN,3ea41782a8f4e31e,"Gdansk Lech Walesa"
GDO,59b6ba1401581342,"Guasdalito"
GDP,1064a1c138a3210b,"Guadalupe"
GDQ,1eab67f3d0b20d6c,"Gondar"
GDT,5cb16c8c13fa81cc,"JAGS McCartney"
GDV,3600868b60cbd8c2,"Dawson Community"
GDW,5f8dc39e5266e55f,"Gladwin Zettel Memorial"
GDX,33a0c791b7d24781,"Sokol"
GDZ,3ec5feaa9e31bb76,"Gelendzhik"
GEA,4a37b3d934d4d3ee,"Noumea Magenta"
GEB,270fccf058c87448,"Gebe"
GEC,1de274f28f60785d,"Lefkoniko/Gecitkale"
GED,5fa03bc0ecb80930,"Delaware Coastal"
GEE,60cda7d0a8d5d7bc,"Georgetown"
GEF,4c678447ae81d904,"Geva"
GEG,341736638995ec82,"Spokane"
GEL,52dada7c4a8893ca,"Santo Angelo"
GEM,1a825949988b5157,"President Obiang Nguema"
GEO,59d4e5aa37e93206,"Cheddi Jagan"
GER,5c925f200442b596,"Rafael Cabrera"
GES,29128f7af328d877,"General Santos"
GET,2239d4907f60381c,"Geraldton"
GEV,3c92922135e3bead,"Gallivare"
GEW,4d6d3623a5aaba02,"Gewoia"
GEY,35074ced5d709311,"South Big Horn County"
GFD,5f83a653ff6e4a42,"Pope"
GFE,4c1fb635e6183e03,"Grenfell"
GFF,4d13ab936c1a61dc,"Griffith"
GFK,37007c4c256d95f3,"Grand Forks"
GFL,5fab5c4c4711fa4e,"Floyd Bennett Memorial"
GFN,4c276693a1dfef5c,"Grafton"
GFO,59d3de9a7abdfa50,"Bartica A"
GFR,3f77c7b2d61a8053,"Granville"
GFY,1b4531a518c9c234,"Grootfontein"
GGB,55e4b6ccd323c4ad,"Frederico Carlos Muller"
GGC,1c50432a9be51574,"Lumbala"
GGD,4f4061869b075ebb,"Gregory Downs"
GGE,5e92cf1370709d05,"Georgetown County"
GGF,57ebd5fb713ccfe0,"Almeirim"
GGG,5e70376cbf166893,"East Texas Regional"
GGJ,53e608cdc4aa6228,"Guaira"
GGM,1e8704d697bb7893,"Kakamega"
GGN,169d3319e82ad683,"Gagnoa"
GGO,1698477079307136,"Guiglo"
GGR,29fa678306b01e10,"Garowe"
GGS,6a08fa672a8c95bb,"Gobernador Gregores"
GGT,5ca78f846cf31b5f,"Exuma"
GGW,350db6f1b409533b,"Wokal/Glasgow-Valley County"
GHA,18ea0272c6ff6c8c,"Noumerat/Moufdi Zakaria"
GHB,5cac6eb49adbbe2f,"Governor's Harbour"
GHC,5cae226e450843e4,"Great Harbour Cay"
GHE,59a943295f1facaf,"Garachine"
GHF,3f934e53d5070792,"Giebelstadt"
GHK,3635341ecb93d0bd,"Gahcho Kue"
GHM,5e896883ef8afaed,"Centerville Muni"
GHN,2d5c9a811ac3e127,"Guanghan"
GHS,273f155c413bcf45,"Melalan"
GHT,19ccce74f643670c,"Ghat"
GHU,51cdfd3c80397d5d,"Gualeguaychu"
GHV,3fb267a77fbca917,"Brasov-Ghimbav"
GIB,17e2a5561f78f7d4,"Gibraltar"
GIC,4e6d372c521bd449,"Boigu Island"
GID,1d7a514b896228d9,"Gitega"
GIF,5d946bf62d56ce29,"Winter Haven/Gilbert"
GIG,103da83d920fc096,"Rio Galeao - Tom Jobim"
GII,16a33a88caa0e4f4,"Siguiri"
GIL,2ea97ba9db4ab1b5,"Gilgit"
GIR,58adf6587309fa46,"Santiago Vila"
GIS,4805f050f0ac60e5,"Gisborne"
GIT,1e707425c72832a2,"Mchauru"
GIU,2998cee42dc7ba3b,"Sigiriya Air Force Base"
GIY,1d348ddba04bde21,"Giyani"
GIZ,1fb54445d38ed1d7,"Jizan Regional/K Abdullah"
GJA,5b82ce6e6008077e,"La Laguna"
GJL,18eebdfe4e8807c4,"Jijel Ferhat Abbas"
GJM,55cea557db8c5ad5,"Guajara-Mirim"
GJR,3c645f1b1d1afb25,"Gjogur"
GJT,5f513c441c8708c6,"Grand Junction Regional"
GKA,4e66c3fd289eae09,"Goroka"
GKD,1bfc48654643a4f8,"Gokceada"
GKE,3f81cd07c3a7d416,"Geilenkirchen"
GKH,2d84fa65e04990ec,"Palungtar"
GKK,28b2349cb1a067ac,"Kooddoo"
GKL,4d309e2723ddf7cf,"Great Keppel Is"
GKN,3349ffcee4093c52,"Gulkana"
GKT,5e9909912b8f5bec,"Gatlinburg-Pigeon Forge"
GLA,3e758b18dd27d6b8,"Glasgow"
GLB,5e43a08e6bb08d84,"San Carlos Apache"
GLC,29f5bdddf867b2d5,"Geladi"
GLD,5f62358dbcbefb3a,"Goodland Muni"
GLE,5e63dd17584c7b1e,"Gainesville Muni"
GLF,599b503ff2988ba2,"Golfito"
GLG,4e3a497e7fc417b0,"Glengyle"
GLH,5e73d6665685a78d,"Mid Delta Regional"
GLI,4c2a6bd5501005d5,"Glen Innes"
GLK,29f5938be9014ac5,"Galcaio"
GLL,3d87daff62fc6ae1,"Gol"
GLM,4e3d9ef7f6290ea8,"Glenormiston"
GLN,16d475652c4d61ab,"Guelmim"
GLO,3f70b1c8222f7ecb,"Gloucestershire"
GLP,4f60f17d331d3b1e,"Gulgubip"
GLR,5f8fb9d99cecc9e2,"Gaylord Regional"
GLS,5d78209a9181d60a,"Scholes At Galveston"
GLT,4c3f7c2588b01128,"Gladstone"
GLU,2d71e6bb09db27fd,"Gelephu"
GLV,336593234320d5c7,"Golovin"
GLW,5e8ca83d8d8881d1,"Glasgow Muni"
GLX,28151c2446a2a29e,"Gamarmalamo"
GLZ,3f8099b160be47e3,"Gilze Rijen"
GMA,1b8da2225ba82448,"Gemena"
GMB,1e959a6dd1b98423,"Gambela"
GMD,16ed30d5a730d1c1,"Ben Slimane"
GME,3dbe8cf8d3355f73,"Gomel"
GMI,4d69c152bc9dbe92,"Gasmata Island"
GMM,1b71a84527dc77ed,"Gamboma"
GMN,49046834d0a0d3dd,"Greymouth"
GMO,1aa10a2f7854c06d,"Gombe Lawanti"
GMP,2e2d9ed08800ae64,"Gimpo"
GMQ,2e655d39d668a9f5,"Golog Maqen"
GMR,5309a7509bd06139,"Totegegie"
GMS,10709d6d2f0853c5,"Antonio Guerreiro"
GMT,336873adf5175dc9,"Granite Mountain Air Stn"
GMU,5e963fd718c011f9,"Greenville Downtown"
GMV,5e4cd8f378214a39,"Monument Valley"
GMZ,15d04a93fe526e5c,"La Gomera"
GNA,3ea2b8f39a040316,"Hrodna"
GNB,3f8fb1d1a136dd48,"Grenoble-Isere"
GND,5ad536b8b38bcc16,"Maurice Bishop"
GNF,5f338c73015e9848,"Gansner"
GNG,3408743bf8f82fc8,"Gooding Muni"
GNI,2c2586b19ec10d0c,"Lyudao"
GNM,10583dd79f8bc563,"Guanambi"
GNN,1f95626d14efa9ca,"Ghinnir"
GNR,50be58ba4742e3ef,"Dr. Arturo Illia"
GNS,28637ab8db004212,"Binaka"
GNT,5e572c6a9c6d6d3d,"Grants-Milan Muni"
GNU,32672679d2a53d21,"Goodnews"
GNV,5d995324ec409fef,"Gainesville Regional"
GNY,1dead7968c986247,"Sanliurfa GAP"
GNZ,1b3ed272a3b3bb18,"Ghanzi"
GOA,19f3ee3ef8470ada,"Genoa Cristoforo Colombo"
GOB,1f93694497312889,"Robe"
GOC,4d6e32d2c5771db5,"Gora"
GOE,4d65eca6dd79c12f,"Gonaili"
GOG,1b36b61ccd9769d6,"Gobabis"
GOH,3b4112d2608df2f5,"Nuuk"
GOI,2abf0ba60c42722e,"Dabolim"
GOJ,3cc85ffb2385acb8,"Nizhny Novgorod Strigino"
GOK,5e69d80c48a0bfb9,"Guthrie-Edmond Regional"
GOL,33141367bae1ba93,"Gold Beach Muni"
GOM,1d78a6c154b3c7b4,"Goma"
GON,5fa7a107649ccaef,"Groton New London"
GOO,4c2eae0030b93996,"Goondiwindi"
GOP,2d91207373373362,"Gorakhpur"
GOQ,2e7a3fd408ae3f87,"Golmud"
GOR,1e9893837e2ddac4,"Gore"
GOS,4c18cbef722ee4ce,"Somersby"
GOT,3d9f41b01b5bec2c,"Gothenburg-Landvetter"
GOU,1a99d42fcb9a76cf,"Garoua"
GOV,4f5991c570721a66,"Gove"
GOX,2bb00d7041299f7a,"Mopa"
GOZ,3fb7957baf2c4fc9,"Gorna Oryahovitsa"
GPA,1be4f252b3843099,"Patras Araxos Agamemnon"
GPB,53e25de004c3997b,"Tancredo Thomas de Faria"
GPD,4e4e3e2e0c2c7995,"Mount Gordon"
GPI,58a851e090dacbf6,"Juan Casiano"
GPL,599f3e4607de7b27,"Guapiles"
GPN,250cc7e365a1d02b,"Garden Point"
GPO,51c61d28699132e2,"General Pico"
GPS,577ef92384d3dfbd,"Seymour Galapagos"
GPT,5d8b22899ec0e1a2,"Gulfport Biloxi"
GPZ,370847d12c17cccb,"Grand Rapids Itasca"
GQQ,5f951b66aaa2c281,"Galion Muni"
GRB,5f8e46379cdcb2dd,"Austin Straubel"
GRC,1686e35c4c8cb9e1,"Grand Cess"
GRD,5e95467849d2fffd,"Greenwood County"
GRE,5f81108e938a4694,"Greenville"
GRF,331d76c105d3b60a,"Gray Army Air"
GRG,2eb35c87b6058e4f,"Gardez"
GRI,5f66c3390c287ad5,"Central Nebraska Regional"
GRJ,1b19b430aa0dd39f,"George"
GRK,5d6cafd47054e026,"Killeen-Hood/Robert Gray"
GRL,4e6171068902e212,"Garasa"
GRM,370f620fc4ae4b3c,"Grand Marais Cook County"
GRN,5f6a38ef78958c28,"Gordon Muni"
GRO,18f688723ebb8b42,"Girona-Costa Brava"
GRP,55fb36f7f7af5f97,"Gurupi"
GRQ,3e8cc6820a1a7ff1,"Groningen Eelde"
GRR,5f8aab6c21ed3263,"Gerald R. Ford"
GRS,19f9a97a422e5da7,"Grosseto"
GRT,2ea192e3e37de385,"Gujrat"
GRU,53f8268c408fc526,"Guarulhos/Andre F Montoro"
GRV,3ddce27a2d80162c,"Grozny"
GRW,13fd1cacefc6963f,"Graciosa"
GRX,17e6c7fa322eb818,"F.G.L. Granada-Jaen Airport"
GRY,3c649e9763e04c83,"Grimsey"
GRZ,3fa707f2d4a204ad,"Graz"
GSA,283d1cabd9e2a33a,"Long Pasia"
GSB,5e98e3dce6660fcc,"Seymour Johnson Air Base"
GSC,2333ac13623b8890,"Gascoyne Junction"
GSE,3d9e3efa3f5f0ed7,"Gothenburg City"
GSH,5f8798fe8698a0b4,"Goshen Muni"
GSI,58ed9720736c5cbe,"Grand-Santi"
GSJ,5a7bd562f38c3959,"San Jose"
GSL,3631231f903852d5,"Taltheilei Narrows"
GSM,2dd1a0bed045a5c1,"Qeshm Dayrestan"
GSN,4e2912f7ccab35a7,"Mount Gunson"
GSO,5e9a929edddd3937,"Piedmont Triad"
GSP,5e97412755280b71,"Greenville Spartanburg"
GSQ,1dc05616e3f1220b,"El Owainat East"
GSR,29fd4bfc316eb9cc,"Gardo"
GSS,1d354b1c22106b77,"Sabi Sabi"
GST,333bdd73c1931d9e,"Gustavus"
GSV,3cdd1f3ef2790f77,"Gagarin"
GTA,4c6247a2e21fa901,"Gatokae"
GTE,4f59409e1aa09673,"Groote Eylandt"
GTF,3503d4a18defae23,"Great Falls"
GTG,370a117df23aa58c,"Grantsburg Muni"
GTI,3e97806973f83345,"Flugplatz Guttin/Rugen"
GTK,285874a960b6b994,"Sungai Tekai"
GTN,490626ee7938b8ec,"Glentanner"
GTO,2811dfdf0b4f67d0,"Jalaluddin"
GTP,33160537dac6ff87,"Grants Pass"
GTR,5e8335b082a5f112,"Golden Triangle Regional"
GTS,24102d26b4c9efe1,"The Granites"
GTT,4e467378e3e734c9,"Georgetown"
GTY,5f93e8b3313a59ba,"Gettysburg Regional"
GTZ,1e759b3e89436e30,"Kirawira B"
GUA,5a7de46a395f2af7,"La Aurora"
GUB,5d34e9dc977cce6b,"Guerrero Negro"
GUC,5f5064afaf0bbc43,"Gunnison Crested Butte"
GUD,17b521a2aae80e29,"Goundam"
GUE,4f7043cf3643343d,"Guriaso/Keraso"
GUF,5d8a6d59c02a55d7,"Jack Edwards National"
GUH,4c2d325a7d6ff6b2,"Gunnedah"
GUI,5ad120b03c077b96,"Guiria"
GUJ,53fa54b6364b99db,"Guaratingueta"
GUL,4c1b912714bf935c,"Goulburn"
GUM,4ea598f403436c07,"Antonio B. Won Pat"
GUO,5a8ec903d98e97e7,"Jicalapa"
GUP,5e580a6decf3fe4c,"Gallup Muni"
GUQ,59bcd3d7f6967f92,"Guanare"
GUR,4d58f2caf82e59d5,"Gurney"
GUS,5f859736e241bf51,"Grissom Air Reserve Base"
GUU,3c661ba67fbf1976,"Grundarfjorour"
GUV,4e6dcb5d3d98eec5,"Mougulu"
GUW,3cec1629b61a863e,"Atyrau"
GUX,2cab411843243f6f,"Guna"
GUY,5e6b2afd823cab32,"Guymon Muni"
GUZ,11410e8ac06b8515,"Guarapari"
GVA,3f8cde5dedfb4eb0,"Geneva Cointrin"
GVE,5e9fd54e3bf287d1,"Gordonsville Muni"
GVI,4f7133cd338b1cc5,"Green River"
GVL,5e950718c99c48cb,"Lee Gilmer Memorial"
GVN,32c4c7be060b58cd,"Sovetskaya Gavan/Maygatka"
GVP,4e425365d68b9522,"Greenvale"
GVR,104d55bca1711ba3,"Altino Machado de Oliveira"
GVT,5e62f4fd0fa7bb6f,"Majors"
GVX,3d95a704b5df3f97,"Gavle Sandviken"
GWA,2b7626364c6d1b96,"Gwa"
GWD,2ccccb2e30755afc,"Gwadar"
GWE,1d45401efd024183,"Gweru/Thornhill"
GWL,2caf1c2079578bb2,"Gwalior"
GWO,5e73f6cd6c8fdd14,"Greenwood-Leflore"
GWS,5f526b5348509347,"Glenwood Springs Muni"
GWT,3e87f62a981678f0,"Westerland Sylt"
GWV,5f936c5683b9f747,"Glendale Fokker"
GWY,3e6bf514c0b5bc7f,"Galway"
GXF,2bf127bb8eaccc51,"Seiyun Hadhramaut"
GXG,1a6f74bcb7fca590,"Negage"
GXH,2e56fe744480c501,"Gannan Xiahe"
GXQ,6a07700dc660fd71,"Teniente Vidal"
GXX,1aae0c5f427806ef,"Yagoua"
GXY,5f54df148377c99b,"Greeley-Weld County"
GYA,55cea32cf148ae5b,"De Av. Emilio Beltran"
GYB,232fe6f6112754e7,"Port Hedland/Wodgina"
GYD,3de89adfd6f03d8f,"Heydar Aliyev"
GYE,5799f3cb57bc54dd,"Jose Joaquin de Olmedo"
GYG,34c91caa7c7c9fec,"Magan"
GYL,241c471d6d5c406f,"Argyle"
GYM,5d4467d31e10a0f4,"Jose Maria Yanez"
GYN,54fc18518bd67f49,"Santa Genoveva"
GYO,286c85dedf7630e2,"Blangkejeren"
GYP,4c3a08461d993aa9,"Gympie"
GYR,5e43635dee4e5ce8,"Phoenix Goodyear"
GYS,2e506891200e4973,"Guangyuan Panlong"
GYU,2e5a7202b7f1bb53,"Guyuan Liupanshan"
GYY,5f876c240f5affb7,"Gary Chicago"
GYZ,222b65fd31291fd2,"Gruyere"
GZG,2d6e6d6076e0ddde,"Garze Gesar"
GZI,2eb376691cd44619,"Ghazni"
GZO,4c6666acaef12538,"Nusatupe"
GZP,1ceea2b4251a727f,"Gazipasa-Alanya"
GZT,1de8c35d66ea67dd,"Gaziantep"
GZW,2edad8fb999be46f,"Qazvin"
HAA,3b9865e7c464a712,"Hasvik"
HAB,5e855130ff1538d6,"Marion County Rankin"
HAC,4ee22166d2c0a5c1,"Hachijojima"
HAD,3e916622963421b9,"Halmstad"
HAF,5e3d2ca3892fa0f7,"Half Moon Bay"
HAH,1f59c90b9db6ac56,"Prince Said Ibrahim"
HAI,5f88a954fed38304,"Three Rivers Muni"
HAJ,3e9d22ae2a2cad5a,"Hannover"
HAK,2b4d457a88daf9d6,"Haikou Meilan"
HAL,1b40585552f30079,"Halali"
HAM,3e9a22bd26f92b60,"Hamburg Helmut Schmidt"
HAN,2c5112f4e277d54a,"Noi Bai"
HAO,5f82d569567c4b40,"Butler Co Regional/Hogan"
HAQ,29b5410ec0daacdd,"Hanimaadhoo"
HAR,5f94f68c75a5ce4e,"Capital City"
HAS,1eda2ffe8f85a074,"Ha'il"
HAT,4e5bbb6b9fd6c283,"Heathlands"
HAU,3d8c856fb36f55b8,"Haugesund Karmoy"
HAV,5c96640b9d33b735,"Jose Marti"
HAW,3e7f6e479c44b303,"Haverfordwest"
HAY,33677b5e7a71cab5,"Haycock"
HAZ,4e762f3e260b647b,"Hatzfeldhaven"
HBA,60cf7a8f6e09bc9d,"Hobart"
HBB,5e51d8216c63af3d,"Industrial"
HBD,4e6dc930467b8149,"Habi"
HBE,1cddc09e6f8fddaa,"Borj El Arab"
HBG,5d8d270c5d5c96b1,"Hattiesburg Bobby Chain"
HBK,5e47c3c5c2cfe982,"Holbrook Muni"
HBQ,2e6f509066039a42,"Haibei Qilian"
HBR,5e678596e5827667,"Hobart Regional"
HBU,37fcd8e47be0387b,"Bulgan Sum"
HBX,2aafcaf820b4cfac,"Hubli"
HCA,5e601058929c43d9,"Big Spring Mc Mahon-Wrinkle"
HCC,5fa955abceb79904,"Columbia County"
HCJ,2c4bd8f535d03e21,"Hechi Jinchengjiang"
HCM,29f935a94d13dfc5,"Eil"
HCN,2c23a82ae3133f70,"Hengchun"
HCQ,24176bd3cae2419b,"Halls Creek"
HCR,336025a550f2f2be,"Holy Cross"
HCW,5e96a90d1d5671e8,"Cheraw Muni /Lynch Bellinger"
HCZ,2c4e0399f32d6841,"Chenzhou Beihu"
HDD,2cbccf6c6baa85ce,"Hyderabad"
HDE,5f649f9d67b7c41d,"Brewster"
HDF,3e97ae3c4a43cc61,"Heringsdorf"
HDG,2e4b34b54e75f9fe,"Handan"
HDH,44c1263c01a868eb,"Kawaihapai"
HDK,29b44c53fd1a6437,"Kulhudhuffushi"
HDM,2ee72085662f868c,"Hamadan"
HDN,5f55702f05d7e61c,"Yampa Valley"
HDR,2dd292cf9c4c0b2b,"Havadarya"
HDS,1d3552b49a96336b,"Hoedspruit Air Base"
HDY,2955fb944d7855e1,"Hat Yai"
HEA,2ec554ee6891e111,"Herat/Khwaja A Ansari"
HEB,2b66f880d1de7512,"Hinthada"
HED,315fe68ad262a3fd,"Herendeen Bay"
HEE,5e76e433c5ddd28d,"Thompson-Robbins"
HEG,1d97f8366cccd94e,"Heglig"
HEH,2b6fbbff6b90165d,"Heho"
HEI,3e990371ab0cc407,"Heide-Busum"
HEK,33d9c7924edd2d05,"Heihe Aihui"
HEL,3da16a0d5df9c2f6,"Helsinki Vantaa"
HEO,4d6f3c791241aa17,"Haelogo"
HER,1bee8f37d507ffe4,"Heraklion Nikos Kazantzakis"
HES,34121293307770aa,"Hermiston Muni"
HET,2f45cff222b1996e,"Hohhot Baita"
HEZ,5d7ec68e1113aa3e,"Natchez-Adams/Hardy-Anders"
HFA,1de71897ee4fcfad,"Haifa"
HFD,5fa8806e733cc1e8,"Hartford Brainard"
HFE,2d3fa63e82bd62cb,"Hefei Xinqiao"
HFF,5e97b71422903a46,"Mackall Army Air"
HFN,3c6cb24b4641456c,"Hornafjorour"
HFS,3d98555e8b35b7aa,"Hagfors"
HFT,3b97822ef1caf9f7,"Hammerfest"
HGA,1f9cd3b984f127dc,"Egal"
HGD,4e430000d41ab600,"Hughenden"
HGE,5ac08a2874a0ee94,"Higuerote"
HGH,2d3a0ba28a3ea579,"Hangzhou Xiaoshan"
HGI,2d715ab6e9f53daf,"Itanagar Donyi Polo Hollongi"
HGL,3e89e6a1781dfbb4,"Helgoland-Dune"
HGN,2b6b87496acd98dc,"Mae Hong Son"
HGO,169edb535d05a997,"Korhogo"
HGR,5f93d3a0d4bdef27,"Hagerstown Richard Henson"
HGS,1597a5410372eaae,"Hastings"
HGU,4e69d1b8d995aac4,"Mount Hagen Kagamuga"
HGZ,336d11cb02a8ec42,"Hog River"
HHE,31d451eaed6f5ea2,"JMSDF Hachinohe/Hachinohe"
HHH,5e9080cfcbc142ab,"Hilton Head"
HHI,44c01fe17afc7812,"Wheeler Army"
HHN,3f83efcf9f28dfb6,"Frankfurt-Hahn"
HHQ,2a6715787b7b85d5,"Hua Hin"
HHR,5e34888ef41b481d,"Jack Northrop Hawthorne"
HHZ,414792c2171d8d71,"Hikueru"
HIA,2e3463a50a7e12ef,"Huai'an Lianshui"
HIB,37095e2855de6f9d,"Range Regional"
HID,4e5cedfb51bace91,"Horn Island"
HIE,3a0941d89a052629,"Mount Washington Regional"
HIF,5f46c9d94b9c8ed9,"Hill Air Force Base"
HIG,4e48d3232021cbb0,"Highbury"
HII,5e46236f453e9854,"Lake Havasu City"
HIJ,2e15ae15d6c9cdf0,"Hiroshima"
HIL,1f9e3c03ab3d36b7,"Shilavo"
HIM,2999c21e9ddbbca1,"Hingurakgoda Base"
HIN,2e27497753862216,"Sacheon/Sacheon"
HIO,331a5c3deb353dbe,"Portland Hillsboro"
HIP,4f30e48e72c07c5c,"Headingly"
HIR,4b6c2e8caf7e1bf5,"Honiara"
HIT,4e6ca04142c25be1,"Haivaro"
HJJ,2d429fcc117ebff9,"Huaihua Zhijiang"
HJR,2c9bc8cebd14f5d9,"Khajuraho"
HJT,36f489f1fe73ea41,"Khujirt"
HKA,5e890c67e7ebb9f8,"Blytheville Muni"
HKB,335e1ee118945602,"Healy Lake"
HKD,31d75088a2f0d083,"Hakodate"
HKG,2c34c502b2a73ce5,"Hong Kong"
HKK,49045ea77b30fb88,"Hokitika"
HKN,4d68efee03a5c0c5,"Hoskins"
HKR,1e78c2618923ec05,"Mara North Conservancy"
HKS,5e70f56a7df5ff2d,"Hawkins"
HKT,296966102ffdf340,"Phuket"
HKV,1bfa865df5c2e54a,"Malevo"
HKY,5e996404bfec1863,"Hickory Regional"
HLA,1c3c15450a7dd137,"Lanseria"
HLB,5f82b49da896fa97,"Hillenbrand Industries"
HLC,5f628602bd802e74,"Hill City Muni"
HLD,34e46ff3fbd5934f,"Hulunbuir Hailar"
HLE,164eed8ea54e3a81,"Saint Helena"
HLF,3d9dafa40fb09fec,"Hultsfred"
HLG,5f946582b508f700,"Wheeling Ohio County"
HLH,33eda59af5e37b1a,"Ulanhot Yilelite"
HLI,5e3c4353ef772522,"Hollister Muni"
HLJ,33e6662738ebf6e7,"Zhaodong Beidahuang General"
HLL,232dd6474455138b,"Hillside"
HLM,5f8a88e9b912eb1a,"Park Township"
HLN,3501c44858e2b819,"Helena Regional"
HLO,3c632a4ad66aeada,"Ingjaldssanour"
HLP,264cb5be6cfd28de,"Halim Perdanakusuma"
HLS,60cc70abaa54186d,"St Helens"
HLT,4d1815e45f214143,"Hamilton"
HLU,4a39efc00bd71551,"Nesson"
HLV,4e43f759c4d71db5,"Helenvale"
HLW,1d25b76599e6c85c,"Hluhluwe"
HLZ,481b1a589baa1d82,"Hamilton"
HMA,39df27553b14d891,"Khanty Mansiysk"
HMB,1dc5f7e310da9b60,"Suhaj Mubarak"
HME,19d0e89251f77815,"Hassi Messaoud"
HMG,2306ff6ff6ac772b,"Hermannsburg"
HMI,2f7a7a74a5d69af2,"Hami"
HMJ,3eb95894b6b2b7ae,"Khmelnytskyi"
HMN,5e515bbca27d68b8,"Holloman Air Base"
HMO,5d4779129ff50dac,"Ignacio P. Garcia"
HMR,3d97110078eb9aaa,"Hamar Lufthavn"
HMS,273c3cb76c94e325,"Haji Muhammad Sidik"
HMT,5e34b07f651f0b60,"Hemet Ryan"
HMV,3c98306892aec360,"Hemavan"
HMY,2e2b9b79e8f00814,"Seosan"
HNA,31d27df69427ee45,"Iwate Hanamaki"
HNB,5e8f79992dccbd8f,"Huntingburg"
HNC,5ea74fc6e6cbefee,"Billy Mitchell"
HND,4def85c087cc06c3,"Tokyo Haneda"
HNH,333bc88a334c8834,"Hoonah"
HNI,4e6384c55f431898,"Heiweni"
HNL,44c01961f138709c,"Daniel K Inouye"
HNM,43bbf2e644906ed3,"Hana"
HNN,4e6ec56afe9f37d7,"Honinabi"
HNS,333de9de288387a5,"Haines"
HNY,2d401fb6b3df9607,"Hengyang Nanyue"
HOA,1f74b533976f13c8,"Hola"
HOB,5e51d41c904f43db,"Lea County Regional"
HOC,4e648bd286691ff7,"Komako"
HOD,1fa7d6c2e0e7bb0e,"Hodeidah"
HOE,2b6e143e601e0b09,"Ban Huoeisay"
HOF,2cecae746a3b4e5e,"Al-Ahsa"
HOG,5baf8d1d208fd454,"Frank Pais"
HOH,3f9943bf9cbca8ec,"Hohenems-Dornbirn"
HOI,41438821dc35f4c3,"Hao"
HOK,241706044eb8e59b,"Hooker Creek"
HOM,325f431995aeb103,"Homer"
HON,5f6ed26fc045cb85,"Huron Regional"
HOO,2a45a584c931defd,"Nhon Co"
HOP,5e8b6a56f09984d8,"Campbell Army"
HOQ,3f917ad3b63b14c3,"Hof-Plauen"
HOR,13fb0c4658d79359,"Horta"
HOS,51b206b8f0be32cc,"Chos Malal"
HOT,5e7670e2c1647d90,"Memorial"
HOU,5d791185026f3975,"William P Hobby"
HOV,3d8487f2cd70677b,"Orsta-Volda Hovden"
HOX,2c7b1cebb82c51b8,"Hommalinn"
HPA,464f3310da1afba1,"Lifuka Island"
HPB,326bbc34a44997f4,"Hooper Bay"
HPE,4e530f80e54cb111,"Hope Vale"
HPG,2d4ea7553a444c4c,"Shennongjia Hongping"
HPH,2b4fff4456962770,"Cat Bi"
HPN,5fa667665ebd441e,"Westchester County"
HPT,5f7a857eeb45e883,"Hampton Muni"
HPV,44c5410a719d62db,"Princeville"
HPY,5d79276890dd8954,"Baytown"
HQL,2eae4272b84cc409,"Tashikuergan Hongqilafu"
HQM,331a9c2a7f0b9196,"Bowerman"
HRB,33e46e722231aee9,"Harbin Taiping"
HRC,3af81e8203b89762,"Sary Su"
HRE,1d488f9faaba7cc1,"Robert Gabriel Mugabe"
HRF,29b54dd295cce4a7,"Hoarafushi"
HRG,1dd92b33d66bfcde,"Hurghada"
HRI,2993bace3cd6aab7,"Mattala Rajapaksa"
HRK,3dce543df83262fe,"Kharkiv"
HRL,5c6fa952841dd223,"Valley"
HRM,18e81cfb0960e43a,"Hassi R'Mel"
HRO,5e7a79f92fa5dd48,"Boone County"
HRR,58aac127e3f14e33,"Herrera"
HRS,1c2dabc1e1c964d9,"Harrismith"
HRY,2305f11bcd543279,"Henbury"
HRZ,52dcd7a8050f2be8,"Walter Bundchen"
HSA,3bf0a5f1a50f6fc3,"Hazrat Sultan"
HSB,5e8e38a209c12c7d,"Harrisburg-Raleigh"
HSC,2c3ce0b5343dd5ba,"Shaoguan Danxia"
HSG,2e12d8c5673a8ff5,"Saga"
HSH,5e491dad2117c951,"Henderson Executive"
HSI,5f65b5cbcbc017df,"Hastings Muni"
HSJ,2e465f23b8140b32,"Zhengzhou Shangjie"
HSK,17ff84d1a1befedd,"Huesca-Pirineos"
HSL,336b16f0381c2b4a,"Huslia"
HSM,4d194451cb8ffc45,"Horsham"
HSN,2d29bdef4a5eef30,"Zhoushan Putuoshan"
HSP,5e9e9d4c10f42a1c,"Ingalls"
HSS,2da76cfd37db8195,"Hisar"
HST,5c9db7594428f570,"Homestead ARB"
HSV,5e86866b549bbc3b,"Huntsville Carl T Jones"
HSZ,2c2bb86fd8df5b22,"Hsinchu"
HTA,35e36bbf8b63ebd7,"Chita-Kadala"
HTG,37b37d0023e5ddfc,"Khatanga"
HTH,5f30b5f590ecfc26,"Hawthorne Industrial"
HTI,4d4719695da68eef,"Hamilton Island"
HTL,5f8ec200f83632c2,"Roscommon County/Blodgett"
HTM,36fb19fe3c4a3e08,"Khatgal"
HTN,2e9c9972c5fd8b15,"Hotan"
HTO,5fa693c5a8e0a1ab,"Town of East Hampton"
HTR,2c2936e3e4a10343,"Hateruma"
HTS,5e9f2e64ed23bbd3,"Tri-State/Milton Ferguson"
HTT,2e7fd7ebaf0889b7,"Huatugou"
HTU,4d196fc6c5146937,"Hopetoun"
HTV,5d7c01d634c486de,"Huntsville Regional"
HTW,5f9020952d73e023,"Lawrence County"
HTY,1de6a7d6bdcbe361,"Hatay"
HTZ,59b3845642a0579d,"Hato Corozal"
HUA,5e8688a7036bb585,"Redstone Army Air"
HUB,240ceeef93adccff,"Humbert River"
HUC,5bc86082ff4357d1,"Humacao"
HUD,5f7a662504b28cda,"Humboldt Muni"
HUE,1ea9a8f8f676844b,"Humera"
HUF,5f82689f5d2ea069,"Terre Haute Regional"
HUG,5a7fb88cbd2de810,"Huehuetenango"
HUH,424bcf527a560037,"Huahine-Fare"
HUI,2b42bc2ca1b25712,"Phu Bai"
HUJ,5e741d79b670bf8e,"Stan Stamper Muni"
HUK,1b3d65df064f840d,"Hukuntsi"
HUL,3a0fb966f8932793,"Houlton"
HUM,5d78ed2debfb4c01,"Houma Terrebonne"
HUN,2c2994389054974f,"Hualien"
HUO,34e1e7e9e8d412b9,"Holingol Huolinhe"
HUQ,1adb7992c6d55ea0,"Hon"
HUS,335df6e96562d91c,"Hughes"
HUT,5e6fc2745b4b3800,"Hutchinson Muni"
HUU,56a1a285803cb392,"Alferez Fap D F Fernandini"
HUW,56d8164d79ca2f10,"Humaita"
HUX,5b60cef8ee211427,"Bahias de Huatulco"
HUY,3e7bff536ab228f0,"Humberside"
HUZ,2c36a79971115919,"Huizhou Pingtan"
HVA,25f259c08c9aa7c9,"Analalava"
HVB,4c3a3a0e11d60b6b,"Hervey Bay"
HVD,37fc98ab20019bee,"Khovd"
HVE,5f40d0b5a370296e,"Hanksville"
HVG,3b9594f46c6b5a6b,"Honningsvag Valan"
HVK,3c654956092b59a9,"Holmavik"
HVM,3c6742ec588ecffc,"Krokstaoarmelar"
HVN,5fa68e2f71ec2fd8,"Tweed New Haven"
HVR,3507e5c397b16465,"Havre City County"
HVS,5e959caff6474183,"Hartsville Regional"
HWA,4e6486d2cf53ed17,"Hawabango"
HWD,5e3e3291c434f317,"Hayward Executive"
HWK,4e2602e2c75460cf,"Wilpena Pound"
HWN,1c4d6f8b5e375c41,"Hwange National Park"
HWO,5c9ebe9dd3007561,"North Perry"
HXD,2e6cdcb91e931818,"Delingha"
HXX,4d1691d5b24c4af3,"Hay"
HYA,5fa7dec531150682,"Cape Cod Gateway"
HYC,3f70ed6c8c894ef4,"Wycombe Air Park"
HYD,2ba524bb266fd718,"Rajiv Gandhi"
HYF,4e7c49617f0bd947,"Hayfields"
HYN,2d26c1f9853d9f21,"Taizhou Luqiao"
HYR,370c1de295e696c0,"Sawyer County"
HYS,5f61913186819beb,"Hays Regional"
HYV,3da05e8443103a8a,"Hyvinkaa"
HZA,2e37fea923855482,"Heze Mudan"
HZB,3f83535104ca3246,"Merville-Calonne"
HZG,2e52371a3a57109c,"Hanzhong Chenggu"
HZH,2c4fadb5487f9634,"Liping"
HZK,3c669cc686fcfadc,"Husavik"
HZL,5fa61426a0050009,"Hazleton Muni"
HZP,352b4bef885145d8,"Fort Mackay/Horizon"
HZU,2d5b8ed5fafa20e7,"Chengdu Huaizhou"
HZV,1d343ec363d62c78,"Hazyview"
IAA,38c451bdbbf82e9d,"Igarka"
IAB,5e6ed0d908ed4206,"McConnell Air Force Base"
IAD,5f91e5a2849c4474,"Washington Dulles"
IAG,5f9b9462b229835f,"Niagara Falls"
IAH,5d7a10621a881e3d,"George Bush Houston"
IAL,4e69cc59630d4b31,"Ialibu"
IAM,19da4cacfb061195,"Zarzaitine/In Amenas"
IAN,336c8e288375889e,"Bob Baker Memorial"
IAO,291e7c1bd17c3e9c,"Siargao"
IAQ,2de9498d5ea18a51,"Bahregan"
IAR,3cbae9e0aed97c42,"Tunoshna"
IAS,3ebd9638fdbafac8,"Iasi"
IBA,189c7704aaedc9db,"Ibadan"
IBB,577dc0fad750929f,"General Villamil"
IBE,58aded4df302f02a,"Perales"
IBI,4d6ce49988bc05d0,"Iboki"
IBL,1e31da63eecf1c31,"Indigo Bay Lodge"
IBO,1f53918d7dc3e589,"Ibo"
IBP,55bce6390d6bbe80,"Iberia"
IBR,4deda56258147bd3,"Ibaraki/JASDF Hyakuri"
IBZ,18f316224ce1d0ed,"Ibiza"
ICA,58dd5978743ce30c,"Icabaru"
ICC,5ac1ea0e49a42b66,"Andres M Salazar Marcano"
ICI,474e9024bd817de5,"Cicia"
ICK,59e21af75e086799,"Nieuw Nickerie/H Fernandes"
ICL,5f753af329598cc1,"Schenck"
ICN,2e2daa67d58dd442,"Incheon"
ICO,2a13ebbb2fe75cd3,"Sicogon"
ICR,5bafa9538f3f018d,"Nicaro"
ICS,3407b29d319c690f,"Cascade"
ICT,5e6ed16b979f3b1e,"Wichita Eisenhower"
ICY,33487984307d89bc,"Icy Bay"
IDA,340e58f4528a76e0,"Idaho Falls Regional"
IDB,3d932bd28655320a,"Idre"
IDF,1b7c075e3cf6475a,"Idiofa"
IDH,3408e69278341f09,"Idaho County"
IDI,5f95a60bbafed26a,"Indiana-Jimmy Stewart"
IDK,221e152a7d3a231c,"Indulkana"
IDN,4e61c57fe6c0105d,"Indagen"
IDO,55fb0e6bfc6bd341,"Santa Izabel do Morro"
IDP,5e7c1d7f02cd38d3,"Independence Muni"
IDR,2ca588f5f940086a,"Devi Ahilyabai Holkar"
IDY,3f7ca6cfd7d8f96b,"Ile d'Yeu"
IEG,3e9be5690b0e71ff,"Zielona Gora-Babimost"
IEJ,2d10cfc6cf17adf6,"Iejima"
IES,3e9ea9451a505cb9,"Riesa-Gohlis"
IEV,3eb3adbc57c797ba,"Ihor Sikorsky Kyiv"
IFA,5f798c57cb442202,"Iowa Falls Muni"
IFF,4e4b55b87f6a5bba,"Iffley"
IFH,2ed1eeaf4cb0e9f6,"Hesa"
IFJ,3c632efe99b1c528,"Isafjorour"
IFL,4e4098b987a97c8e,"Innisfail"
IFN,2ed1e7364e64e6a2,"Isfahan Shahid Beheshti"
IFO,3ebc19e17a69d9ea,"Ivano-Frankivsk"
IFP,5e472c5493517472,"Laughlin Bullhead"
IFU,29b14e9277450206,"Ifuru"
IGA,5ca0f69b24daa117,"Inagua"
IGB,50a8fe9e521d89c2,"Jacobacci/H R Bordon"
IGD,3ee40464945b0208,"Igdir"
IGE,197d94fc0af10fa3,"Tchongorove"
IGG,325ba416acdedc3c,"Igiugig"
IGH,4d4f696aba4d691d,"Ingham"
IGL,1cf0074e1368a311,"Cigli"
IGM,5e4830e74958a5aa,"Kingman"
IGN,2919b63e88e3ed4a,"Maria Cristina/Iligan"
IGO,59a890563ba2ac76,"Jaime Ortiz Betancourt"
IGR,53d1edd2f6512bab,"Cataratas Del Iguazu"
IGS,3f9577f787b41f59,"Ingolstadt Manching"
IGT,3dddd664f64f9784,"Magas"
IGU,53d2e3fa25a234ee,"Cataratas"
IHC,1d38181f51b953e7,"Inhaca"
IHN,2aefcd32fa2e274f,"Qishn"
IHO,23fb4606540f94b7,"Ihosy"
IHR,2dc2e6d73cb5d0c9,"Iranshahr"
IHU,4e657d46ab1afa43,"Ihu"
IIA,3e6bdad7a4837fae,"Inishmaan Aerodrome"
IIL,2ee38a3c274861e3,"Ilam"
IIS,4c7e17e84c5c2083,"Nissan Island"
IJK,3bcbf4f0312f6c03,"Izhevsk"
IJU,52dae61fb9a08497,"Joao Batista Bos Filho"
IKA,2ed8c6bfe26e96f2,"Imam Khomeini"
IKB,5e9a68a06883e390,"Wilkes County"
IKI,2e14f179c7647ff5,"Iki"
IKK,5f86572945ee5e5f,"Greater Kankakee"
IKL,1c77ccbd62118f37,"Ikela"
IKO,3164a8d30e1ce9ef,"Nikolski Air Station"
IKP,4e4cd6b885c91a8d,"Inkerman"
IKS,35acc1851a6cf318,"Tiksi"
IKT,36e4b5cb00f69ea2,"Irkutsk"
IKU,2f9ae0cc069a9ba0,"Issyk-Kul"
ILA,4f793b88873e09e6,"Illaga"
ILD,18f184038ec3af6b,"Lleida-Alguaire"
ILE,5d6db031a2181ce8,"Skylark"
ILF,3716a0ede8b772c7,"Ilford"
ILG,5fa321bea34a2d34,"New Castle"
ILI,325d90214b8e0801,"Iliamna"
ILK,24f30b60a3858efb,"Atsinanana"
ILL,3704085981f4e11e,"Willmar Muni John Rice"
ILM,5e95f767a476f755,"Wilmington"
ILN,5f82f821973bf11e,"Wilmington"
ILO,2a210c7d76a0bdfd,"Iloilo"
ILP,4a34a5d5dc5a59a6,"Ile des Pins"
ILQ,54b975303525a1c3,"Jorge Fernandez Maldon"
ILR,189ea06853191479,"Ilorin"
ILS,5a8a29b93eb9af5c,"Ilopango"
ILU,1e7f67d7e54ed9d1,"Kilaguni"
ILY,3e754ed93b7cb8bb,"Islay"
ILZ,3fa057e40945208b,"Zilina"
IMA,4d672d4c86af3d18,"Iamalele"
IMB,59d19e4237e52294,"Imbaimadai"
IMD,4f715588f2c641ce,"Imonda"
IMF,2c7b46d501bb4e98,"Imphal"
IMG,1e427927da2d35a8,"Inhaminga"
IMI,499a51e2f7193072,"Ine"
IMK,2d996f59a9114500,"Simikot"
IML,5f65423029a7ae79,"Imperial Muni"
IMM,5d90824222c863a0,"Immokalee Regional"
IMN,4e64a4d0be9027c2,"Imane"
IMO,1c8cf8a1d6a45a75,"Zemio"
IMP,56fe9adb31655ebe,"Prefeito Renato Moreira"
IMQ,3ee424428179191e,"Maku National"
IMT,3804127a9045a795,"Ford"
INA,3ac40d03e36ac4cb,"Inta"
INC,2e5f7cd81e1395ca,"Yinchuan Hedong"
IND,5f8393056e597956,"Indianapolis"
INE,1e4660a03bb791b7,"Chinde"
INF,19b1c139f51e993e,"In Guezzam"
INH,1e307023474e4ff3,"Inhambane"
INI,3fba1925ab16cd72,"Nis"
INJ,4d35117afb97b77a,"Injune"
INK,5d5ecdcfb72d01eb,"Winkler County"
INL,37087dfc8d21e007,"Falls"
INM,4e25c943df79f76d,"Innamincka"
INN,3f988e4307ae3046,"Innsbruck"
INO,1b789ce34a1c7ed4,"Inongo"
INS,5e4b06ed182bd23f,"Creech Air Force Base"
INT,5e9a84e6360489d3,"Smith Reynolds"
INU,4a78ef478c8cd2a1,"Nauru"
INV,3e71951ebff73157,"Inverness"
INW,5e47b66addbbf35b,"Winslow Lindbergh"
INX,2709659349f222dd,"Inanwatan"
INZ,18d7217022897857,"In Salah"
IOA,1bf13a258fdd3781,"Ioannina"
IOK,4e6356bf90fe0576,"Iokea"
IOM,3e7a746f61d0ac9c,"Isle of Man"
ION,1b88511e20e59a94,"Impfondo"
IOP,4d6f55d79eb2edc5,"Ioma"
IOR,3e6bd9b725a7f1d4,"Inishmore"
IOS,11512b0d0f134782,"Bahia/Jorge Amado"
IOW,5f77cd526e4a1460,"Iowa City Muni"
IPA,494f5ed08be3a14e,"Ipota"
IPC,524dac5bf22cef6d,"Mataveri"
IPE,2918f55bae9950a1,"Ipil"
IPG,57b6ecb7dd06250e,"Ipiranga"
IPH,285ed54282a44c47,"Sultan Azlan Shah"
IPI,58a26ba38b3161c8,"San Luis"
IPL,5e31ea3f345790ec,"Imperial County"
IPN,104c4a035d314d67,"Vale do Aco Regional"
IPT,5f96eee14b35e73b,"Williamsport Regional"
IPU,105f3ef24308fde4,"Ipiau"
IPZ,599d339a012389b3,"San Isidro del General"
IQA,1ee54b3c2d542f39,"Al Asad"
IQM,2e8fb9405f752fc4,"Qiemo Yudu"
IQN,2e59368d2a4dd7fd,"Qingyang Xifeng"
IQQ,54b09e8051a70c0d,"Diego Aracena"
IQT,57b432e104fc1e30,"Francisco Secada Vignetta"
IRA,4b57f5621d3dbcb5,"Ngorangora"
IRB,5d5cf8f408193dc9,"Iraan Muni"
IRC,34534a43497d827e,"Circle City"
IRD,2c892ab7ea9e696b,"Ishurdi"
IRE,1059c8af2a98c25c,"Irece"
IRG,4e59883505d909b8,"Lockhart River"
IRI,1e688d050071894f,"Iringa"
IRJ,52b7ea33f995696d,"Capitan V A Almonacid"
IRK,5f7491df587e7b4e,"Kirksville Regional"
IRM,3ac3a607634052ec,"Igrim"
IRN,5b81e6c73059a8a2,"Iriona"
IRO,1c94fcfe5d816ab7,"Birao"
IRP,1d838bdbf3108443,"Matari"
IRS,5f88a3cc22bdd4f8,"Kirsch Muni"
IRZ,57cecc8f58f49a06,"Tapuruquara"
ISA,4e4e017de9d97869,"Mount Isa"
ISB,2ea3c9a23e208085,"Islamabad"
ISC,3f743522c0a5f825,"St. Mary's"
ISD,58a75aac8863460f,"Santa Barbara"
ISE,1ce8e790e6bb3d26,"Suleyman Demirel"
ISG,2c2a351af3cf090a,"New Ishigaki"
ISI,4e30610fb010e67f,"Isisford"
ISJ,5c819396ae5c09f4,"Isla Mujeres"
ISK,2badfe252ce06acd,"Nashik"
ISL,1cf26135c6dd77d5,"Istanbul Ataturk"
ISM,5d9575c8550113e9,"Kissimmee Gateway"
ISO,5e98f3c721afabb4,"Kinston Stallings"
ISP,5fa57df036b7bef1,"Long Island Mac Arthur"
ISQ,3808260da8cd2f37,"Schoolcraft County"
ISS,3a0d55623e5d4149,"Wiscasset"
IST,1cf169efdd499b1a,"Istanbul"
ISU,2ee87ccf857576c0,"Sulaymaniyah"
ISW,5f8e0250d86672b2,"Alexander South Wood County"
ITA,57d6e371d0e06eef,"Itacoatiara"
ITB,57e24bf320d407cd,"Itaituba"
ITE,11505f46d3115117,"Itubera"
ITH,5f99fd539ae95aa3,"Ithaca Tompkins Regional"
ITK,4d6e3032d0b855d7,"Itokama"
ITM,4ee868cbdfaac2cd,"Osaka"
ITN,1151220136fc7cf7,"Tertuliano Guedes de Pinho"
ITO,43b8c0bf846afd99,"Hilo"
ITP,103fe4d2d6559315,"Itaperuna"
ITQ,52d87346ab8f379c,"Itaqui"
ITR,54f7014206389b03,"Francisco Vilela do Amaral"
ITU,31c339df6ae59030,"Iturup"
IUA,5f9adc2cebaf96c2,"Canandaigua"
IUE,4642502dfd280ae5,"Niue"
IUL,4f784668107c0f89,"Ilu"
IUP,56d9a83bebae4469,"Apui"
IVA,25f6406e02498851,"Ampampamena"
IVC,60959559eade949b,"Invercargill"
IVG,1afda3ac3c286539,"Berane"
IVI,59aa272c918fb8df,"Viveros Island"
IVL,3b9aef9610aad199,"Ivalo"
IVR,4c2b6d4e05862f8b,"Inverell"
IVW,24181ef0e68c89d4,"Inverway"
IWA,3cca1f0239f8f955,"Ivanovo South"
IWD,370f3b064de82cb9,"Gogebic Iron County"
IWJ,2e16c895436c4a61,"Iwami"
IWK,2e15b2130b528735,"Iwakuni Kintaikyo"
IWO,4ec6bd7365a7dc89,"Iwo Jima"
IWS,5d79087e3708bef6,"West Houston"
IXA,2c78ce63ad06e743,"Agartala/Maharaja Bikram"
IXB,2d804db89b03eb7a,"Bagdogra"
IXC,2dab3ea25e72bcd3,"Chandigarh"
IXD,2c9d758579cbce11,"Prayagraj"
IXE,2aa8e50709087890,"Mangalore"
IXG,2ba1e2396211cb1d,"Belagavi"
IXH,2c7aa13a658abe8c,"Kailashahar"
IXI,2d724972ccfc8360,"Lilabari North Lakhimpur"
IXJ,2ea174eccbad4575,"Jammu"
IXK,2cb186fca3b74218,"Keshod"
IXL,2ea5016d00a127d3,"Leh Kushok Bakula Rimpochee"
IXM,29ae4bc8e18aecc4,"Madurai"
IXN,2c79b654eb4a003a,"Khowai"
IXP,2ea061160846fe76,"Pathankot"
IXQ,2c79a9c96b044ce4,"Kamalpur"
IXR,2c87d39c2a65b082,"Birsa Munda"
IXS,2c7b7d75502dcb3c,"Silchar"
IXT,2d741b18e4d3d8c2,"Pasighat"
IXU,2bada2f440264541,"Aurangabad"
IXV,2d752096f83dd8f8,"Along"
IXW,2c85bc298e1bdf1e,"Sonari"
IXX,2ba755527ee60bcd,"Bidar"
IXY,2cb68ab7ac569249,"Kandla"
IXZ,2a74748ad89cee1d,"Veer Savarkar/INS Utkrosh"
IYK,5e39b02fe12f61c3,"Inyokern"
IZA,103cea0b0bc8c4b3,"Itamar Franco"
IZE,3e9916c6831421c5,"Itzehoe/Hungriger Wolf"
IZO,2e18b65ded1c9ec3,"Izumo Enmusubi"
IZT,5b720f9131aedc45,"Ixtepec"
JAA,2eb51cfd76864bf7,"Jalalabad"
JAB,250879b6e07178b7,"Jabiru"
JAC,35015700770af792,"Jackson Hole"
JAD,2230c4e7f27cecf2,"Perth Jandakot"
JAE,56ae371a344c4e4f,"Shumba"
JAF,299ee9c6405bc639,"Jaffna"
JAG,2db5a5a430edca0e,"Shahbaz"
JAI,2da173af5bf48ea4,"Jaipur"
JAK,5bb835a1db777e5a,"Jacmel"
JAL,5b6bbfcd8da45ea6,"El Lencero"
JAM,3fb8b07b7510407d,"Bezmer"
JAN,5e70f4cbb2f1391e,"Jackson-Medgar Wiley Evers"
JAP,599f023beba7fe90,"Chacarita"
JAQ,4d65ef409e8d503c,"Jacquinot Bay"
JAR,2dd6e28b412671ab,"Jahrom"
JAS,5d7c5706caad97b9,"Jasper County Bell"
JAT,4a92844b0e00a21e,"Jabot"
JAU,55abc4756a366bfe,"Francisco Carle"
JAV,3a48d8cffa1eaae4,"Ilulissat"
JAW,106b854e29905096,"Araripina"
JAX,5d9b669667808b16,"Jacksonville"
JBB,2636830806529d34,"Notohadinegoro"
JBQ,5bb9a4cf445d863a,"La Isabela"
JBR,5e79e8507b73032f,"Jonesboro Muni"
JBS,52d98ae42b0cfd20,"Sao Borja"
JCB,52ed4c466d5ed8b5,"Santa Terezinha"
JCI,5f7130fa27a19859,"New Century AirCenter"
JCK,4e490071b6d235b3,"Julia Creek"
JCM,105cd822e021e3f9,"Jacobina"
JCR,56dcf7f95f968550,"Jacareacanga"
JCS,106af6adbe1f5ce2,"Crateus"
JCT,5d6b578224441c99,"Kimble County"
JCY,5d6a8b8d4db71a61,"LBJ Ranch"
JDA,3401e27ba7713b14,"Grant County Regional/Ogilvie"
JDE,2d3824fd4a24e5e3,"Jiande Qiandaohu General"
JDF,103cd63f05a06352,"Francisco de Assis"
JDG,2e23527e96ea5109,"Jeongseok"
JDH,2caffa6253478708,"Jodhpur"
JDN,350ca13863ab25f4,"Jordan"
JDO,106e956176111b2e,"Orlando Bezerra de Menezes"
JDR,103af14822072bde,"Octavio de Almeida Neves"
JDZ,2d3873de02092650,"Jingdezhen Luojia"
JED,1eca2570cb4b994f,"King Abdulaziz"
JEE,5ba9e9d30f86eac7,"Jeremie"
JEF,5f70a7a29ccddd45,"Jefferson City Memorial"
JEG,3a47bf6616429ec2,"Aasiaat"
JEJ,4a9275acc3abf190,"Jeh"
JEK,1d46f28856e208cb,"Jeki"
JEQ,105e4dd3bb0cbfd0,"Jequie"
JER,3f76ba71357c3836,"Jersey"
JFK,5fa56770a9f97763,"John F Kennedy"
JFN,5f9852e730b61a96,"Northeast Ohio Regional"
JFR,3b37e4e27ae9f565,"Paamiut"
JGA,2cb49c36b6e0a19b,"Jamnagar"
JGB,2b9a7cbd71a14274,"Jagdalpur"
JGD,33defffb7f6b7ad3,"Jiagedaqi"
JGN,2f63b8cd905dcee1,"Jiayuguan"
JGS,2d31c5574775c8a4,"Jinggangshan"
JHB,28555236c2bf3ac8,"Senai"
JHF,53f8160fbc817ee3,"Sao Paulo Catarina Exec"
JHG,2c630598fef70920,"Xishuangbanna Gasa"
JHL,352c405b61b6ea14,"Fort MacKay/Albian"
JHM,43cd00612e45339e,"Kapalua"
JHS,3a4a628a9d0707f4,"Sisimiut"
JHW,5f9990198ae7ece7,"Chautauqua County-Jamestown"
JIA,55dcc634354769e5,"Juina"
JIB,1fa945090283385e,"Djibouti-Ambouli"
JIC,2f6015a34cc808f6,"Jinchang Jinchuan"
JIJ,1f99da24a23667ad,"Wilwal"
JIK,1befeb3d01a7489f,"Ikaria"
JIL,33e2972d6c3ba8cd,"Jilin Ertaizi"
JIM,1e9b78f5d62732fa,"Jimma"
JIN,1e831169bce1eb59,"Jinja"
JIO,261618e928c78565,"Jos Orno Imsula"
JIP,579cdd5caa165c62,"Jipijapa"
JIQ,2d48db1818e19f01,"Qianjiang Wulingshan"
JIR,2d83a78fe0cc54ca,"Jiri"
JIU,2d38b94fc3b6819b,"Jiujiang Lushan"
JIW,2cccd4960543e2c8,"Jiwani"
JJD,107a6eee215308ee,"Jericoacoara/Ariston Pessoa"
JJG,52e98936a9926ed8,"Humberto Ghizzo Bortoluzzi"
JJI,56a9983ebede4c57,"Juanjui"
JJM,1e8f0e8e4586f40e,"Mulika Lodge"
JJN,2c3b174f47d6e0f3,"Quanzhou Jinjiang"
JKG,3d9e729066bdfa0b,"Jonkoping"
JKH,1beefbd658986bf0,"Chios Island National"
JKL,1ce1cb601c38f09d,"Kalymnos"
JKR,2d80be8c3ed1b7c3,"Janakpur"
JKV,5d7f11fce9d40bc3,"Cherokee County"
JLA,335229c7c5e32550,"Quartz Creek"
JLN,5e7c4dab844eac97,"Joplin Regional"
JLR,2c96cdc77f00e9df,"Jabalpur"
JLS,54e1b9f6ab2f9422,"Jales"
JMB,1b50275db4d6fe45,"Jamba"
JMJ,2c643a83952f5a24,"Lancang Jingmai"
JMK,1beddb90138741af,"Mikonos"
JMO,2d961b53fbbe8051,"Jomsom"
JMS,360d5458c27560f1,"Jamestown Regional"
JMU,32dfe58b996d420f,"Jiamusi Dongjiao"
JNA,10550e09121bd8c6,"Januaria"
JNB,1c3d00a1edd36157,"OR Tambo"
JNG,2e38e14e800b35ef,"Jining Qufu"
JNJ,2bdbcf3dfd44be96,"Ja'Aluni"
JNU,333dc0045b012224,"Juneau"
JNX,1beec0a5da79de47,"Naxos Apollon"
JNZ,33f85c3c6723df0b,"Jinzhou Bay"
JOE,3ca89a4894ee1961,"Joensuu"
JOG,26471a611bd3663d,"Adisutjipto"
JOH,1c2c119b881cd864,"Port St Johns"
JOI,53e0b710b9a7eb75,"Lauro Carneiro de Loyola"
JOJ,363ceaf3c18ed0b2,"Doris Lake"
JOK,3cc2ae1f712b052b,"Yoshkar-Ola"
JOL,29223f4700669426,"Jolo"
JOM,1e652fc48a42d38e,"Njombe"
JOP,4e771715e78d1b88,"Josephstaal"
JOS,199be815d195cddd,"Yakubu Gowon"
JOT,5f874859484d431d,"Joliet Regional"
JPA,11699198e0ef1158,"Castro Pinto"
JPE,57f6a886ed080e3e,"Nagib Demachki"
JPO,116393fd6792a660,"Firmino Ayres"
JPR,55de31e459ae8184,"Ji-Parana"
JPY,103a9d015ffacaa3,"Paraty"
JQA,3a54063a439e4245,"Qaarsut"
JQE,59a748d753ed7886,"Jaque"
JRF,44c01f654ab76803,"Kalaeloa"
JRG,2c93126bc5c2834e,"Jharsuguda"
JRH,2d704f3d67b3fcc8,"Jorhat"
JRN,55dfdd13a1fac3a5,"Juruena"
JRO,1e7c5e3fecc0320b,"Kilimanjaro"
JRT,57e942e3a696280b,"Juruti"
JSA,2db146fee78cc3ae,"Jaisalmer"
JSB,10793c582d79dd91,"Walfrido Salmito de Almeida"
JSH,1ce173e5ba3f09b1,"Sitia"
JSI,1bf811ed4027e410,"Skiathos Island National"
JSJ,32dca3e6e8ca569b,"Jiansanjiang Shidi"
JSK,2cdd7f02e037ffb6,"Jask"
JSM,6a0b4af8dc5a8ab9,"Jose De San Martin"
JSO,107b45a0a7657c9a,"Luciano de Arruda Coelho"
JSR,2c862d7c066288e5,"Jessore"
JST,5f94aac9d8c962de,"John Murtha Johnstown"
JSU,3a4d3a85f37e5581,"Maniitsoq"
JSY,1becdc8b95c3e432,"Syros"
JTA,106bd86b96a9ced4,"Pedro Teixeira Castelo"
JTC,53ecd1ecf3a827f8,"Bauru/Arealva-Moussa Nakhal"
JTI,54e8aeb82d9ab3df,"Jatai"
JTN,53f61533521bc50e,"Itanhaem"
JTR,1beeadf339401886,"Santorini"
JTY,1ce0bb6b88fbe5e4,"Astypalaia"
JUA,55dcfc4458528b31,"Inacio Luis do Nascimento"
JUB,1d8ef844519f36f5,"Juba"
JUH,2d3c719156b80904,"Chizhou Jiuhuashan"
JUI,3e8add3dab490f7d,"Juist"
JUJ,53c55a77ff14b3f8,"Gobernador Horacio Guzman"
JUL,55b0b036e8fb04b6,"Inca Manco Capac"
JUM,2d985170b6a7dd88,"Jumla"
JUN,4e324d6616c5dce6,"Jundah"
JUO,59a662330bb7d461,"Jurado"
JUR,2235d1be39078c1e,"Jurien Bay"
JUT,5a8db881c1fc4128,"Jutigalpa airport"
JUV,395e304811895231,"Upernavik"
JUZ,2d37335773a5bc77,"Quzhou"
JVA,24f58fafcc268a1b,"Ankavandra"
JVI,5fa542a95df53284,"Central Jersey Regional"
JVL,5f8a2230bbe545f2,"Southern Wisconsin Regional"
JWA,1c345d04edad2b49,"Jwaneng"
JWN,2eeb0e963e74cb75,"Zanjan"
JXA,32eb0d286f7e16e4,"Jixi Xingkaihu"
JXN,5f89c4f97e38ea36,"Jackson County /Reynolds"
JYR,2dd6580c31cdeaae,"Jiroft"
JYV,3cab4f8b8822e59f,"Jyvaskyla"
JZH,2e51bbfc52cd782b,"Jiuzhai Huanglong"
KAA,1d6c02109885174d,"Kasama"
KAB,1d43ced08a1e8d70,"Kariba"
KAC,1defc6896db4cdbe,"Qamishli"
KAD,19a61a6b1126cfe3,"Kaduna"
KAF,4c6bc26e09666285,"Karato"
KAG,2e2e55de012a58cd,"Gangneung"
KAI,59d0b386788178d3,"Kaieteur"
KAJ,3ca54ebd33289ee8,"Kajaani"
KAK,4e6ace79096f0256,"Kar"
KAL,3366376e60a1d8d7,"Kaltag"
KAM,1fa6f3abd0713829,"Kamaran"
KAN,19aa5480a4d36439,"Mallam Aminu"
KAO,3ca04a23e2bd1a48,"Kuusamo"
KAP,1c645fd811c7b724,"Kapanga"
KAQ,4e62608a0dc869e2,"Kamulai"
KAR,59d2855fdfa80e98,"Kamarang"
KAS,1b23b66808a696a2,"Karasburg"
KAT,4911857b5658c3f6,"Kaitaia"
KAU,3cab0b315796b5b7,"Kauhava"
KAV,59d15a26e72ca907,"Kavanayen"
KAW,296f5681882c578f,"Kawthoung"
KAX,223ce501c1e18ee0,"Kalbarri"
KAY,48429f86c32170a8,"Wakaya Island"
KAZ,28130bd75ff3f0d3,"Kao"
KBA,159ce51dc40c7311,"Kabala"
KBB,241920ff6e9fe97c,"Kirkimbie Station"
KBC,345366d6afd69b15,"Birch Creek"
KBD,241ae3746460c470,"Kimberley Downs"
KBF,4f774c70177e96a2,"Karubaga"
KBH,1e7138eaf1948da9,"Kahama"
KBI,198f9503480815cc,"Kribi"
KBJ,23162089bab6a3b4,"Kings Canyon"
KBK,2d91113dad3d1ae5,"Kushinagar"
KBL,2eb6530c40ca7470,"Kabul"
KBM,4e61c8b689406174,"Kabwum"
KBN,1c6accd63d730ea4,"Tunta"
KBO,1d61c7fd1fc5d07d,"Kabalo"
KBP,3eb3b885de3b397b,"Boryspil"
KBQ,1e51747ce4196d9f,"Kasungu"
KBR,295395a1d4df7ddf,"Sultan Ismail Petra"
KBS,159b87d3ac7ae0ae,"Bo"
KBT,499cb7d63456c8e7,"Kaben"
KBU,27350a4ae3ecfe3f,"Gusti Syamsir Alam"
KBV,296945051d19b70c,"Krabi"
KBX,270b6d3eb0d7d18c,"Kambuaya"
KBY,211e549e4a1fa762,"Streaky Bay"
KBZ,480e6e5d3ade0df4,"Kaikoura"
KCA,2f970eda28f89532,"Kuqa Qiuci"
KCB,58e95ed10702f906,"Tepoe"
KCD,4f66ceaf0748ecbb,"Kamur"
KCE,4d4a03b812517087,"Collinsville"
KCF,2db283f66412f78f,"Kadanwari"
KCH,28441a0af8d2439f,"Kuching"
KCI,241ef069013f0f79,"Koolan Central"
KCJ,4e6a9934d99acf76,"Komaio"
KCK,36d1ce3c75635f42,"Kirensk"
KCL,3252b11e6c891d60,"Chignik Lagoon"
KCM,1de6d8d1454ef89c,"Kahramanmaras"
KCO,1cf45fa3b59a5f49,"Cengiz Topel"
KCP,3ebb53bb860047f8,"Kam'yanets'-Podil's'kyi"
KCQ,3251bd64d7311f30,"Chignik Lake"
KCR,3355ff0f85ff3a5c,"Colorado Creek"
KCS,231519f396264305,"Kings Creek"
KCT,2992ec4751f39aeb,"Koggala"
KCU,1d8f528c4f2d4a9c,"Masindi"
KCZ,2e137990cdfaea61,"Kochi Ryoma"
KDA,15a2862963fcf1fb,"Kolda North"
KDB,2222ebb674f0927e,"Kambalda"
KDC,18a921cc3997e935,"Kandi"
KDD,2db3ff942e1ad574,"Khuzdar"
KDE,4e6de02d72e0fec7,"Koroba"
KDH,2dbef243303ce934,"Ahmad Shah Baba/Kandahar"
KDI,2713f333332bbea8,"Haluoleo"
KDJ,1a71fc63caf8a5f0,"Ville"
KDK,325a32130a36fe9c,"Kodiak Muni"
KDL,3da6455fdd018887,"Kardla"
KDM,28b148e8e09ce723,"Kaadedhdhoo"
KDN,1a738a75886f9020,"Ndende"
KDO,28b53d5513af7034,"Kadhdhoo"
KDP,4e6bd1ba3e38676c,"Kandep"
KDQ,4f7149b14ddb4c30,"Kamberatoro"
KDR,4d6bc397a2b57220,"Kandrian"
KDS,4e3b5bc8f198b89d,"Kamaran Downs"
KDT,2a6b1dc30c87b6df,"Kamphaeng Saen"
KDU,2ea843f97c93155e,"Skardu"
KDV,48455831fa1dbea6,"Vunisea"
KDX,1da820b5ed1e839b,"Kadugli"
KDY,34b384e87cfea927,"Typliy Klyuch"
KEA,2ebec84969ca187b,"Kerki"
KEB,325e425db1241c3b,"Nanwalek"
KEC,1d55f5b90d47d8b7,"Kasenga"
KED,15b7251d1e237a67,"Kaedi"
KEE,1a7df6bcda5c169f,"Kelle"
KEF,3c691b510c94e6fd,"Keflavik"
KEG,4e67d0bc949db381,"Keglsugl"
KEI,4f65b3853331241d,"Kepi"
KEJ,38e77058b974d540,"Kemerovo"
KEK,325ac57a982dd9a0,"Ekwok"
KEL,3e9823ad7d1ea2a9,"Kiel-Holtenau"
KEM,3c93fe19150c8dea,"Kemi-Tornio"
KEN,159d83bf4a459a19,"Kenema"
KEO,1698d8c1d987f15c,"Odienne"
KEP,2d947d24c0f72918,"Nepalgunj"
KEQ,270d4765e4265df5,"Kebar"
KER,2dda5c6b812840ce,"Hashemi Rafsanjani"
KES,3714b70bf45268ea,"Kelsey"
KET,2c6136b0efa597b5,"Kengtung"
KEU,1e78b7035ff7bfb5,"Keekorok"
KEV,3cad3efcc802335f,"Halli"
KEW,371a29b54f620094,"Keewaywin"
KEX,4e64896b89097b39,"Kanabea"
KEY,1e78e7c368afe956,"Kericho"
KFA,15bd3a5cd5e25fed,"Kiffa"
KFE,232bdb9ba4b3839f,"Fortescue/Dave Forrest"
KFG,240af11a0284c1be,"Kalkgurung"
KFM,351bf94120ad001f,"Kirby Lake"
KFP,316b2a1ab8b24e58,"False Pass"
KFS,3fc1b5d19c628796,"Kastamonu"
KFZ,1aff80ca26aec159,"Kukes"
KGA,1c64dd82420cd013,"Kananga"
KGC,4e1367cbcab1e75b,"Kingscote"
KGD,3ea14ec680b01d88,"Khrabrovo"
KGE,4c649707ee904699,"Kaghau"
KGF,3af10baaaaf67ff9,"Sary-Arka"
KGG,15aa7927658a179c,"Kedougou"
KGH,4e60545e4325ef90,"Yongai"
KGI,2223ecba088137dc,"Kalgoorlie Boulder"
KGJ,1e6307e19da08999,"Karonga"
KGK,325bc68ab9febfd0,"Koliganek"
KGL,1d7a9dd62366d9ab,"Kigali"
KGM,4f61e43bbb21038d,"Kungim"
KGO,3ec50b431010b215,"Kirovograd"
KGP,39d61ad32ab610cc,"Kogalym"
KGR,2311082546d98d0d,"Kulgera"
KGS,1ce2b2fd34354ef3,"Kos"
KGT,2d6a071181d2cc34,"Kangding"
KGU,29300c897bda6fc6,"Keningau"
KGX,336230bdb4126ad8,"Grayling"
KGY,4c2cf860f865734a,"Kingaroy"
KGZ,334ba2e1d009347b,"Glacier Creek"
KHA,3ee6781f93017f31,"Khaneh"
KHC,3ec6bbb382399aae,"Kerch"
KHD,2ee344b6a0a7c1a6,"Khoram Abad"
KHE,3ec921fdb83898b8,"Kherson"
KHG,2fa21cd9059d5e2a,"Kashgar"
KHH,2c25b1795bfc2d70,"Kaohsiung"
KHI,2cbbfccfde7f8508,"Jinnah"
KHJ,3cad0c09ce30f59c,"Kauhajoki"
KHK,2de840f7d450e485,"Khark"
KHM,2c6efee34c536d4a,"Kanti"
KHN,2d36aeaf3d79f9b3,"Nanchang Changbei"
KHO,1d355e145b3cbd22,"Khoka Moya"
KHR,36f4894f05163677,"Kharkhorin"
KHS,2cdfa66855b4d11e,"Khasab"
KHT,2eb24e506ce3f5dc,"Khost"
KHU,3ec312994c7eb0c5,"Kakhnovka"
KHV,32da4ac1ec883208,"Khabarovsk Novy"
KHW,1c4540f29a13d1fc,"Khwai River Lodge"
KHX,1d79dace04c19aea,"Savannah"
KHY,3ee44974c3d6a5c4,"Khoy"
KHZ,414cf51a3d3af6ad,"Kauehi"
KIC,5e3a48539c8639d5,"Mesa Del Rey"
KID,3e928dc5c33d0cf9,"Kristianstad"
KIE,4c69cf470a703250,"Aropa"
KIF,381024a60d5cb0ee,"Kingfisher Lake"
KIG,1a2e5960f98a2ed9,"Koingnaas"
KIH,2dd0f658fe695963,"Kish"
KII,4e6c35dd897c9a8b,"Kibuli"
KIJ,31d3dcaf601f417c,"Niigata"
KIK,1ee7849926ce38a8,"Kirkuk"
KIL,1d642cf885b9072d,"Kilwa"
KIM,1c22983cbef0d31c,"Kimberley"
KIN,5ba7766835d88617,"Norman Manley"
KIO,4a911fadf24e8e6a,"Kili"
KIP,5e6496c22acc3fdf,"Kickapoo Downtown"
KIQ,4e606cc155334172,"Kira"
KIR,3e6dde8ce9c53845,"Kerry"
KIS,1e77f2b0a3e4869b,"Kisumu"
KIT,1be9a3a212c096b2,"Kithira"
KIU,1f77ad8a7b189371,"Kiunga"
KIV,3ebcc9044b34b0a9,"Chisinau"
KIW,1d5374d67064e9a9,"Southdowns"
KIX,4ee955dafd62934a,"Kansai"
KIY,1f614c2a4eb72a31,"Kilwa"
KJA,37eb59294281270c,"Krasnoyarsk"
KJB,2ba03bbae66a0c4b,"Kurnool"
KJH,2d41ea1ac22eb2b8,"Kaili Huangping"
KJI,38f685e830188f53,"Burqin Kanas"
KJK,3f826a66b4871f3e,"Wevelgem"
KJP,2c1fd666f278a393,"Kerama"
KJT,264b72edfc57b82f,"Kertajati"
KJX,286baba7469a133f,"Blang Pidie"
KKA,3367701888480d7e,"Koyuk Alfred Adams"
KKC,2b529f9f1022bc2d,"Khon Kaen"
KKD,4d6f4830935474b2,"Kokoda"
KKE,481f7bf5866b75a8,"Kerikeri"
KKG,59d0c8d2b8564163,"Konawaruk"
KKH,32685f36142a978d,"Kongiganak"
KKI,326c32d20d092d59,"Akiachak"
KKJ,2e14d51a797e7950,"Kitakyushu"
KKK,33671b1f0e332ab4,"Kalakaket Creek"
KKM,2a5ef6a7f5523808,"Sa Pran Nak"
KKN,3b96fb731fbfaeee,"Kirkenes Hoybuktmoen"
KKO,481f7e7a9fcc01c6,"Kaikohe"
KKP,4e560c7796527887,"Koolburra"
KKQ,38c9ad346502b4ee,"Krasnoselkup"
KKR,4240fb6be3a42dc3,"Kaukura"
KKS,2ed4d79b28c2f59e,"Kashan"
KKT,5f856b2ab500fe1a,"Kentland Muni"
KKU,3258d5900a7f5c7b,"Ekuk"
KKW,1b7a013278283f99,"Kikwit"
KKX,2d15969e15f71f20,"Kikai"
KKY,3e7d16f4e48bd0e7,"Kilkenny"
KKZ,2a548314c78f0d63,"Koh Kong"
KLB,1c53157c13d21ff6,"Kalabo"
KLC,14afb7f26be11f57,"Kaolack"
KLD,3db0ac2276dd7323,"Migalovo"
KLE,1a9cf78830955748,"Kaele"
KLF,3db4ee8b81280706,"Grabtsevo"
KLG,326e25d43e06c685,"Kalskag"
KLH,2ba3e9f7bbfac377,"Kolhapur"
KLI,1c82da0983d3e2d6,"Kotakoli"
KLK,1e89acfa30ce3342,"Kalokol"
KLL,325ab2581c166b98,"Levelock"
KLM,2edd17c051564896,"Kalaleh"
KLN,32585423aabb0c16,"Larsen Bay"
KLO,2a241608c7c90475,"Kalibo"
KLP,2735a6b9c4d4bf0a,"Seruyan Kuala Pembuang"
KLR,3d9fce003cde21c6,"Kalmar"
KLS,331b694c61c4d6ee,"SW Washington Regional"
KLU,3f98ede525a38ea5,"Klagenfurt"
KLV,3f9196f1f9ce0484,"Karlovy Vary"
KLW,33394cebac5b9143,"Klawock"
KLX,1be6c4ac541c8773,"Kalamata"
KLY,1d7175e9998d9885,"Kinkungwa"
KLZ,1a2e64cccdad6919,"Kleinsee"
KMA,4e647d1a5c9652f6,"Kerema"
KMB,4e68e5cee7487e2d,"Koinambe"
KMC,2df40433c6e51c80,"King Khaled Military City"
KME,1d77864d60a64ccd,"Kamembe"
KMF,4e648712086f6e6d,"Kamina"
KMG,2c5cb6442f5ef6bf,"Kunming Changshui"
KMH,1b2fcef999d3aae7,"Johan Pienaar"
KMI,2d1fa202e131ac09,"Miyazaki"
KMJ,2e11cb41f5b0b8d9,"Kumamoto"
KMK,1a7757173e7f436a,"Makabana"
KML,4e4d4b47ec11ab1f,"Kamileroi"
KMM,4f657f09a675105e,"Kimaam"
KMN,1c6b49ba52440266,"Kamina City"
KMO,3258e779de8460f4,"Manokotak"
KMP,1b22f688caffc604,"Keetmanshoop"
KMQ,31e643b85277aea5,"Komatsu/Komatsu"
KMR,4e67baa0b419dfa4,"Karimui"
KMS,179b500261e251ee,"Kumasi"
KMU,1f7ae3d2151dfff6,"Kismayo"
KMV,2c764e30b1a62b9c,"Kalay"
KMW,3cb9f292e93fb84c,"Kostroma Sokerkino"
KMX,1fb48d7cc0846b4f,"King Khalid"
KMZ,1c592605c08a6711,"Kaoma"
KNA,51be005280e1e2a2,"Vina del mar"
KND,1c7f60d27ceb288f,"Kindu"
KNE,4e68f265b5d3fda1,"Kanainj"
KNF,3e8e1409f8815ffe,"RAF Marham"
KNG,2704393128acc3a0,"Kaimana"
KNH,2c3a1791fbdd7159,"Kinmen"
KNI,213c90f83238cf97,"Katanning"
KNJ,1a7d3494de0e77ff,"Kindamba"
KNK,325c8499d65feda6,"Kokhanok"
KNM,1c698731893aa578,"Kaniama"
KNN,16a30791d62cf788,"Kankan"
KNO,286b46283df64ee8,"Kualanamu"
KNP,1a6f187cc427cad6,"Capanda"
KNQ,4a3cf3589542ffbd,"Kone"
KNR,2de410e9e95d01d7,"Jam"
KNS,60df271ae5619832,"King Island"
KNT,5e7af8e277c8d67f,"Kennett Memorial"
KNU,2d90b100cd014fbc,"Kanpur"
KNW,325aca5db276ab65,"New Stuyahok"
KNX,241f310529b27475,"East Kimberley/Kununurra"
KNZ,15ad78fe334f1796,"Kenieba"
KOA,43baccc567174832,"Ellison Onizuka Kona"
KOC,4a4e00d77fcec60f,"Koumac"
KOD,272fe2f9e7eff094,"Kotabangun"
KOE,2610d33d211b1ea7,"El Tari"
KOF,1d3628afab6c4716,"Komatipoort"
KOH,4e4ae3c00260ccb2,"Koolatah"
KOI,3d7dba3fe8f3320d,"Kirkwall"
KOJ,2d1ebe7f446873f3,"Kagoshima"
KOK,3c9af1a8b06e425c,"Kokkola-Pietarsaari"
KOM,4e6ccbf0d5c69fd9,"Komo-Manda"
KOO,1d61fc1b83afbb7d,"Kongolo"
KOP,2b554c40dfaf3105,"Nakhon Phanom"
KOQ,3e9e7259284f0261,"Kothen"
KOR,4e627e77c9497a36,"Kakoro(Koroko"
KOS,2a506f0cddc4a287,"Sihanoukville"
KOT,33608d9aa5e59ab5,"Kotlik"
KOU,1a76cf4d8501c2fe,"Koulamoutou Mabimbi"
KOV,3ae55dca3e2d86fe,"Kokshetau"
KOW,2c3eb8a13d4841e6,"Ganzhou Huangjin"
KOX,4f7c1536ba585050,"Kokonao"
KOZ,325a3654d4ea5fcf,"Ouzinkie"
KPA,4e6dfb18dd7e863e,"Kopiago"
KPC,3365ecadd06042e9,"Port Clarence Station"
KPE,4f711572d8ccd84b,"Yapsiei"
KPF,4e6c5f5b02395426,"Kondobol"
KPI,2836948f348b1516,"Kapit"
KPL,4e6c520935e99b76,"Kapal"
KPM,4e6af2202e405208,"Kompiam"
KPN,326865eec25a57d7,"Kipnuk"
KPO,2e292ec66ec99508,"Pohang"
KPP,4e5615c4618cad58,"Kalpowar"
KPS,4c27310580866d7c,"Kempsey"
KPT,5f4879aef8e78fe3,"Jackpot /Hayden"
KPV,3250bbbacce01305,"Perryville"
KPW,339d05772175f3b7,"Keperveem"
KQA,31685d885bbcba7a,"Akutan"
KQH,2da0a9776c6f14bc,"Kishangarh Ajmer"
KQL,4e67eb06b6297812,"Kol"
KQR,223881e7eb6d6f33,"Karara"
KQT,2ebe3aa58b2aed28,"Qurghonteppa"
KRA,4d166abc4c762dcd,"Kerang"
KRB,4e4da2026bf32e1c,"Karumba"
KRC,2759c60e8d8e7553,"Departi Parbo"
KRD,24008fb24fd3707b,"Kurundi"
KRE,1d7a8a0e450e6f02,"Kirundo"
KRF,3c9e982bbff55bf9,"Kramfors-Solleftea Hoga Kusten"
KRG,58dcba85f76e5ab1,"Karasabai"
KRI,4e688ec23ba69483,"Kikori"
KRJ,4e7b149663af1a2e,"Karawari"
KRK,3ead7b7daf2c634e,"Krakow John Paul II"
KRL,2f879f266ad397e5,"Korla Licheng"
KRM,58dbcc34231e127e,"Karanambo"
KRN,3c9077e123af19bc,"Kiruna"
KRO,3adadeb0888bed4a,"Kurgan"
KRP,3e930a0200d10edf,"Karup"
KRQ,3dce9f3668977a4b,"Kramatorsk"
KRR,3ed318112940512b,"Krasnodar Pashkovsky"
KRS,3d8ede73a8bd673e,"Kristiansand Kjevik"
KRT,1dbd0d5d870066ff,"Khartoum"
KRU,4e61662309896e40,"Kerau"
KRV,1e8918091211562b,"Kerio Valley"
KRW,3de3e9f850f3f63d,"Turkmenbashi"
KRX,4e7511b06caaaca6,"Kar Kar"
KRY,38fbe3e44d285ead,"Karamay"
KRZ,1b7abb42bf0bc6ef,"Kiri"
KSA,4b940dc29bbba6f1,"Kosrae"
KSB,4e62c00622ff4b0b,"Kasonombe"
KSC,3eafbd7ca2d908f6,"Kosice"
KSD,3d995f5d5068f00b,"Karlstad"
KSE,1d8a0c98350d5f02,"Kasese"
KSF,3e9f2d76c80ee7a2,"Kassel-Calden"
KSH,2ee55ad9853de30a,"Shahid Ashrafi Esfahani"
KSI,1690c9a41cc51087,"Kissidougou"
KSJ,1ce28e7a2079a519,"Kasos"
KSK,3d997c3c7a8bfff3,"Karlskoga"
KSL,1ea7f7b1bb6f93ad,"Kassala"
KSM,326e758603c72378,"St Mary's"
KSN,3be0177fca8e599d,"Kostanay West"
KSO,1bf242f494ca4b4a,"Kastoria National Aristotle"
KSP,4e605f9c2329f9bb,"Kosipe"
KSQ,2fb0af08a285f9d0,"Karshi"
KSR,262c4ad521b90d09,"Selayar/Haji Aroeppala"
KSS,16ae36594cb971bb,"Sikasso"
KSU,3d81b83948978fee,"Kristiansund Kvernberget"
KSV,4e39831748db61f5,"Springvale"
KSW,1de825b529cac8ff,"Kiryat Shmona"
KSX,4e64b15745108349,"Yasuru"
KSY,3ed4ea4c12c1a6bd,"Kars"
KSZ,3bbcf0bd73f613d6,"Kotlas"
KTA,243035aaaa3c6d02,"Karratha"
KTC,1790927d05eb6ae9,"Katiola"
KTD,2c1e4c54f9769522,"Kitadaito"
KTE,285e63198590c678,"Kerteh"
KTF,4901a427498edeb7,"Takaka"
KTG,274a243ca76afb54,"Rahadi Osman"
KTJ,1e77ce00936f6a7c,"Kichwa Tembo"
KTL,1e873b05c2d2be5f,"Kitale"
KTM,2d83cbf1ccb96b51,"Tribhuvan"
KTN,333b23d65dac8d65,"Ketchikan"
KTO,58dea9a3c074219e,"Kato"
KTP,5ba779405e2d03cb,"Tinson Pen"
KTQ,3ca9a8963cc55d64,"Kitee"
KTR,25029ed56a667480,"Tindal"
KTS,3366e233807be906,"Brevig Mission"
KTT,3b9eda0f7d2e361b,"Kittila"
KTU,2cac8819c7fddcb4,"Kota"
KTV,59d13ea91a270537,"Kamarata"
KTW,3ead54cffc42e39f,"Katowice"
KTX,16af6296251fd519,"Koutiala"
KTY,2994f844cc991b80,"Katukurunda Air Force Base"
KUA,285b6db69a9e6b2a,"Kuantan"
KUC,49840aacf8f31305,"Kuria"
KUD,2925eadddaca3429,"Kudat"
KUE,4c6663e24238d2a6,"Kukudu"
KUF,3cd5340473bfb399,"Kurumoch"
KUG,4e6d02182d612b77,"Kubin Island"
KUH,31c4d5ae5b2a9ad8,"Kushiro"
KUK,326b586771ab749a,"Kasigluk"
KUL,2858b94dd46a1b4f,"Kuala Lumpur"
KUM,2d1ba11b533f38ac,"Yakushima"
KUN,3dafa49d92bf9f9a,"Kaunas"
KUO,3ca96181556c231f,"Kuopio"
KUP,4d6d0e83adae9bc6,"Kupiano"
KUQ,4e6b96aaa504b235,"Kuri"
KUS,3b5c209415f00e5a,"Kulusuk"
KUT,3ed3a3dbf743b08d,"David the Builder Kutaisi"
KUU,2daf2232d1810ceb,"Kullu Manali"
KUV,2e298a5f8e065256,"Kunsan"
KUX,4e6ffe24aa4d4bfb,"Kuyol"
KUY,4e6b8bcc60d19896,"Kamusi"
KVA,1bf962168abca99c,"Kavala Alexander the Great"
KVB,3d9c65f8ae8208c4,"Skovde"
KVC,316c0f5222b20269,"King Cove"
KVD,3dee3f7f9e5a98cc,"Ganja"
KVE,4d655e0247b84ee1,"Kitava"
KVG,4d7873e38ab4cb1c,"Kavieng"
KVK,3baa6290af6a8c42,"Kirovsk-Apatity"
KVL,336dd8a237a27094,"Kivalina"
KVM,3383c3f22cd1c3c7,"Markovo"
KVO,3faaea1a34344489,"Morava"
KVR,32d4b0e07d5470d8,"Kavalerovo"
KVX,3bcd8e1993a3626f,"Pobedilovo"
KWA,4a96b046369a972d,"Bucholz Army Air"
KWB,264d0df3d3a06554,"Dewadaru/Kemujan Island"
KWD,1c9789e1b93757c5,"Kavadja"
KWE,2d501713fb7c2b44,"Guiyang Longdongbao"
KWG,3ec52a828137fab5,"Kryvyi Rih"
KWH,2ebe0b851120a869,"Khwahan"
KWI,2de79eeff4fde9a2,"Kuwait"
KWJ,2e277a1dab249dbd,"Gwangju"
KWK,3268598bf0fbe0d2,"Kwigillingok"
KWL,2c4c7bd504544ee5,"Guilin Liangjiang"
KWM,4e4cf0fb849f6061,"Kowanyama"
KWN,32683e7c2e723b0f,"Quinhagak"
KWO,4e6c7506bd37df13,"Kawito"
KWS,4b6a5fdb90b9e4c9,"Kwailabesi"
KWT,326b3db2ee5da69c,"Kwethluk"
KWY,1f7796d683d7a611,"Kiwayu"
KWZ,1c5ce9687080874a,"Kolwezi"
KXB,27221696e1d9c8ca,"Sangia Nibandera"
KXE,1c28eb92ea747554,"P C Pelser"
KXF,4841ab5ec73c1053,"Koro Island"
KXK,32cbf6116fdcb18d,"Komsomolsk-on-Amur"
KXU,414add6538cab57e,"Katiu"
KYA,1cecefedd7e63453,"Konya"
KYD,2c23872f6bdf057c,"Lanyu"
KYE,1de76c4eb45cad49,"Rene Mouawad/Kleyate"
KYF,222df73a5d43f4f9,"Yeelirrie"
KYI,22118fd5a0cf962c,"Yalata Mission"
KYK,32575feddd833269,"Karluk"
KYO,5d95523724d40db7,"Tampa North Aero Park"
KYP,2b7b5d787a51e334,"Kyaukpyu"
KYS,15adc5f4b9373b1a,"Kayes Dag Dag"
KYT,2c713ada779be743,"Kyauktu"
KYU,336827bc53892bc7,"Koyukuk"
KYX,4e62c0e2c731549d,"Yalumet"
KYZ,37f70569667b4cbb,"Kyzyl"
KZC,2a56328d086e5663,"Kampong Chhnang"
KZD,2a5740cca9eac904,"Krakor"
KZF,4e64848872159bfe,"Kaintiba"
KZG,3f9349c4c24472a7,"Flugplatz Kitzingen"
KZI,1bf3489463f6f8ec,"Kozani State Filippos"
KZN,3cc3d0d3a64f06c9,"Kazan"
KZO,3bf55587b010d790,"Kyzylorda"
KZR,1cf61abfbafeb4b3,"Zafer"
KZS,1ce8a542b29beaa1,"Kastelorizo"
LAA,5e6f0295c54e0acc,"Southeast Colorado Regional"
LAB,4d6fe41d36f42696,"Lab Lab"
LAC,29377162be95438e,"Layang-Layang"
LAD,1a684f41e8cf89eb,"Quatro de Fevereiro"
LAE,4e62ba6bced57e87,"Nadzab"
LAF,5f847e642cacd4f1,"Purdue University"
LAH,271e10c1dddb7ddb,"Oesman Sadik"
LAI,3f7789b3eeb26355,"Lannion-Cote de Granit"
LAJ,52ec6171c8e2154d,"Lages"
LAK,3550033bd6f55a4c,"Aklavik/Freddie Carmichael"
LAL,5d946832a2001a3a,"Lakeland Linder"
LAM,5e596ad002fb4b02,"Los Alamos"
LAN,5f8ac79f27849f22,"Capital City"
LAO,2b28829020b4419b,"Laoag"
LAP,5c49666cdda2b9eb,"Manuel Marquez de Leon"
LAQ,1be9109709bf69ad,"Al Abraq"
LAR,5f57b02c85270f86,"Laramie Regional"
LAS,5e4a12a5d08f4375,"Harry Reid"
LAU,1f7687e6f23176c7,"Manda"
LAW,5e66a32d254fa2af,"Lawton Fort Sill Regional"
LAX,5e34896b8b255c43,"Los Angeles/Tom Bradley"
LAY,1c2e9fdf8b755905,"Ladysmith"
LAZ,10566eb1c6a3576d,"Bom Jesus da Lapa"
LBA,3e7bc2ea447e5874,"Leeds Bradford"
LBB,5e631e10143bef88,"Lubbock Preston Smith"
LBC,3e9937fe8110f7e2,"Lubeck Blankensee"
LBD,2fb4061ba14962cc,"Khujand"
LBE,5f9499706dd14a6a,"Arnold Palmer Regional"
LBF,5f6669aa5fc50765,"North Platte/Lee Bird"
LBG,3f87521d4c95c00e,"Paris-Le Bourget"
LBI,18f4dd12cdd2b751,"Albi-Le Sequestre"
LBJ,262567ca553674fc,"Komodo"
LBK,1f8617197c903fc5,"Liboi"
LBL,5e6c4975699888f5,"Liberal Mid-America"
LBM,1e457427a8185a80,"Luabo"
LBN,1e8a2a187b06b767,"Lake Baringo"
LBO,1c77087f2e51f75f,"Lusambo"
LBP,283a207b72e958f3,"Long Banga"
LBQ,1a70d3c2a466d8b3,"Lambarene"
LBR,56c9c387b3eb0dab,"Labrea"
LBS,4842d00002fdd723,"Labasa"
LBT,5e96c5596f8e1e81,"Lumberton Regional"
LBU,2930391cbedd2696,"Labuan"
LBV,198d197a00c30f42,"Libreville Leon M'ba"
LBW,283c13bd34ab16dd,"Long Bawan"
LBX,2a2b71c2ffaea641,"Lubang"
LBY,3f7ba2f048a18760,"La Baule-Escoublac"
LBZ,1b6f56946f2e9153,"Lucapa"
LCA,1de2760a9d64a68c,"Larnaca"
LCB,55d09d0b1273f116,"Pontes e Lacerda"
LCC,1afb427093f81276,"Lecce Galatina"
LCD,1d339075e60f828d,"Louis Trichardt"
LCE,5b809c9e18cde74b,"Goloson"
LCF,5b80392583bc0ce3,"Las Vegas"
LCG,16fcbbbf5560e2d6,"A Coruna"
LCH,5d7a7625eeb6c627,"Lake Charles Regional"
LCI,5fac95e5c0378f19,"Laconia Muni"
LCJ,3eaa536559ef9107,"Lodz Wladyslaw Reymont"
LCK,5f931722a47e5cd3,"Rickenbacker"
LCL,5c942686f457c8f4,"La Coloma"
LCM,52c323d653f341f1,"La Cumbre"
LCN,4e254c75d7009520,"Balcanoona"
LCO,1a7d865203426993,"Lague"
LCP,51a0fd50866e2ffd,"Loncopue"
LCQ,5d9a484c0f1f2b69,"Lake City Gateway"
LCR,57bd4bd3e281ad46,"La Chorrera"
LCT,2e4e4c63acc117c8,"Shijiazhuang Luancheng"
LCV,19f8c0ed91605741,"Lucca-Tassignano"
LCX,2c3e6070b9c14744,"Longyan Guanzhishan"
LCY,3f810213b5cbd689,"London City"
LDA,2c8c515bef34caa5,"Malda"
LDB,53e88b64a8fdae95,"Governador Jose Richa"
LDC,4d471512dd322bca,"Lindeman Island"
LDE,17ffbf6cc7c333da,"Tarbes-Lourdes-Pyrenees"
LDG,3bb57e49a63c44dd,"Leshukonskoye"
LDH,4b2713c36aeca653,"Lord Howe Island"
LDI,1f621136b8389114,"Lindi"
LDJ,5fa55663a1620113,"Linden"
LDK,3d9c5aa1eeb51737,"Lidkoping-Hovby"
LDM,5f8d8339078a6a04,"Mason County"
LDN,2d829753cf5679a6,"Lamidanda"
LDO,58ed6b78a518413d,"Ladouanie"
LDS,33d3e1e872fd5556,"Yichun Lindu"
LDU,282fac750ad84c15,"Lahad Datu"
LDV,3f78704390b775ae,"Landivisiau"
LDW,241988bf9309520e,"Lansdowne"
LDX,59e192de58656c47,"Saint-Laurent-du-Maroni"
LDY,3e77350f35363da8,"City of Derry"
LDZ,1d354eae3bafda38,"Londolozi"
LEA,233bbe85a0b4db9c,"Learmonth"
LEB,5fac77f442e928e2,"Lebanon Muni"
LEC,105b952e022549d1,"Coronel Horacio de Mattos"
LED,3cafe01aecbddbf0,"Pulkovo"
LEE,5d966da212676dd7,"Leesburg"
LEF,1c2b6632e96c82f1,"Lebakeng"
LEH,3f850e2fee58f711,"Le Havre-Octeville"
LEI,17e9cf1e4b3ce895,"Almeria"
LEJ,3e9e8c03565e0917,"Leipzig/Halle"
LEK,15aa3355b1db0003,"Tata"
LEL,4f5b931c21c1c20f,"Lake Evella"
LEM,3605477f1991ff80,"Lemmon Muni"
LEN,17f2ad03e336562e,"Leon"
LEO,1a7cba181834a408,"Lekoni"
LEP,103de928430b715f,"Leopoldina"
LEQ,3f734f7ebe34c70b,"Land's End"
LER,222bee257f9956fe,"Leinster"
LES,1c2a6c93caf28893,"Lesobeng"
LET,57b2dde9a7dabdd5,"Alfredo Vasquez Cobo"
LEU,18f3947c8da6ec32,"Pirineus/la Seu d'Urgel"
LEV,48439b4c4a1a086a,"Levuka"
LEW,3a0c5018feac1180,"Auburn Lewiston Muni"
LEX,5e8fd162f3cecdd5,"Blue Grass"
LEY,3e8ea3afb90dc686,"Lelystad"
LEZ,5a8c569762b89de3,"La Esperanza"
LFB,1f511f5d726e6fff,"Lumbo"
LFH,2d605b2e3c20e4c5,"Lanping Fenghua General"
LFI,5eac2a2e3c47cd6d,"Langley Air Force Base"
LFK,5d7d362787e443c7,"Angelina County"
LFM,2de20c794f5b9e40,"Lamerd"
LFN,5e99dfadedb1d09e,"Triangle North Executive"
LFO,1f9d1ebe97abda9b,"Kelafo East"
LFQ,2e4a94f55b1d04ff,"Linfen Yaodu"
LFR,59b96c85f3caa4a2,"La Fria"
LFT,5d7aa99d005d41b9,"Lafayette Regional"
LFW,18933f51028b3e55,"Lome-Tokoin"
LGA,5fa56c25f54c7c77,"La Guardia"
LGB,5e3484e76245e336,"Long Beach/Daugherty"
LGC,5e82d205ff9e19ad,"LaGrange Callaway"
LGD,3403ff2fe0cc492f,"La Grande/Union County"
LGE,241282218c8f12d3,"Mulan"
LGF,5e411c101e8e81c3,"Laguna Army"
LGG,3f82abeffc102a2b,"Liege"
LGH,4e274953143fa293,"Leigh Creek"
LGI,5ca6add89a9e6484,"Deadman's Cay"
LGK,29631d93880485fd,"Langkawi"
LGL,283a3b3a1d42965a,"Long Lellang"
LGN,4d6aeda1a3439827,"Linga Linga"
LGO,3e8ae90a7bebc071,"Langeoog"
LGQ,58a0942a0b67d0fb,"Nueva Loja"
LGR,6a04ae58112ba84b,"Cochrane"
LGS,51b7358dd64d8b95,"Comodoro Salomon"
LGT,58bea4f49857d07d,"La Gaviota"
LGU,5f48d29ede8232c2,"Logan-Cache"
LGW,3f72f094f53e5a14,"London Gatwick"
LGX,1f8ab2f248528062,"Lugh Ganane"
LGY,59bf995c3ef83726,"Lagunillas"
LGZ,2d759b76a190e2bf,"Shannan Longzi"
LHA,3f97097502b89416,"Lahr"
LHE,2dae928ef1d1d5e4,"Allama Iqbal"
LHG,4d237b7718aa805a,"Lightning Ridge"
LHI,4f74645e7a853c18,"Lereh"
LHK,2e407860353f5e05,"Guangzhou MR/Guanghua"
LHR,3f71f3176e4b9e06,"London Heathrow"
LHS,6a0cbd59efecdac1,"Las Heras"
LHU,1c44850ad3ef1400,"Lianshulu"
LHV,5f96dac1618071f0,"William T. Piper Memorial"
LHW,2e5bd3ae8bee0819,"Lanzhou Zhongchuan"
LIA,2d5b0e57c09d2aa7,"Liangping"
LIB,241a1b103b88a95b,"Limbunya"
LIC,5f52e2c1dac94634,"Limon Muni"
LIE,1b89bb6c0b0b4ee3,"Libenge"
LIF,4a450629bc35993a,"Lifou"
LIG,3f8e2797a54cb4b6,"Limoges"
LIH,44c43b5790a164dd,"Lihue"
LII,4f784f6a31d68e4a,"Mulia"
LIK,4a91e1a9e3959a99,"Likiep"
LIL,3f836438719aa249,"Lille-Lesquin"
LIM,55aa7879e9dc92b2,"Jorge Chavez"
LIN,3f9d4c84b817d30a,"Milano Linate"
LIO,599f51a9a822b2c8,"Limon"
LIP,53edc8df7bd1b14e,"Lins"
LIQ,1c8264c9fbcb100f,"Lisala"
LIR,5a81d0df3cdb4873,"Guanacaste"
LIS,16f908e9a1e24d95,"Humberto Delgado/Lisbon"
LIT,5e76aa3962d279fd,"Bill Hillary Clinton"
LIV,335f87a3e966c175,"Livengood Camp"
LIW,2b6caa914b116a0a,"Loikaw"
LIX,1e54ae53cb0c002c,"Likoma Island"
LIY,5d9f629b9a0cf629,"MidCoast Regional/Wright"
LIZ,3a0eda1fc41db8e9,"Loring"
LJA,1c7856223379ea88,"Lodja"
LJG,2d603d370fdb13a5,"Lijiang Sanyi"
LJN,5d7709ecc2019197,"Texas Gulf Coast Regional"
LJU,3f99fb610c89e9b6,"Ljubljana/Joze Pucnik"
LKA,2616e16eaedf20f9,"Larantuka Gewayentana"
LKB,474c77c2e865581d,"Lakeba Island"
LKC,1a7d89bce63ff8a1,"Lekana"
LKD,4e44e4ef49c1c0d4,"Lakeland"
LKG,1e85dd2cef8a898d,"Lokichoggio"
LKH,283a4632c978872d,"Long Akah"
LKK,325a8f9505104196,"Kulik Lake"
LKL,3b98a435551c1742,"Lakselv Banak"
LKN,3c81fdfa1953225a,"Leknes"
LKO,2d9191a205e78a7a,"Chaudhary Charan Singh"
LKP,3a033e0e17454f2d,"Lake Placid"
LKU,1e89aebb69caf6d5,"Lake Rudolf"
LKV,330bbee5a6319c71,"Lake County"
LKW,2cd5ece3a35c6974,"Lekhwair"
LKY,1e795c609d4d42fa,"Lake Manyara"
LKZ,3e8e1e125cf032bc,"RAF Lakenheath"
LLA,3c95cc6f0ae7b8d9,"Lulea"
LLB,2c4dd58e85288b3a,"Libo"
LLC,2b28527439da9c8f,"Cagayan North"
LLE,1d352bb610a9c04b,"Riverside"
LLF,2c4f4e21cde97612,"Yongzhou Lingling"
LLG,4e44a7f0cb1a16ae,"Chillagoe"
LLI,1eaf565c186dce7e,"Lalibella"
LLJ,27557a9fcd2a9572,"Silampari"
LLK,3deda375fef9655c,"Lankaran"
LLL,241c36cb350b3300,"Lissadell"
LLM,283b5d20f4e4dd50,"Long Lama"
LLN,4f774343e2352c7e,"Kelila"
LLO,272645f4347d6859,"Bua/Palopo Lagaligo"
LLS,53d40bf707f2272a,"Alferez Armando Rodriguez"
LLT,1a599676784ff7c0,"Lobito"
LLV,2e4ec3302a84898e,"Luliang Dawu"
LLW,1e515c290685daad,"Lilongwe"
LLX,3a074fe1f85a7cdf,"Caledonia County"
LLY,5fa34c62176f58ba,"South Jersey Regional"
LMA,3359a1c230a783f3,"Minchumina"
LMB,1e535d36af515700,"Salima"
LMC,58b62d831c94aa9c,"La Macarena"
LMD,50ba3241c78c0c6a,"Los Menucos"
LME,3f890b61d6da5379,"Le Mans-Arnage"
LMI,4e7f5214864d4736,"Lumi"
LML,4a9ab7e73733e295,"Lae Island"
LMM,5c4ea097ada59f68,"Valle del Fuerte"
LMN,283f31b2c52695e5,"Limbang"
LMO,3e71a0537a016d45,"RAF Lossiemouth"
LMP,1ae084a4533d499e,"Lampedusa"
LMQ,1bd4b61a50aec5df,"Marsa al Brega"
LMR,1b2fa77554fa436b,"Lime Acres Finsch Mine"
LMS,5e822872bcc65094,"Louisville Winston County"
LMT,3309d3845dd6ea57,"Crater Lake-Klamath"
LMU,2849e4ec93e88c80,"Letung"
LMV,29b1319a28f6d946,"Madivaru"
LMY,4e6fad0edeb4b9bb,"Lake Murray"
LMZ,1f53e77438601038,"Palma"
LNA,5d90b9e984b0a96a,"Palm Beach County Park"
LNB,4a43c9ae66b7a7a6,"Lamen Bay"
LNC,4e61c0030581e5be,"Lengbati"
LND,5f5a5934ae907518,"Hunt"
LNE,4a43ebd516763f54,"Lonorore"
LNF,4f700fca7032b350,"Munbil"
LNG,4e636717a8209468,"Lese"
LNH,4f31f59f013b2fb6,"Lake Nash"
LNI,346a5d22edd00d72,"Point Lonely"
LNJ,2c683715ff9700d5,"Lincang Boshang"
LNK,5f65ffd26baed895,"Lincoln"
LNL,2e5463f5a062a341,"Longnan Chengzhou"
LNM,4e639d6736e10ac0,"Langimar"
LNN,5f974e4ec28a62db,"Lake County Executive"
LNO,2229d076cfb6e187,"Leonora"
LNP,5e9c27d07cf3ca8c,"Lonesome Pine"
LNR,5f7bf79f41f77d5f,"Tri-County Regional"
LNS,5fa403e12846aa6a,"Lancaster"
LNU,282bf306b5d23803,"Robert Atty Bessing"
LNV,4d73617b399b7a8f,"Londolovit"
LNX,3db87c8fc56cdfd9,"Smolensk North"
LNY,43bdfadfd40eff49,"Lanai"
LNZ,3f95d5a5af195201,"Linz-Horsching/Vogler"
LOA,4e4e5570019f4dbc,"Lorraine"
LOB,51be258e34bdef95,"San Rafael"
LOC,4e19c9790a7fe746,"Lock"
LOD,4a54068a28ab7f49,"Longana"
LOE,2b55ceeb439b1dbe,"Loei"
LOH,57a31748e239c1de,"Camilo Ponce Enriquez"
LOI,52ed8cae7cc3ab8f,"Helmuth Baungarten"
LOK,1e8993cea8f9c823,"Lodwar"
LOL,5f34d09e3d3225c6,"Derby"
LOM,5c51d400ea4e2f1d,"Francisco Primo de Verdad"
LOO,18e74b233f8491c2,"Laghouat/Molay Medeghri"
LOP,263409ce93d67ab4,"Lombok"
LOQ,1c373257a2c276b3,"Lobatse"
LOS,189a469b81b8f200,"Murtala Muhammed"
LOT,5f874b8f28a64bbb,"Lewis University"
LOU,5e8fa8cc785275c9,"Bowman"
LOV,5d51f9deeacd519b,"Monclova"
LOW,5e9fd0c1da5a6323,"Louisa County/Freeman"
LOY,1e8c81aa008f0180,"Loyengalani"
LOZ,5e8ceaeeb2129947,"London-Corbin/Magee"
LPA,15d5485098810b5c,"Gran Canaria"
LPB,54cc0d8d276e6f34,"El Alto"
LPC,5e36475e79e61201,"Lompoc"
LPD,57bbfd2446037b6f,"La Pedrera"
LPE,59b1c26a38258fe7,"La Primavera"
LPF,2d506a14ccbacc4d,"Liupanshui Yuezhao"
LPG,51c8fb06242417a7,"La Plata"
LPI,3d9b9cc016700242,"Linkoping City"
LPJ,59c469c9c87be56e,"Armando Schwarck"
LPK,3dc46f13f77feb1f,"Lipetsk"
LPL,3e7ca69daa274061,"Liverpool John Lennon"
LPM,4a44d90e5a94e27b,"Lamap"
LPN,4e63bbf5a8f772a1,"Leron Plains"
LPO,5f877abac4ff5199,"La Porte Muni"
LPP,3cad9a8bdc066d84,"Lappeenranta"
LPQ,2b5dc31ddc75b87c,"Luang Phabang"
LPS,331ea8e3cd3a8660,"Lopez Island"
LPT,2b6836989a567e28,"Lampang"
LPU,28353598dcf7f648,"Long Apung"
LPX,3dad491bd02d1a9e,"Liepaja"
LPY,18f8f6ca0b3a60a8,"Le Puy-Loudes"
LQK,5e962deeb4265ac8,"Pickens County"
LQM,57aff68dcca8b90e,"Caucaya"
LQN,2ec735325568eb1b,"Qala-i-Naw"
LRA,1bf53607cf2953dc,"Larissa"
LRB,1c2a9a1d65853e1a,"Leribe"
LRD,5d63549436a8a45b,"Laredo"
LRE,4e318161ab9245b6,"Longreach"
LRF,5e77a265b4562031,"Little Rock Air Base"
LRG,2dbb9005ea86b843,"Loralai"
LRH,3f7ddb6f0d7acebe,"La Rochelle-Ile de Re"
LRJ,5f7a179eedbc9924,"Le Mars Muni"
LRL,1893e6852b3ad581,"Niamtougou"
LRM,5bb8dfd2320c23d9,"Casa De Campo"
LRQ,361cc3e1bed7d78e,"Laurie River"
LRR,2dd3da72e1516a2e,"Lar"
LRS,1ce1c2fe0c9b6bda,"Leros"
LRT,3f798ea9bbeee9e8,"Lorient Bretagne Sud"
LRU,5e50335cf19b41cc,"Las Cruces"
LRV,5ac5632a79ecb966,"Los Roques"
LSA,4d6659656f756bca,"Losuia"
LSB,5e40e5ea3237f387,"Lordsburg Muni"
LSC,52b622ac5ec968e9,"La Florida"
LSE,5f7dd02806e51fb0,"La Crosse Regional"
LSF,5e80d56a32672367,"Lawson Army Air"
LSH,2c669473fa6a15a6,"Lashio"
LSI,3d7bd4e6f2681a39,"Sumburgh"
LSJ,4e62f13e30d9e092,"Long Island"
LSK,5f5ae7d049c3d393,"Lusk Muni"
LSL,5a92066c5da4ddc7,"Los Chiles"
LSM,283d13f8ef339463,"Long Semado"
LSN,5e3c5ab14dddce7c,"Los Banos Muni"
LSO,3f7dc03ad81e616a,"Les Sables-d'Olonne Talmont"
LSP,5ab4cb28fc86e34f,"Josefa Camejo"
LSQ,51a2b8837b417c27,"Maria Dolores"
LSR,286a7a426c72cd0a,"Alas Leuser"
LSS,5bd122ed80f0f696,"Terre-de-Haut"
LST,60cd9c934e6e71bc,"Launceston"
LSU,283e24554524a19a,"Long Sukang"
LSV,5e4a28182f3fa179,"Nellis Air Force Base"
LSW,2960a621fb97bab6,"Malikus Saleh"
LSX,286f9e3471324f5c,"Lhok Sukon"
LSY,4c2797278e27f1f2,"Lismore"
LSZ,3fad052499ce0b85,"Losinj Island"
LTA,1d337b45ae9ea882,"Tzaneen"
LTC,1b92d25cd0c73ad8,"Lai"
LTD,19daa7758402ec49,"Ghadames East"
LTF,4f70731dc611721b,"Leitre"
LTG,2d85c148e5054c61,"Langtang"
LTI,37f2c69b7410dd13,"Altai"
LTK,1de68d615346a8f6,"Bassel Al-Assad"
LTL,1a77df61779de2d5,"Lastourville"
LTM,58daa9e4e54300fb,"Lethem"
LTN,3f70f3487375ba41,"London Luton"
LTO,5c4e4eb407dd867e,"Loreto"
LTP,4e434ad86a2824b0,"Lyndhurst"
LTQ,3f8338434dd5c3ff,"Le Touquet-Cote d'Opale"
LTR,3e77270cefbb8162,"Letterkenny"
LTS,5e6677ff84f0b6f6,"Altus Air Force Base"
LTT,18febf71c4203a40,"La Mole"
LTU,2ba88d34964356aa,"Murod Kond"
LTV,4e4cb147124cceb3,"Lotus Vale"
LTW,5eaf1c13eceef72b,"St. Mary's County"
LTX,57ad32b795cbf4e7,"Cotopaxi"
LUA,2d839a2a8a04fb80,"Lukla"
LUB,58d7b8f24c95fec0,"Lumid Pau"
LUC,474ecf2d8f43cbd2,"Laucala Island"
LUD,1a2af92427f29f36,"Luderitz"
LUE,3fa18ace9f07114e,"Lucenec"
LUF,5e436869c7c186b6,"Luke Air Force Base"
LUG,3f9c3a86ba59a668,"Lugano"
LUH,2dac56c183d07170,"Ludhiana"
LUI,5a8eaa1879a8df4d,"Carta"
LUJ,1c2c2731c9cd0c6e,"Lusikisiki"
LUK,5f81dbb52ba3601f,"Cincinnati Muni Lunken"
LUL,5d8e2935aff791a7,"Hesler Noble"
LUM,2c6a758d3ecb04bf,"Dehong Mangshi"
LUN,1d5303760d0673f2,"Kenneth Kaunda"
LUO,1b5cb5541c755e59,"Luena"
LUP,43cd1e1ecfac590a,"Kalaupapa"
LUQ,51bdc2d715b88603,"Cesar Raul Ojeda"
LUR,3470043bff3806eb,"Cape Lisburne LRRS"
LUS,1b790ef341121a78,"Lusanga"
LUT,4e550ee02be568a6,"New Laura"
LUU,4e45f6bfe97b28a1,"Laura"
LUV,260d5fb37f271805,"Karel Sadsuitubun"
LUW,271ceb0f6b7b3d9b,"Syukuran Aminuddin Amir"
LUX,3f85c0b88bed46e3,"Luxembourg-Findel"
LUY,1e7f1d001fade50b,"Lushoto"
LUZ,3ea8bff7053afe35,"Lublin"
LVA,3f79e76dcda476b2,"Laval-Entrammes"
LVD,3350babcfdc5ce2f,"Lime Village"
LVI,1c4b81ede1fdb68e,"Harry Mwanga Nkumbula"
LVK,5e3e4347908c161b,"Livermore Muni"
LVL,5e9beeb6aed49b95,"Brunswick Muni"
LVM,35039a2d1e6f714c,"Mission"
LVO,2229aca17c18c081,"Laverton"
LVP,2de10386f5a950d5,"Lavan"
LVR,55e726cc61b1c5a2,"Muni Bom Futuro"
LVS,5e59907bddd55cae,"Las Vegas Muni"
LWA,2914be46d22c2cc4,"Lebak Rural"
LWB,5e9e7ae059be70b5,"Greenbrier Valley"
LWC,5f71372bdd28ab22,"Lawrence Muni"
LWE,2615dd49bbbe7c66,"Lembata Wonopito"
LWH,4f4167ba418e3c59,"Lawn Hill"
LWI,4e62ce2d94419fc5,"Lowai"
LWK,3d7ae60a9f5fba10,"Lerwick/Tingwall"
LWL,5f466955e7167eca,"Wells Muni /Harriet"
LWM,5faab52a989a00d0,"Lawrence Muni"
LWN,3ed3f249a81d9dc0,"Shirak"
LWO,3eabf29ad342188f,"Lviv"
LWR,3e8ca4e7c59a1352,"Leeuwarden"
LWS,3417015286363109,"Lewiston Nez Perce County"
LWT,3506bb4fa399d95a,"Lewistown Muni"
LWV,5f805ee092e9d2a9,"Lawrenceville Vincennes"
LWY,283f2393b219cfa7,"Lawas"
LXA,2d78d271b4bd8bd1,"Lhasa Gonggar"
LXG,2c50e685f485bc54,"Luang Namtha"
LXN,5f658cad9f13ab82,"Jim Kelly"
LXR,1dc8e30f0b9c1771,"Luxor"
LXS,1bfb35bb235289f7,"Limnos"
LXU,1c55335e699486d5,"Lukulu"
LXV,5f518f7fe26acb9e,"Lake County"
LYA,2e467b3087a1aedf,"Luoyang Beijiao"
LYB,5b9cd85ac3d06982,"Edward Bodden Little Cayman"
LYC,3c9a9115996766e2,"Lycksele"
LYG,2e357d069b7d082f,"Lianyungang Huaguoshan"
LYH,5e9db40c90ff5929,"Lynchburg/Preston Glenn"
LYI,2e37975f660261de,"Linyi Qiyang"
LYK,2623ee367c036c1e,"Lunyuk"
LYN,3f8ea5e4d08ca72e,"Lyon-Bron"
LYO,5e6fbda519b60fe0,"Lyons-Rice County Muni"
LYP,2daddc419d2e87e0,"Faisalabad"
LYR,3a839ce55097ed5d,"Svalbard Longyear"
LYS,3f8eb43dade7993b,"Lyon Saint-Exupery"
LYT,4c3b6d725cb5eb33,"Lady Elliot Island"
LYU,370c611a4319d021,"Ely Muni"
LYX,3f8217e9035602ca,"Lydd"
LZA,1c64967cef300642,"Luiza"
LZC,5b57b98a8ea0df9a,"Lazaro Cardenas"
LZG,2d5e5240a4bbc542,"Langzhong Gucheng"
LZH,2c499d10f260a8de,"Liuzhou Bailian/Bailian"
LZI,1a7c00810ec18516,"Luozi"
LZM,1b6736821dfb469e,"Luzamba"
LZN,2c2fe6c0256d1ade,"Matsu Nangan"
LZO,2d5756b486943b1a,"Luzhou Yunlong"
LZR,4e532567fb503064,"Lizard Island"
LZU,5e84fbd322ad6bab,"Gwinnett County Briscoe"
LZY,2d784204cd820c1a,"Nyingchi Mainling"
MAA,2a98e62e0572e63c,"Chennai"
MAB,56ff52ecaadb26e2,"Joao Correa da Rocha"
MAC,5e911a177220fedc,"Macon Downtown"
MAD,17f7560b90c1b475,"Adolfo Madrid-Barajas"
MAE,5e3c774280eeba21,"Madera Muni"
MAF,5d5ff47e8ae5ab6e,"Midland Air and Space Port"
MAG,4e65f5aceb4d9d54,"Madang"
MAH,18fa349001c381f1,"Menorca"
MAI,1e55330d3339e71b,"Mangochi"
MAJ,499b6413e424281e,"Marshall Islands"
MAK,1d9ddbd0d96496ee,"Malakal"
MAL,271a66f8a955cab9,"Mangole Falabisahaya"
MAM,5c6ea495f9e6642e,"Servando Canales"
MAN,3e7cb7a0e4bec590,"Manchester"
MAO,57d6a737f95a7861,"Eduardo Gomes"
MAP,4d5af5dde5f87b7d,"Mamai"
MAQ,2b636b329b248fb9,"Mae Sot"
MAR,5ab07fc4e262da05,"La Chinita"
MAS,4e7196867dca19fa,"Momote"
MAT,1a69dddc37fac4f3,"Tshimpi"
MAU,424fd118f9d0b5e6,"Maupiti"
MAV,499bb43963e92bf8,"Maloelap Island"
MAW,5e8b07065a3347fc,"Malden Regional"
MAX,15b70c5db4ea68e2,"Ouro Sogui"
MAY,5caa303abe3de207,"Clarence A. Bain"
MAZ,5bc825cdd2ff886a,"Eugenio Maria De Hostos"
MBA,1f7331568deb760c,"Moi"
MBB,232fb0f726a7ac4c,"Marble Bar"
MBC,1a75a6187b75b37d,"M'Bigou"
MBD,1c3616a0631f4da4,"Mmabatho"
MBE,31c7da77b3c19a84,"Monbetsu"
MBG,360920e43f3fbaf6,"Mobridge Muni"
MBH,4c3a2f7c438c5dad,"Maryborough"
MBI,1e624211d383c0a7,"Songwe"
MBJ,5ba931fa8a23b738,"Sangster"
MBK,56e0635e6b81c005,"Orlando Villas Boas"
MBL,5f8d8e8e00154ba4,"Manistee County Blacker"
MBM,1c2d27755e544fef,"Mkambati"
MBO,2a296139f12472de,"Mamburao"
MBP,56ad82849f214bae,"Moyobamba"
MBQ,1d7ce2432a2c0b68,"Mbarara"
MBS,5f8cd39d4814ea9e,"MBS"
MBT,2a16e807be37e2c6,"Moises R. Espinosa"
MBU,4b6d1880c3cffddc,"Babanakira"
MBV,4e60c62e0b8d0bb6,"Masa"
MBW,4d111d174e0e6ca3,"Melbourne Moorabbin"
MBX,3fa816de1af9bf19,"Maribor"
MBY,5f72a9170f4f52ec,"Omar N Bradley"
MBZ,57e5067cf70a74c4,"Maues"
MCA,1692a58d58af97af,"Macenta"
MCB,5d7de4b08cc4d282,"McComb-Pike/John Lewis"
MCC,5f306a23a8f26587,"McClellan"
MCD,380b2d1208b20137,"Mackinac Island"
MCE,5e3d63b11015dfed,"Merced Regional Macready"
MCF,5d9441ded40ec7b7,"MacDill Air Force Base"
MCG,3354dad22986e449,"McGrath"
MCI,5f72437041e48389,"Kansas City"
MCJ,5ab35068f31ce61f,"Jorge Isaac"
MCK,5f6466863ce43856,"McCook Ben Nelson Regional"
MCL,335b60658a7c0ccf,"Denali National Park"
MCN,5e9104ef27851b2e,"Middle Georgia Regional"
MCO,5d958b1b70486078,"Orlando"
MCP,58f012b8ef0930a4,"Macapa/Alberto Alcolumbre"
MCS,52d533d413a5b6d5,"Monte Caseros"
MCT,2cd8704ade6c5d42,"Muscat"
MCU,3f8d5921fd1e4005,"Montlucon-Gueret"
MCV,4f48d71c45408635,"McArthur River Mine"
MCW,5f7b8640d5a8a08f,"Mason City Muni"
MCX,3de92b7904732751,"Makhachkala Uytash"
MCY,4c29f66064bef96c,"Sunshine Coast"
MCZ,1167294186ae3f18,"Zumbi dos Palmares"
MDB,5b84592c0d5719ec,"Melinda"
MDC,28148d6c648d95d1,"Sam Ratulangi"
MDD,5d5ff8cf502ff5e4,"Midland"
MDE,59a3d44fcb962d81,"Jose Maria Cordova"
MDF,5f7ffc5b2a6bff9e,"Taylor County"
MDG,32ed38d4076aae4d,"Mudanjiang Hailang"
MDH,5e8e16ddf756c099,"Southern Illinois"
MDI,199a8d1ebf6b74ea,"Makurdi"
MDJ,331d127d77927ae7,"Madras Muni"
MDK,1b880c1e2472aa55,"Mbandaka"
MDL,2c62e87c7cb1c1ef,"Mandalay"
MDM,4e7b178346305c73,"Munduku"
MDN,5f80bd3d00b04ff9,"Madison Muni"
MDO,3343c1b0451168e6,"Middleton Island"
MDP,4f62d0996a63f780,"Mindiptana"
MDQ,51c1c2ce0d95e9af,"Astor Piazzola"
MDR,1e77bfe7cb76c334,"Musiara"
MDS,5cb24e8968a7247c,"Middle Caicos"
MDT,5f94f5ce011a3d0b,"Harrisburg"
MDU,4e6acabad9dde929,"Mendi"
MDV,1a813c2695ca6854,"Medouneu"
MDW,5f88524bfd6c587a,"Chicago Midway"
MDX,52d831a45e4cb832,"Mercedes"
MDY,47d85b1391c311e1,"Henderson"
MDZ,51be75221144e9a8,"El Plumerillo"
MEA,1130b59e488e0ef7,"Macae Benedito Lacerda"
MEB,4d1218b7208196f0,"Melbourne Essendon"
MEC,579dd05800a70450,"Eloy Alfaro"
MED,1ec9a4ced6761636,"Mohammad Bin Abdulaziz"
MEE,4a32ef11880d80e8,"Mare"
MEF,1ba62b8f0584e5fc,"Melfi"
MEG,1b622236d98590cb,"Malanje"
MEH,3b94b5aa2655bd22,"Mehamn"
MEI,5e80355a627723e4,"Key/Meridian Regional"
MEJ,5f977c1b007aa1bd,"Port Meadville"
MEK,17e148760cce5e83,"Bassatine"
MEL,4d121bd558c53e60,"Melbourne"
MEM,5e870708f1493b95,"Memphis"
MEN,18f7ef7b27c5bc50,"Mende-Brenoux"
MEO,5ea94b49db8ac1c5,"Dare County Regional"
MEP,285747ae1c82c63a,"Mersing"
MEQ,286cca5b4e28c059,"Cut Nyak Dhien"
MER,5e3d66aeaceda4c1,"Castle"
MES,286b42c82b10aaf8,"Soewondo Air Force Base"
MET,4e5b943ddcfbbd29,"Moreton"
MEU,57edd3e5d0b3c3f1,"Monte Dourado/Serra Areao"
MEV,5f31a7041e7c5ad0,"Minden-Tahoe"
MEW,1c7203cb86008441,"Mweka"
MEX,5b6b5d0f87e61a88,"Lic. Benito Juarez"
MEY,2d93052c8033c051,"Meghauli"
MEZ,1d33bc80a9d40bfa,"Musina/Messina"
MFA,1f627737a9f1f05c,"Mafia"
MFB,58b1efac6868dd62,"Monfort"
MFC,1c286077d060f9db,"Mafeteng"
MFD,5f951ee0452a7255,"Mansfield Lahm Regional"
MFE,5c6f86bb1f32e96e,"McAllen Miller"
MFF,1a79b8360f8dcc38,"Moanda"
MFG,2ea5aa845b00beb4,"Muzaffarabad"
MFH,5e4c40cdc16e0d4a,"Mesquite"
MFI,5f7efc902dd3dbde,"Marshfield Muni"
MFJ,484062b5594860bc,"Moala"
MFK,2c2fe8be1a5fd06b,"Matsu Beigan"
MFL,4e42316feb3da04e,"Mount Full Stop"
MFM,2c33cddb59c2d31c,"Macau"
MFN,6091bb0451c69781,"Milford Sound"
MFO,4d65e2895c7efa25,"Manguna"
MFP,4f30c54e99b5e1f3,"Manners Creek"
MFQ,19a59df8f92b2b0d,"Maradi"
MFR,3307f351776460d2,"Rogue Valley Medford"
MFS,58b4831c774a62d1,"Miraflores"
MFU,1d5d63bceaf8e39d,"Mfuwe"
MFV,5eae315979a3387b,"Accomack County"
MFZ,4d6cc6c370784187,"Meselia"
MGA,5a85bdd44bae16a5,"Managua Augusto Sandino"
MGB,4d1a1bab8d40bcee,"Mount Gambier"
MGC,5f877f894a5ab1f8,"Michigan City Muni"
MGD,55c6db1d869dcc5d,"Magdalena"
MGE,5e84e8682eed3a4a,"Dobbins Air Reserve Base"
MGF,53e8644bb827f31d,"Regional de Maringa/Silvio"
MGH,1c2e3a93df62cce7,"Margate"
MGJ,5fa748d4eb7284ed,"Orange County"
MGK,2b6e56bc741663d1,"Mong Tong"
MGL,3f81c1e5466395d5,"Monchengladbach"
MGM,5e8094a4444db501,"Montgomery Regional"
MGN,59ade0b45283b88b,"Baracoa"
MGP,4d712efaf5274aa8,"Manga"
MGQ,28f6f531db33df17,"Aden Adde"
MGR,5d9d00c037b70ba4,"Moultrie Muni"
MGS,4430cce42f212318,"Mangaia Island"
MGT,250a35009f3ed296,"Milingimbi"
MGU,2b7a41ff87474446,"Manaung"
MGV,241688fb942f1a93,"Margaret River"
MGW,5f9380777cc8e2bf,"Morgantown Muni Walter Hart"
MGX,1a72844fc74d3a23,"Moabi"
MGY,5f82ee1631361bd6,"Dayton-Wright Brothers"
MGZ,2a665b7eee905b1c,"Myeik"
MHA,59d0c869fb395943,"Mahdia"
MHC,50a658a61bd81556,"Mocopulli"
MHD,2eca98f875f8109b,"Mashhad"
MHE,5f6cdcab9889d9bb,"Mitchell Muni"
MHF,58b5e72d1b477feb,"Morichal"
MHG,3f941c78b471ed75,"Mannheim-City"
MHH,5da0454e11666187,"Leonard M Thompson"
MHI,1fa9469206ad06ae,"Moucha"
MHK,5f61fcad59921e13,"Manhattan Regional"
MHL,5f718b21142c8db7,"Marshall Memorial Muni"
MHN,5f686c2624a9011a,"Hooker County"
MHO,241ba3eec388ce52,"Mount House"
MHQ,3d95e3d88892a6d0,"Mariehamn"
MHR,5f30654b46e1fd11,"Sacramento Mather"
MHS,3307c292d827d841,"Dunsmuir Muni"
MHT,5faaad5a3f3f7c3e,"Manchester-Boston Regional"
MHU,4c1e326b77d52e07,"Mount Hotham"
MHV,5e3798e3f54a3fb8,"Mojave"
MHW,54c2afc7f3aee1b6,"Monteagudo"
MHX,4456f095aefb3cca,"Manihiki Island"
MHY,4e6f40cd1127bc25,"Morehead"
MHZ,3e8f00f1120dc27b,"RAF Mildenhall"
MIA,5c9eb5865469ef87,"Miami"
MIB,360893cf3fd5dcc6,"Minot Air Force Base"
MID,5c8004fbebc2a9cf,"Manuel Crescencio Rejon"
MIE,5f84b71bfc4c9608,"Delaware County Johnson"
MIF,5d5ed578c08f4288,"Roy Hurd Memorial"
MIG,2d5d8ead041e8b30,"Mianyang Nanjiao"
MIH,2512918328d6a08d,"Mitchell Plateau"
MII,53ecc00105ac0a1f,"Frank M Milenkowici Marilia"
MIJ,49993e02e23b2989,"Mili Island"
MIK,3cac7c713f974d3e,"Mikkeli"
MIM,4c183cc312aeee11,"Merimbula"
MIN,4e1be74aaa95c584,"Minnipa"
MIP,1dd8c92eaa654498,"Ramon"
MIR,19eb97590920599c,"Monastir Habib Bourguiba"
MIS,4d51e3a84b56a4b4,"Misima Island"
MIT,5e387afb72319ba6,"Shafter/Minter"
MIU,1aa841fb37033d81,"Maiduguri"
MIV,5fa2452b5ebdcd7c,"Millville Muni"
MIY,4f445cf4c1b5ad4e,"Mittebah"
MIZ,250455c227f3a2ad,"Mainoru"
MJA,1f35ed44270f4cf3,"Manja"
MJB,49ac0415a5bf409d,"Mejit Atoll"
MJC,169864ca3129fd91,"Man"
MJD,2db2bafe3c70dfea,"Moenjodaro"
MJE,4a94874ba06c4541,"Majkin"
MJF,3c981b1013aa9a28,"Mosjoen Kjaerstad"
MJG,5c94f1d73f3f481c,"Mayajigua"
MJI,1ae310d167ab6821,"Mitiga"
MJK,2331e5ce933a990a,"Shark Bay"
MJL,1a72ab325ff9e7d2,"Mouilla Ville"
MJM,1c67cfd935750da0,"Mbuji Mayi"
MJN,24ff865bc8e9f878,"Amborovy"
MJO,1a3ffe750f98d3c9,"Mount Etjo"
MJP,213ad8fc3b5b9d55,"Manjimup"
MJR,51c0b7d422b0f732,"Miramar"
MJS,1e49a4748f96e2ac,"Maganja da Costa"
MJT,1bff119a82cd8d36,"Mytilene"
MJU,27278d4f2e770eef,"Tampa Padang"
MJV,17edef67b98aaea7,"San Javier"
MJW,1d3ae5d34a50617c,"Mahenye"
MJX,5fa35ba9f28ee6a8,"Ocean County"
MJZ,35cdccaf68688601,"Mirny"
MKB,1a8b393419011803,"Mekambo"
MKC,5f714cb294748315,"Charles Wheeler Downtown"
MKE,5f8a4ee304af2639,"General Mitchell"
MKG,5f8b86b60d898c7b,"Muskegon County"
MKH,1c2c7de894f76d18,"Mokhotlong"
MKI,1c9e0db268877e8b,"M'Boki"
MKJ,1b70faf02c5177a5,"Makoua"
MKK,43ce03fd131b5b29,"Molokai"
MKL,5e882ec8a5744d2f,"McKellar-Sipes Regional"
MKM,2839c02a56dd616b,"Mukah"
MKN,4d70326128845529,"Malekolon"
MKP,4149c2a263b5a4aa,"Makemo"
MKQ,4f625154872f71fb,"Mopah"
MKR,223f2589d07bc5a0,"Meekatharra"
MKS,1eaf15748316556b,"Mekane Selam"
MKU,1a8816d210217864,"Makokou"
MKW,270d23238637ae1b,"Rendani"
MKY,4d36f80d15665679,"Mackay"
MKZ,2857919cc0b536b1,"Malacca"
MLA,1ae49c921d1d73ea,"Malta"
MLB,5d949df3e581855f,"Melbourne Orlando"
MLC,5e77100e008f6554,"Mc Alester Regional"
MLE,28bd32340e5addbc,"Male"
MLG,2637a3c13711ef80,"Abdul Rachman Saleh"
MLI,5f77e5cfba282001,"Quad City"
MLK,350add2c43a7d779,"Malta"
MLL,326e56805f4a7e17,"Marshall Don Hunter"
MLM,5b5df16aa20d1cbb,"Francisco J. Mujica"
MLN,17e8851c5c7a6240,"Melilla"
MLO,1becb4b74cf950f0,"Milos"
MLP,2917bd86119c23ec,"Malabang"
MLQ,4e636dc50367ee30,"Malalaua"
MLR,4d1b2b0be7dd150a,"Millicent"
MLS,350d7b9a22812e9c,"Miles City/Frank Wiley"
MLU,5e70ad83f9905200,"Monroe Regional"
MLV,4e5b775e67e5a43a,"Merluna"
MLW,159e36b828c55107,"Spriggs Payne"
MLX,3edf7eb23d90282a,"Malatya Erhac"
MLY,335caf429b336c21,"Manley Hot Springs"
MLZ,51df9a9296beae06,"Cerro Largo"
MMB,31c5cea2229a30e9,"Memanbetsu"
MMC,5c6559c5f21bcfcb,"Ciudad Mante National"
MMD,2c1e476db7ed0590,"Minamidaito"
MME,3e79d857ec1a07e5,"Teesside"
MMF,199d12d1f04d2169,"Mamfe"
MMG,223b525326cd4c2a,"Mount Magnet"
MMH,5e3ea0aacd6536a6,"Mammoth Yosemite"
MMI,5e88e6023a478dfd,"McMinn County"
MMJ,4ee2a258baff3b46,"Shinshu-Matsumoto"
MMK,3ba736ab6e59286e,"Murmansk"
MML,5f7e25d594546dea,"SW Minnesota/Marshall"
MMM,4d36ac33f8b2c203,"Middlemount"
MMO,13abf109832e2070,"Maio"
MMQ,1d6d4048d2f6d09f,"Mbala"
MMS,5e75f53cd8aba1e8,"Selfs"
MMT,5e94881c0f34c119,"McEntire National Guard"
MMU,5fa54de2bdece056,"Morristown Muni"
MMV,4e79beae2a9079dc,"Mal"
MMX,3e9471ccee5d4805,"Malmo Sturup"
MMY,2c2b07e5ef3282f0,"Miyako"
MMZ,2eb9eca149a6d71d,"Maymana Zahiraddin Faryabi"
MNA,281c49205ac70e58,"Melangguane"
MNB,1a66d863bf48680a,"Muanda"
MNC,1f5225fdf4509e36,"Nacala"
MND,58be30be9d9c47f4,"Medina"
MNE,4e29bb69fb93fb55,"Mungeranie"
MNF,48489b6c1c3a31e2,"Mana Island"
MNG,250a467e8dcfc489,"Maningrida"
MNH,2cd8923e95ffe2f5,"Mussanah"
MNI,5bd30fe83da49dcb,"John A. Osborne"
MNJ,23fe0e3ad12d62e2,"Mananjary"
MNK,49853f256c8df7c5,"Maiana"
MNL,2a2d51a160b147fc,"Ninoy Aquino"
MNM,5f8f5d4a880f2d37,"Menominee-Marinette Twin"
MNN,5f9506a247a489fe,"Marion Muni"
MNO,1d62992ffc403d17,"Manono"
MNQ,4c3f4732a047dda5,"Monto"
MNR,1c540ba9b4032831,"Mongu"
MNS,1d55dc482bb71a4b,"Mansa"
MNT,335e920a40a9d6de,"Minto Al Wright"
MNU,2b628ede70c8378d,"Mawlamyine"
MNW,4f36b0419f423824,"Macdonald Downs"
MNX,56dd6c8bc3b12c89,"Manicore"
MNY,4c6a84c39236d3a1,"Mono"
MNZ,5f90ec95c0a0cff2,"Manassas/Harry Davis"
MOA,5bafc719996fd52e,"Orestes Acosta"
MOB,5d8b4ecf76f35337,"Mobile Regional"
MOC,1047ce437cec58c3,"Mario Ribeiro"
MOD,5e3e601c21ed597f,"Modesto City Co-Harry Sham"
MOE,2c66c9b86f23c0e4,"Momeik"
MOF,26240f8b4fd7a371,"Frans Xavier Seda"
MOG,2b6f41b245943a34,"Mong Hsat"
MOH,27291106e86e92df,"Maleo"
MOI,434f25e9b112fa7a,"Mitiaro Island"
MOJ,59e189e207beaa57,"Moengo"
MOK,3cf3077f8fd744cf,"Muynak"
MOL,3d82aa8b88df9a6b,"Molde Aro"
MOM,15ba6ad998d654c7,"Letfotar"
MON,49063739a45b19ed,"Mount Cook"
MOO,4e26b52ff78e7382,"Moomba"
MOQ,1f461b98c1c4ad36,"Morondava"
MOS,33658f0a9d536613,"Moses Point"
MOT,36089556eac8a199,"Minot"
MOU,326e841427644a34,"Mountain Village"
MOV,4d38cc6b9e1da040,"Moranbah"
MOY,58bf5601c9a9e229,"Monterrey"
MOZ,424990e0d799ce8e,"Moorea Temae"
MPA,1c469b72f816d04f,"Katima Mulilo"
MPC,2758d036868e67b6,"Muko Muko"
MPD,2cbea05676716eb0,"Sindhri Tharparkar"
MPF,4e6b770a90a05292,"Mapoda"
MPG,4e60b38db02cdae6,"Makini"
MPH,2a25223ad107b516,"Godofredo P. Ramos"
MPJ,5e778b78848a902a,"Petit Jean Park"
MPL,18f9c1576ac4b244,"Montpellier-Mediterranee"
MPM,1d371c43c8d213b8,"Maputo"
MPN,6b2a0c4a2b6382d7,"Mount Pleasant"
MPO,5fa62a8121f0b1e3,"Pocono Mountains Muni"
MPP,59ab5ff6f4cd6131,"Mulatupo"
MPT,26138fe404526fa5,"Maliana"
MPU,4d747e28e589b2f9,"Mapua(Mabua"
MPV,3a0730c3acda737a,"Edward F Knapp State"
MPW,3ec2b338ba5eaec2,"Mariupol"
MPX,4e7f0fab1692a295,"Miyanmin"
MPY,58eba7176455bb4b,"Maripasoula"
MPZ,5f76c26d286b05f6,"Mount Pleasant Muni"
MQA,2423839a7abd2cd8,"Mandora"
MQB,5f75e267e50e07ab,"Macomb Muni"
MQC,3c14970a23dab0e0,"Miquelon"
MQD,50b9119d1abe28e1,"Maquinchao"
MQE,4f31a631ca095e3a,"Marqua"
MQF,3bd8c3bb068b5b9d,"Magnitogorsk"
MQG,1b32c286c53533d7,"Midgard"
MQH,55f55d5ca11d26c1,"Minacu"
MQJ,34a5bb861c548e39,"Moma"
MQK,54ddb6130c5b77c9,"San Matias"
MQL,4d1ca2a944c8b824,"Mildura"
MQM,1deed108981d5a8d,"Mardin"
MQN,3c962b0972478646,"Mo i Rana Rossvoll"
MQO,4e6c49c25525491d,"Malam"
MQP,1d3429d832ee8c1c,"Kruger Mpumalanga"
MQQ,1b91a8fd75581eef,"Moundou"
MQR,58a84580e3ff4be0,"Mosquera"
MQS,5ad8511e7680f77d,"Mustique"
MQT,38052bc20c4f800c,"Marquette/Sawyer"
MQU,59a0f50638332ce7,"Mariquita"
MQV,18e095bf0386d1e5,"Mostaganem"
MQX,1fa091e930c12c7e,"Alula Aba Nega"
MQY,5e898fe48ab70ed1,"Smyrna"
MQZ,214b062c75b63ad7,"Margaret River"
MRA,1ae70d524fb001ea,"Misrata"
MRB,5f92d7312336a58d,"Eastern WV/Shepherd"
MRC,5e887c4a31b16b2e,"Maury County"
MRD,59ba9dc5ef91b480,"Alberto Carnevalli"
MRE,1e77bd91678abca3,"Mara Serena Lodge"
MRF,5d5ba110c11a8140,"Marfa Muni"
MRG,4e42b4351b214393,"Mareeba"
MRH,4e7f2a5923dbf623,"May River"
MRI,335433fdc701764b,"Merrill"
MRK,5c9e7e988d060e06,"Marco Island Executive"
MRM,4d6f3b4564740b49,"Manari"
MRN,5e9957786da46672,"Foothills Regional"
MRO,480a96ce185c2444,"Hood"
MRP,221d05e13ff6f7fc,"Marla"
MRQ,2a2939107d756a62,"Marinduque"
MRR,5792f48660bd5b42,"Jose Maria Velasco Ibarra"
MRS,18fbcf0f6a3237f0,"Marseille Provence"
MRT,25017f0ea8867588,"Moroak"
MRU,24d1a2cf14ff8444,"Seewoosagur Ramgoolam"
MRV,3ddf80ed4aa0b04c,"Mineralnyye Vody"
MRW,3e964fdc7828d8e6,"Lolland Falster Maribo"
MRX,2deb692119a12c0f,"Mahshahr"
MRY,5e3b362d18cb321d,"Monterey Peninsula"
MRZ,4c2f745610574f2a,"Moree"
MSA,371c3acb218b7217,"Muskrat Dam"
MSC,5e4375f7a9b0f1ad,"Falcon"
MSF,4f36a3c12a8ae045,"Mount Swan"
MSH,2bdf78994732791b,"RAFO Masirah"
MSI,263e587197cf475c,"Masalembo"
MSJ,31d457eeb6615aa4,"Misawa/Misawa"
MSL,5e866b33715ac5ab,"Northwest Alabama Regional"
MSM,1b77140b1ea6e803,"Masi Manimba"
MSN,5f8b15857be18aab,"Dane County Truax"
MSO,340de5b87fa80e31,"Missoula"
MSP,5f7f84cd4f5d30d7,"Minneapolis-Saint Paul"
MSQ,3dbe2953f83d3e82,"Minsk National"
MSR,3ed9eb1f7e287ad1,"Mus"
MSS,3a0139ed668245f5,"Massena Richards"
MST,3f82b084516b1546,"Maastricht Aachen"
MSU,1c297065b65945d8,"Moshoeshoe I"
MSV,5fa73f89d04f524f,"Sullivan County"
MSW,1ebe099c68c59b68,"Massawa"
MSX,1a776bbef80f29ec,"Mossendjo"
MSY,5d7af048aff482af,"Louis Armstrong New Orleans"
MSZ,1a540ca36956a103,"Welwitschia Mirabilis"
MTA,481a1aa7efb2289b,"Matamata Glider"
MTB,59a8df108c2851b4,"Montelibano"
MTC,5f9a01ac9898e1a0,"Selfridge Air Base"
MTD,240bf757e2eb403e,"Mount Sanford Station"
MTE,57e9ab2c5bcfed5b,"Monte Alegre"
MTF,1e9857ce7bffde8e,"Mizan Teferi"
MTG,55d17795cb241af0,"Vila Bela Sant Trindade"
MTH,5c9b949cb3567d48,"The Florida Keys Marathon"
MTI,13a7eebb1ae7b2b0,"Mosteiros"
MTJ,5f50435fd86328d7,"Montrose Regional"
MTK,4986a09c542b0157,"Makin Island"
MTL,4c18eda7bc1e967b,"Maitland"
MTN,5fa204f1b95f1cdb,"Martin State"
MTO,5f824a305b2f6f1b,"Coles County Memorial"
MTP,5fa6a77d801924da,"Montauk"
MTQ,4d26f2b0602e0341,"Mitchell"
MTR,59abb9c6e3d6826e,"Los Garzones"
MTS,1d24f4954cebc429,"Matsapha"
MTT,5b772e38f2cc3df4,"Minatitlan/Coatzacoalcos"
MTU,1e5f712ca0484432,"Montepuez"
MTV,4a5557820ea779dd,"Mota Lava"
MTW,5f8d594951bbc978,"Manitowoc County"
MTY,5c6e345c61df07e8,"Gral. Mariano Escobedo"
MTZ,1dd9dba58e5a851f,"Bar Yehuda"
MUA,4c6553fc37f8c3cd,"Munda"
MUB,1c432b8486b32107,"Maun"
MUC,3f9683a2979dc9b1,"Munich"
MUD,1f50bf91c34a0b2e,"Mueda"
MUE,43b9dd8cc075ee78,"Waimea Kohala"
MUG,5d4137895faf40a2,"Mulege"
MUH,1cd6dda7ff36ea61,"Marsa Matruh"
MUI,5fa40f127feb1d2f,"Muir Army Air"
MUJ,1e992355f8f78cee,"Mui River"
MUK,434e270cd16147b8,"Mauke"
MUM,1e861919df37346e,"Mumias"
MUN,59de07935fbaef2a,"Maturin"
MUO,3406819776fb9baa,"Mountain Home Air Base"
MUP,23113799b1832674,"Mulga Park"
MUQ,2420b812198b0f4d,"Muccan Station"
MUR,283d519ae800201b,"Marudi"
MUS,4cc8a707c06f5d52,"JMSDF Minami Torishima"
MUT,5f77d24e562be4be,"Muscatine Muni"
MUW,18e076e155ec7278,"Ghriss"
MUX,2dba19ebfa57dc8f,"Multan"
MUY,1a7b396581efe496,"Mouyondzi"
MUZ,1e74ba4b8dac4228,"Musoma"
MVA,3c67ac29ab1fbf09,"Reykjahlio"
MVB,1a7aa0ccdec04282,"M'Vengue Omar Bongo Ondimba"
MVC,5d8e70216f4bb833,"Monroe County Aeroplex"
MVD,51d9313057b61c61,"Carrasco Cesareo Berisso"
MVE,5f7f373f7f19c486,"Montevideo Chippewa County"
MVF,1162f9b7204f949d,"Dix-Sept Rosado"
MVK,4e29a678ea7fa530,"Mulka"
MVL,3a064a7f40556c18,"Morrisville-Stowe State"
MVM,5e4bdcb15459347b,"Kayenta"
MVO,1ba85aedaecf0ff9,"Mongo"
MVP,58b3de3f35debf84,"Fabio Alberto Leon Bentley"
MVQ,3dbc58af5b216eb2,"Mogilev"
MVR,1aab0d99f989eea6,"Salak"
MVS,1141894c172b5a6f,"Mucuri"
MVT,425511dc72aa571c,"Mataiva"
MVU,4e582215f83702dd,"Musgrave"
MVV,3f8debab8616b585,"Megeve Altiport"
MVW,331fa649fc6e0a4b,"Skagit Regional"
MVX,1a8660b5e4e140f2,"Minvoul"
MVY,5fa7d33d593ff429,"Martha's Vineyard"
MVZ,1d472449aca66b96,"Masvingo"
MWA,5e8e257c622fd0a5,"Veterans of S Illinois"
MWB,2238a292142f08ed,"Morawa"
MWC,5f8b4483ce4f0f31,"Lawrence J Timmerman"
MWD,2eb00f562fbcab61,"Mianwali"
MWE,1dba8ae8cf120c47,"Merowe"
MWF,4a54117f1309b707,"Maewo-Naone"
MWG,4e64ac28ad742de8,"Marawaka"
MWH,341349604661e3d5,"Grant County"
MWI,4e6bf4eabbe674d7,"Maramuni"
MWJ,59d7963fe5d6f3ae,"Matthews Ridge"
MWK,284ad86084158d1a,"Matak"
MWL,5e61a89befa5021d,"Mineral Wells Regional"
MWN,1e7440f74affb01c,"Mwadui"
MWO,5f82dca1cd5ff080,"Middletown Regional"
MWQ,2b7e1059a459d619,"Magway"
MWR,1d366137de1aba8d,"Motswari"
MWT,4e2568353e396e08,"Moolawatana"
MWU,4d7bb47c3e37500d,"Mussau"
MWV,2a46bdc11b399200,"Mondulkiri"
MWX,2e2775d665a2b626,"Muan"
MWY,4e4aab689d4502c3,"Miranda Downs"
MWZ,1e72855350137a8e,"Mwanza"
MXA,5e79fa99a5385959,"Manila Muni"
MXB,27274fb919f64ed8,"Andi Jemma"
MXC,5e5e0c9f8e03c786,"Monticello"
MXD,4e3b8b94e752ba46,"Marion Downs"
MXE,5e96bd72e502dd2d,"Laurinburg Maxton"
MXF,5e8097bc54373da1,"Maxwell Air Force Base"
MXH,4e6bca1e212c078f,"Moro"
MXI,29155ca1d93bddd6,"Mati National"
MXJ,1994e126781bf058,"Minna"
MXK,4e60bcbeb51f53b2,"Mindik"
MXL,5e31e2d5d407cee1,"Rodolfo Sanchez Taboada"
MXM,1f33d942c35841b8,"Morombe"
MXN,3f778e0308d1da16,"Morlaix-Ploujean"
MXP,3f9d384b6a272a3d,"Malpensa"
MXQ,1151653c97fb60cf,"Morro de Sao Paulo"
MXR,3ec106c3e61ae0bf,"Myrhorod"
MXS,4658544d5b435e04,"Maota"
MXT,1f478b440c66178c,"Maintirano"
MXU,223ab2549594b042,"Mullewa"
MXV,36fb35cfec1328cb,"Moron"
MXW,35fc97bb2fe752a6,"Mandalgobi"
MXX,3d95682218c52c07,"Mora"
MXY,334ab98b68c784f7,"Mc Carthy"
MXZ,2c397f5818fe93f2,"Meizhou Meixian Changgangji"
MYA,4c19625a4c058e55,"Moruya"
MYB,1a71572a74831706,"Mayumba"
MYC,5ac030c009e9fffe,"Escuela Mariscal Sucre"
MYD,1f7456dbfc27d2d2,"Malindi"
MYE,4ee147f63b880668,"Miyakejima"
MYF,5e31aa73706d5c11,"Montgomery-Gibbs Executive"
MYG,5cb408f635321229,"Mayaguana"
MYI,4e681b018889af07,"Murray Island"
MYJ,2e1494cdfd1cb798,"Matsuyama"
MYK,334ab9158600ae86,"May Creek"
MYL,3407c6732aca6fb6,"McCall Muni"
MYM,58deb01e908fb627,"Monkey Mountain"
MYN,2affafbb70213b07,"Marib"
MYO,2418f006ff3e6642,"Camballin"
MYP,2ece30ba5d35f6b6,"Mary"
MYQ,2aa681d97ec9110a,"Mysore"
MYR,5e93cefbc0ef174f,"Myrtle Beach"
MYS,1f81bc2ebaee5fcf,"Moyale"
MYT,2c6db20cbde2c629,"Myitkyina"
MYU,3268a9af7612f58e,"Mekoryuk"
MYV,5f316b42186e1ab3,"Yuba County"
MYW,1f52febdb16e0624,"Mtwara"
MYX,4e649662c9a354ec,"Menyamya"
MYY,283d689dd1e47c8a,"Miri"
MYZ,1e54483bad413362,"Monkey Bay"
MZA,55acfa5e668fe810,"Nancy Flores Paucar"
MZB,1f52cf9215404cb0,"Mocimboa da Praia"
MZC,1a84237d5a0b85a9,"Mitzic"
MZD,57a7469dd253cf3a,"Mendez"
MZE,5b8526ff282fd159,"Manatee"
MZG,2c27dfe933423765,"Penghu Magong"
MZH,3ecffcccf8615e10,"Amasya Merzifon"
MZI,17a3d8164b1eeee2,"Mopti Ambodedjo"
MZJ,5e408d53f9502240,"Pinal"
MZK,4985637257d75d64,"Marakei"
MZL,58afdc44200eef85,"La Nubia"
MZN,4e68d1861ea47644,"Minj"
MZO,5bae56f6836b8482,"Sierra Maestra"
MZP,49009b6164dafa5a,"Motueka"
MZQ,1d25c38705fa38b8,"Mkuze"
MZR,2ebb8b5b9742cb0c,"Mazar-i-Sharif"
MZS,282ea7d9f63326e8,"Mostyn"
MZT,5c561c5f3c8a25f5,"Gral. Rafael Buelna"
MZU,2c8fd442baae030c,"Muzaffarpur"
MZV,283c4b31e86404a6,"Mulu"
MZW,17ef358ca814dbec,"Mecheria"
MZY,1b18a5dd3e9aa7e9,"Mossel Bay"
MZZ,5f85a1646e431387,"Marion Muni"
NAA,4c2e5a1c33710263,"Narrabri"
NAC,4d1b3c92008a7b4d,"Naracoorte"
NAD,58c84cdf5dc9b26b,"Macanal"
NAE,18a4036a5e08c634,"Natitingou"
NAF,2828d88aed750901,"Banaina"
NAG,2ca00c13e32f9d2f,"Dr. Babasaheb Ambedkar"
NAH,281b780c6e1bdc8c,"Naha"
NAI,58dcc6aad25e6c34,"Annai"
NAJ,3ee24a4c4e0a7069,"Nakhchivan"
NAK,2a5ea6a7f5e298cb,"Nakhon Ratchasima"
NAL,3ddfa4ef1ca9a060,"Nalchik"
NAM,27152df8acc36034,"Namlea"
NAN,48479b22225b4af7,"Nadi"
NAO,2d5c43a93a18b1f5,"Nanchong Gaoping"
NAP,1af16e008f331c08,"Naples"
NAQ,385dbe04f8867990,"Qaanaaq"
NAR,59a3f7d31ada8102,"Puerto Nare"
NAS,5cac33a122a40896,"Lynden Pindling"
NAT,1167dbefb6fb81dd,"Sao Goncalo do Amarante"
NAU,415232f41ab989f4,"Napuka Island"
NAV,1df003e75e3e6525,"Nevsehir Kapadokya"
NAW,2954b66b43cd86ce,"Narathiwat"
NAZ,4b56e6a0e697f8de,"Nana"
NBA,4e66c97930902651,"Nambaiyufa"
NBB,58baef52ef156f69,"Barranco Minas"
NBC,3bdf122d17c81716,"Begishevo"
NBE,19eaa9220173b286,"Enfidha/Hammamet"
NBG,5d79f9e376606291,"New Orleans Alvin Callender"
NBH,4c264d18d51ed23a,"Nambucca Heads"
NBL,59ad282946307c8c,"San Blas"
NBN,1971bb9c402c23d3,"Annobon"
NBO,1e7cbbdacd6fb1e0,"Jomo Kenyatta"
NBS,32edacc19d65b086,"Changbaishan"
NBW,5badb475d5b7aef0,"Leeward Point"
NBX,4f7e5a6be2e4233f,"Nabire"
NCA,5cb3421cad503eee,"North Caicos"
NCE,19f0c8806bf819fb,"Nice-Cote d'Azur"
NCG,5d4bf2f2ee49109f,"Nuevo Casas Grandes Muni"
NCH,1e5ff8ad95f8a725,"Nachingwea"
NCI,59aa87f043e21cdf,"Necocli"
NCJ,52c3a527267fcb48,"Sunchales Aeroclub"
NCL,3e78c2e7cb5ad873,"Newcastle"
NCN,3343f0ea6ce172ad,"Chenega Bay"
NCO,5fa7bb497757f2f2,"Quonset State"
NCR,5a920b3c28743b88,"San Carlos"
NCS,1d20c215915ccbc8,"Newcastle"
NCT,598fea286cb723af,"Guanacaste"
NCU,3cf33b85387afca5,"Nukus"
NCY,3f8dd97f053bf3fa,"Annecy-Ht-Savoie/Mt Blanc"
NDA,2701cd33a8c08693,"Bandanaira"
NDB,14ce0740bfb82f93,"Nouadhibou"
NDC,2bab519f0f7a3b12,"Nanded"
NDD,1a5ad823a73bdb5d,"Sumbe"
NDE,1f88c75e50597b96,"Mandera"
NDF,1a6e23f1f1de32d2,"N'dalatando"
NDG,33eb625ca6eba3d1,"Qiqihar Sanjiazi"
NDI,4d6d2c6355ff83a5,"Namudi"
NDJ,1aad5ecbe674496b,"N'Djamena"
NDK,4a9511a257adf2ec,"Namorik Atoll"
NDL,1b9fa15da2bab494,"N'Dele"
NDM,1e96e989213dd98d,"Mendi"
NDR,17e8725641faf723,"Nador Al Aaroui"
NDS,223b18a484c9c241,"Sandstone"
NDU,1b4a82838a586ae6,"Rundu"
NDY,3d7cbedb156a4d14,"Sanday"
NEC,50cf9c8cd896879d,"Necochea"
NEG,5ba829ce4e39eaae,"Negril"
NEI,32d28d251b370f05,"Terney"
NEJ,1e97d9d86d417f98,"Nejjo"
NEK,1e9aca33cbf75c71,"Nekemte"
NEL,5fa35f7ac56b397a,"Lakehurst Maxfield"
NEN,5d9b6014ff64f17d,"Whitehouse Naval Outlying"
NER,34d7126cad054a91,"Chulman"
NEU,2b5e6cb7ba92c361,"Sam Neua"
NEV,5bc5f3a8637769a9,"Vance W. Amory"
NEW,5d7af2ebc356c1e7,"Lakefront"
NFG,39da33e7958148ff,"Nefteyugansk"
NFL,5f32c7aa89c99409,"Fallon Naval Air Station"
NFO,4742fbb753efcf24,"Mata'aho"
NFR,1bda73eb5f750d99,"Nafurah 1"
NGA,4c1eae9720bbfb62,"Young"
NGB,2d29d9e46c66ace0,"Ningbo Lishe"
NGD,5bc9ac5518379b2b,"Captain Auguste George"
NGE,1a9a710863f607a3,"N'Gaoundere"
NGF,44c013d207bd91cc,"Kaneohe Bay MCAS"
NGI,48418f0bdaea100c,"Ngau"
NGK,32c6307646598f57,"Nogliki"
NGL,1d355cafafee4b0a,"Ngala"
NGO,4ee56ef5e12c2cf8,"Chubu Centrair"
NGQ,2d9fab8a9ed0be21,"Ngari Gunsa"
NGS,2e11ee47e92c699f,"Nagasaki"
NGU,5eac25610184cabe,"Norfolk Station/Chambers"
NGX,2d96056125d88a20,"Manang"
NHD,2cdcd25846c05592,"Al Minhad"
NHF,1ea5ffaa3652d160,"New Halfa"
NHK,5eaf1b7176b12989,"Patuxent River/Trapnell"
NHT,3f71f024c3edb4f2,"RAF Northolt"
NHV,406d488a0d017235,"Nuku Hiva"
NHX,5d8b617d4556f827,"Naval Outlying Barin"
NHZ,3a0c5e141491369f,"Brunswick Executive"
NIA,169573744b11ea2c,"Nimba"
NIB,3355c9405b05d6a5,"Nikolai"
NIF,232d78c9eb23fd0c,"Camp Nifty"
NIG,487bb5e40f62f8f1,"Nikunau"
NIK,15a98293e2ed6c9c,"Niokolo-Koba"
NIM,18a69be5efb65193,"Diori Hamani"
NIO,1b767e7e9cf7b211,"Nioki"
NIP,5d9a6ba2aa8e05ba,"Jacksonville/Towers"
NIR,5d65a8bba7d7c275,"Chase Industrial"
NIS,4d747ea66015e5dc,"Simberi"
NIT,3f7df728208afa2b,"Niort-Souche"
NIU,414fea02d1c43549,"Naiu"
NIX,16a2fe4e78c5b3d0,"Nioro du Sahel"
NJA,4ee081838be016e0,"JMSDF Atsugi/Naval Air"
NJC,39d45ae674c2efda,"Nizhnevartovsk"
NJF,1edbfa60fe8bc208,"Al Najaf"
NJJ,33eb05cfad72c20d,"Nenjiang Melgen"
NJK,5e31dafb9e41fd8f,"El Centro NAF/Vraciu"
NKB,2416dedc43fb16a7,"Noonkanbah"
NKC,15b08a8f69725abe,"Nouakchott-Oumtounsy"
NKD,4f79430c38a93745,"Sinak"
NKG,2d3e5c8099e32ddc,"Nanjing Lukou"
NKL,1a6ef10639172223,"N'Kolo-Fuma"
NKM,4ee5820d5e9ed729,"Nagoya/Komaki"
NKN,4e63d8b56f648dfc,"Nankina"
NKO,1f49c89fe634eff0,"Ankokoambo"
NKP,414a016d3cb07938,"Nukutepipi"
NKT,3eeb0195d5660c1e,"Sirnak Serafettin Elci"
NKU,1c2a52ee24cd46f8,"Nkaus"
NKW,26b9614c323178c8,"Chags/Diego Garcia"
NKX,5e31ac76f5ec7477,"Miramar Station/Mitscher"
NKY,1a7927cd223cd7ef,"Yokangassi"
NLA,1d547a82a2a80313,"Simon Mwansa Kapwepwe"
NLC,5e3a7c0854712b6a,"Lemoore Station/Reeves"
NLD,5d625f4c0d46f4e7,"Quetzalcoatl"
NLE,5f8884ea71f16e1a,"Jerry Tyler Memorial"
NLF,4e692805f898011c,"Darnley Island"
NLG,315ffc26a0b3600c,"Nelson Lagoon"
NLH,2d6314f1e86bdb17,"Ninglang Luguhu"
NLI,32cb5b13f2315d1f,"Nikolayevsk-na-Amure"
NLK,4a21819e33273a3a,"Norfolk Island"
NLL,232cbd7526ed4175,"Nullagine"
NLN,3303d3d45ee286c1,"Kneeland"
NLO,1a7f2b67e8e499a3,"Ndolo"
NLP,1d34207be1bb600d,"Nelspruit"
NLS,241834d096f1d813,"Nicholson"
NLT,2f8cf0324174484d,"Xinyuan Nalati"
NLU,5b6c5c4b867235ec,"Felipe Angeles"
NLV,3ec9107c0a359064,"Mykolaiv"
NMA,2fa6b454acdb0dd7,"Namangan"
NMB,2bbe2d134b656860,"Daman"
NMC,5caa5e9b28c0b7d9,"Normans Cay"
NME,3269875f7cbc1dab,"Nightmute"
NMF,29b2333ae686fb0c,"Maafaru"
NMG,59aa2752f93575df,"San Miguel"
NML,352b4a015a8415fb,"Fort McMurray/Mildred Lake"
NMN,4e67c0352cdbfe59,"Nomane"
NMP,4e4043d937158516,"New Moon"
NMR,4e24ccbd85094009,"Nappa Merrie"
NMS,2c60923b7528f5e3,"Namsang"
NMT,2c66a9914849231d,"Namtu"
NNA,16ee5c8993f6a2e7,"Kenitra"
NNB,4b55e92c60cf7a0d,"Santa Ana"
NND,1f51d7745f27f02d,"Nangade"
NNG,2c45b3d05c0c3ac9,"Nanning Wuxu"
NNI,1b415efcfe043b94,"Namutoni"
NNK,3259b1255646382c,"Naknek"
NNL,325d994dd9241778,"Nondalton"
NNM,3ab97960761f1899,"Naryan Mar"
NNR,3e6be5179e387470,"Connemara Regional"
NNT,2b5af0e2b8521968,"Nan"
NNU,114086e6e23b765b,"Nanuque"
NNX,282ccf259aa3038a,"Nunukan"
NNY,2e425174d54e5f6f,"Nanyang Jiangying"
NOA,4c1982c166dd6939,"Air Station Nowra/Albatross"
NOB,598fd2874c12378f,"Nosara"
NOC,3e69fd955009f180,"Ireland West Knock"
NOD,3e8adf74eb2e3b38,"Norden-Norddeich"
NOG,5d4d8671ce1dfb12,"Nogales"
NOI,3ec5f416f1a1ac56,"Krymsk"
NOJ,39c4fe607398501e,"Noyabrsk"
NOK,55e2b50b2dbf04b4,"Xavantina"
NOM,4e6ec3449237ce86,"Nomad River"
NON,4971d9f3d4d47b90,"Nonouti"
NOO,4d6f3b114a70422d,"Naoro"
NOP,3eced6852c18601b,"Sinop"
NOR,3c6ad5caf6b48ad1,"Norofjorour"
NOS,25f6593508e24b99,"Fascene"
NOT,5e3f353710ce9b93,"Marin County/Gnoss"
NOU,4a38c08890377201,"La Tontouta"
NOV,1a5f8f15f695061c,"Nova Lisboa"
NOZ,38e5bd3903e2d08f,"Spichenkovo"
NPA,5d8b705414a1fb6c,"Pensacola Forrest Sherman"
NPE,4807da666acd04aa,"Hawke's Bay"
NPG,4e6bc2ce0b4d3fb3,"Nipa"
NPH,5f43c402155f53b2,"J Randy McKnight Nephi Muni"
NPL,480ee48d5c649d7d,"New Plymouth"
NPO,273ecee7d9de5848,"Nanga Pinoh"
NPP,230be058d71e1184,"Napperby"
NPR,56e96b011328e714,"Novo Progresso"
NPT,5fa7b992d03cc0a2,"Newport State"
NPU,59a9ae3c3fdf203f,"San Pedro"
NPY,1d6cce14878d4126,"Mpanda"
NQA,5e88045854f61e93,"Millington-Memphis"
NQI,5d63a2296ebf30f6,"Kingsville Air Station"
NQL,55f34238aa11a6b4,"Niquelandia"
NQN,50be4a8b522e5ccc,"Peron"
NQT,3e7dd9e6fc93b67a,"Nottingham"
NQU,59a17da89d2c9dcf,"Reyes Murillo"
NQX,5c9a7dde24ae46a3,"Station Key West/Boca Chica"
NQY,3f7354eec70df2ff,"Cornwall Newquay"
NQZ,3ae4c5665ce4beb4,"Nursultan Nazarbayev"
NRA,4d12946a9a7799d0,"Narrandera"
NRB,5d9b715e2b6b4239,"Mayport/David McDonald"
NRD,3e8adc82b822feac,"Norderney"
NRE,27134e09e2aeae12,"Namrole"
NRG,213ea0bf29611c83,"Narrogin"
NRI,5e7b36a76b624371,"Grand Lake Regional"
NRK,3d9ba08683619744,"Norrkoping"
NRL,3d7cc91b0d4607ea,"North Ronaldsay"
NRM,16a9fe35717ae1a7,"Nara"
NRN,3f80c4104147f217,"Weeze"
NRR,5bc865f43c067c94,"Jose Aponte de la Torre"
NRS,5e30af594b261150,"Outlying Imperial Beach"
NRT,4ded9d5e45b6dbd5,"Narita"
NRY,241e14d77b0ff862,"Newry"
NSE,5d8c8016943d72af,"Whiting Station/North"
NSH,2edba9afe87b5cba,"Nowshahr"
NSI,1a84b2adc9f3e60c,"Yaounde Nsimalen"
NSK,38c20f4e29a51885,"Norilsk-Alykel"
NSL,5f7d24d7578da53e,"Slayton Muni"
NSM,212fff3eaa29bed3,"Norseman"
NSN,490081f9c929ee00,"Nelson"
NSO,4c2a0e6df89316ff,"Scone"
NSR,10663e92ca255094,"Serra da Capivara"
NST,296a1b14485fcba0,"Nakhon Si Thammarat"
NSV,4c29f8e71777475d,"Noosa"
NSY,1ae5d17ece45e339,"Sigonella Navy"
NTB,3d8aefc60da76fa0,"Notodden"
NTC,1e31d6bd45602f1f,"Paradise Island"
NTD,5e3561e2a49cc3a8,"Point Mugu Station"
NTE,3f7bc78e6fd866e6,"Nantes Atlantique"
NTG,2d3f0ae770060d4e,"Nantong Xingdong"
NTI,270936760dd60f5b,"Stenkol"
NTJ,5f42c44388106edc,"Manti-Ephraim"
NTL,4c17ef67bd3d50de,"Newcastle"
NTN,4e4c975086c3426f,"Normanton"
NTO,13b65a305fe69123,"Agostinho Neto"
NTQ,31e6278c609a29c1,"Noto Satoyama"
NTR,5c6e380b34e7d338,"Del Norte"
NTT,464de27bb2920eee,"Kuini Lavenia"
NTU,5eac3005e599f01e,"Oceana Ntation"
NTX,284c7402714aaa1e,"Ranai-Natuna"
NTY,1c3a2cff7192c649,"Pilanesberg"
NUB,4f5a38a978a068bc,"Numbulwar"
NUD,1da37d781c0ae338,"En Nahud"
NUE,3f936da2d754d398,"Nuremberg"
NUG,4c7d514dfd9eacb0,"Nuguria"
NUI,346a2112dc878a04,"Nuiqsut"
NUJ,2ee71ee8b8cc21e7,"Nojeh"
NUK,404f449d217ebc16,"Nukutavake"
NUL,33672efbc03bb82d,"Nulato"
NUM,1ddc485860ab684d,"Neom Bay"
NUP,326b5a46ebc6b323,"Nunapitchuk"
NUQ,5e3d388544ce8597,"Moffett Federal"
NUR,2212a0b9109b314b,"Nullabor Motel"
NUS,4a45ef25baed979e,"Norsup"
NUU,1e7afc1e01987a62,"Nakuru"
NUW,331ead5866eaf397,"Whidbey Island Station"
NUX,39c173c6e7749808,"Novy Urengoy"
NVA,58a9d4e04fbd213b,"Benito Salas"
NVI,2fb4a24ea65dabd4,"Navoi"
NVM,55e52037b86fd19c,"Brigadeiro Eduardo Gomes"
NVN,5f339785c67b1204,"Nervino"
NVP,56df9f25883226f7,"Novo Aripuana"
NVS,3f8b6bb5a456a670,"Nevers-Fourchambault"
NVT,52eea9d80ba57a89,"Ministro Victor Konder"
NVY,2aa40334d74fbd31,"Neyveli"
NWA,1f5a96b00aa48c54,"Moheli Bandar Es Eslam"
NWI,3e8e23717bcfb353,"Norwich"
NWT,4d690ed21ee48110,"Nowata"
NYA,3ac3d2847c179405,"Nyagan"
NYE,1e7ceed1be991891,"Nyeri"
NYI,17987b04a2e3c5db,"Sunyani"
NYK,1e7df0cbe2330d9b,"Nanyuki"
NYM,39c68717f1608be0,"Nadym"
NYN,4d231bb5ddf27036,"Nyngan"
NYO,3d9ab26fbee8cced,"Stockholm Skavsta"
NYR,35c972fdcf5de1dc,"Nyurba"
NYT,2b6cd69e1e937977,"Nay Pyi Taw"
NYU,2c711074b94c6ce8,"Bagan"
NYW,2c741111c419a2d8,"Monywar"
NZA,1c6175d6a434d89b,"Nzagi"
NZC,55a1de62a8e76cd3,"Maria Reiche Neuman"
NZE,16948d6df0d21702,"Nzerekore"
NZH,34e98eb33bdd0adf,"Manzhouli Xijiao"
NZL,33ee6077d19b9422,"Zhalantun Genghis Khan"
OAA,2eb458cd094f9d35,"Shank"
OAG,4c1dcbd6d1b2b6a1,"Orange"
OAH,2ec36278d55724bf,"Shindand"
OAI,2eb743a868108153,"Bagram"
OAJ,5e96fefa2e733b0d,"Albert J Ellis"
OAK,5e3e34786fba4bba,"Metropolitan Oakland"
OAL,55dc42c7ca4a48d6,"Cacoal"
OAM,609130eebb636abe,"Oamaru"
OAN,5b80a167db01181f,"El Arrayan"
OAR,5e3b3a6b638ae5d5,"Marina Muni"
OAS,2eb267d553bc9e6b,"Sharana"
OAX,5b64b9b95ce3886e,"Xoxocotlan"
OAZ,2dcf20feed1b2786,"Camp Shorabak"
OBC,1fa95648ba2e1a8a,"Obock"
OBD,4f7c3ebecc4fa8e1,"Obano"
OBE,5d92979bf2b23981,"Okeechobee County"
OBF,3f9770b9fddaf1cf,"Oberpfaffenhofen"
OBI,57ea62730806bed3,"Obidos Muni"
OBM,4e6072c673eece82,"Morobe"
OBN,3e746086be6be2f2,"Oban"
OBO,31c5f2dec1b54dbf,"Tokachi-Obihiro"
OBS,18f9ed8eb1117f18,"Aubenas-Ardeche Meridional"
OBU,336e35f5ced150db,"Kobuk"
OBX,4f608234eb9d97ea,"Obo"
OCA,5c9db0a1cd440811,"Ocean Reef Club"
OCC,57ae88cc2059a0a8,"Francisco De Orellana"
OCE,5eaf4c80fa31d568,"Ocean City Muni"
OCF,5d975c69b45027ec,"Ocala/Jim Taylor"
OCH,5d7e3554095e2488,"A L Mangham Regional"
OCJ,5ba86cce0447e2c5,"Ian Fleming"
OCM,233b3041ecab6682,"Boolgeeda"
OCN,5e32ab4377da2139,"Oceanside Muni"
OCS,198d25d7de706a98,"Corisco"
OCV,59ba3041dafc1910,"Aguas Claras"
OCW,5ea81d1429681eb3,"Warren"
ODA,1c949500f5db2f42,"Ouadda"
ODB,17e3ee926c6435e7,"Cordoba"
ODC,5e3e658f8672f37b,"Oakdale"
ODD,4f20cca0efb97678,"Oodnadatta"
ODE,3e952673b25dc1f6,"Odense"
ODH,3f71ec2a078330b9,"RAF Odiham"
ODJ,1c95b4d32e9f11ad,"Ouanda Djalle"
ODL,4e26eaf99922e7bd,"Cordillo Downs"
ODN,283c3780993855e5,"Long Seridan"
ODO,35d88436736e368c,"Bodaybo"
ODR,241a366060984bb2,"Ord River"
ODS,3ebbfbe0270f21b1,"Odessa"
ODW,331eaa2f86f23a33,"AJ Eisenberg"
ODY,2b5fc8cf77195c3a,"Oudomsay"
OEA,5f806a1e24c1c5d8,"O'Neal"
OEC,2613b420ceb2250c,"Rota Do Sandalo Oecusse"
OEM,58ea678e0aeb72bf,"Vincent Fayks"
OEO,370a006072656cd6,"L O Simenstad Muni"
OER,3c9da0882560651f,"Ornskoldsvik"
OES,50baa40ab9c81282,"Antoine de Saint Exupery"
OFI,1793d6f4d5e09342,"Ouango Fitini"
OFJ,3c658e6a1f0b4c22,"Olafsfjorour"
OFK,5f68ea84985e29c8,"Karl Stefan Memorial"
OFU,465038e4c54d3c7a,"Ofu"
OGA,5f664916aa2f57fe,"Searle"
OGB,5e938504ad8de954,"Orangeburg Muni"
OGD,5f46ccc5cacace52,"Ogden Hinckley"
OGE,4e61b0b2fc1037cd,"Ogeranang"
OGG,43cc05322c11e90c,"Kahului"
OGL,59d5e4ff98f44a7a,"Eugene F. Correira"
OGN,2c2a683e556c8154,"Yonaguni"
OGO,1795510e72ba203e,"Abengourou"
OGR,1aaf031fe7af9e0f,"Bongor"
OGS,3a0026f8f344f291,"Ogdensburg"
OGU,3edb4e84e96cd3b0,"Ordu-Giresun"
OGX,18def835d9801775,"Ain Beida"
OGZ,3ddec3fb3b0556a4,"Vladikavkaz Beslan"
OHA,480bb295ab798e3f,"RNZAF Base Ohakea"
OHB,24f52a29db80a12f,"Ambohibary"
OHD,1bf066b4b6e481d4,"Ohrid St. Paul the Apostle"
OHE,34d5c38a743b7279,"Mohe Gulian"
OHH,32c91c3eca014d77,"Okha"
OHI,1a4e9a0a272f36fb,"Oshakati"
OHO,33b670a2422f82dd,"Okhotsk"
OHR,3e87ff9365612961,"Wyk auf Fohr"
OHS,2cdaa5c2de082160,"Sohar"
OHT,2eb30a11b025f388,"Kohat"
OIA,56fa1d023cdb6828,"Ourilandia do Norte"
OIC,5faa1061d1a2b94f,"Lt Warren Eaton"
OIM,4ee160cbb6a0e7b9,"Oshima"
OIR,31d979ae6445872c,"Okushiri"
OIT,2e13b6438b332220,"Oita"
OJC,5f714155320ad63f,"Johnson County Executive"
OJU,272d141941c804ec,"Tanjung Api"
OKA,2c1fc7aa96ec238a,"Naha/Naha"
OKB,4c394c099f5102db,"Orchid Beach"
OKC,5e68c660f0d4db86,"Will Rogers World"
OKD,31d826bfabdad8cb,"Sapporo Okadama"
OKE,2d12be6f5f2259db,"Okinoerabu"
OKF,1a4e4efa98e308a1,"Okaukuejo"
OKG,1a7fb07f42d40f3e,"Okoyo"
OKI,2e1ab6833222152b,"Oki Global Geopark"
OKJ,2e168bbbc18316c9,"Okayama Momotaro"
OKK,5f85927cb4bb6c9a,"Kokomo Muni"
OKL,4f72069ae3626fd8,"Oksibil"
OKM,5e7901b59029d3c9,"Okmulgee Regional"
OKN,1a7adce995cb2e3d,"Okondja"
OKO,4def9e4da33dde19,"Yokota"
OKP,4e6ef69dfa155123,"Oksapmin"
OKQ,4f636ea0d1535f46,"Okaba"
OKR,4e6a158f8add90c8,"Yorke Island"
OKS,5f6724d2c79c961b,"Garden County/King Rhiley"
OKT,3bdf41e002903228,"Oktyabrskiy"
OKU,1b4254fd91a4dce7,"Mokuti Lodge"
OKV,4f61e49f6649aa96,"Okao"
OKY,4c2cd313ca37a339,"Oakey Army Aviation Centre"
OLA,3c8fd8724b38436b,"Orland"
OLB,19f66b100b217d92,"Olbia Costa Smeralda"
OLC,57c501feca9eda4b,"Senadora Eunice Micheles"
OLD,3a0e8b4e487f6d22,"Dewitt/Old Town Muni"
OLF,350fb61aacb982d9,"L M Clayton"
OLG,1e78b6df8c6570cb,"Olare Orok"
OLH,325830bb4dcb81a8,"Old Harbor"
OLI,3c6609da3b69da76,"Rif"
OLJ,4a581acfcbc32c82,"North West Santo"
OLK,53df95ef65c3431b,"Nacional de Fuerte Olimpo"
OLL,1b71c92c665f05c2,"Oyo Ollombo"
OLM,331c7ae8a599eb41,"Olympia Regional"
OLN,6a0d985e1e21911b,"Colonia Sarmiento"
OLO,3fa028d8b4bc8d32,"Olomouc"
OLP,4e2a4d91f2d52e94,"Olympic Dam"
OLQ,4f60f218b9dae0a5,"Olsobip"
OLR,2eb331e6c13d5f61,"Salerno"
OLS,5d4d8ee6c61ad06f,"Nogales"
OLV,5e87048ed57e7f39,"Olive Branch"
OLX,1e78b195492d2dd7,"Olkiombo"
OLZ,35c2d67c676ff345,"Olyokminsk"
OMA,5f7710f6edbd447c,"Eppley"
OMB,197db200e8df1636,"Omboue Hospital"
OMC,2a12b72eefaaff63,"Ormoc"
OMD,1a2d91d26c5c49bb,"Oranjemund"
OME,3364c3501a08a71a,"Nome"
OMF,1dea096c9bdeada8,"King Hussein Air College"
OMG,1c41804df3b70622,"Omega"
OMH,3ee557b3282898a4,"Urmia"
OMI,2dec5503c5c15d1c,"Omidiyeh"
OMK,34147a2375be9cc0,"Omak"
OMM,2be82043ab97b4d6,"Marmul"
OMN,2ba89770148bfa1f,"Osmanabad"
OMO,1af8b8a3a036779b,"Mostar"
OMR,3fa2ee362a698430,"Oradea"
OMS,39ed3ff9cd2b8f53,"Omsk Central"
OMY,2a5a2c88fc2a7f93,"Preah Vinhear"
ONB,4e604cea03fa3c06,"Ononge"
OND,1a4f86c1451a35e7,"Ondangwa"
ONG,4f41c66d97d0087e,"Mornington Island"
ONI,4f7d356bf65c8110,"Moanamani"
ONJ,31d583731c19bae2,"Odate Noshiro"
ONK,36b6d890e76995f1,"Olenyok"
ONL,5f69bcc741db20b8,"O'Neill Muni John L Baker"
ONO,3404baaf7ab492eb,"Ontario Muni"
ONP,331748dd4c09e5bd,"Newport Muni"
ONQ,3fc38330aa5d3f59,"Zonguldak Caycuma"
ONR,4e38487f122fbfac,"Monkira"
ONS,233d888b83a3122a,"Onslow"
ONT,5e34ae57e7b294c2,"Ontario"
ONU,474c0486279bb3ff,"Ono-i-Lau"
ONX,599df36dd3ef0b49,"Enrique Adolfo Jimenez"
OOD,232be1ac5986ed6a,"Koodaideri Mine"
OOK,326988f88ee1b0ee,"Toksook Bay"
OOL,4c27a4fbf6d59288,"Gold Coast"
OOM,4c1b5640d3411490,"Cooma Snowy Mountains"
OOR,4e3733324ad89389,"Mooraberree"
OOT,487ea15dd25770a6,"Onotoa"
OPA,3c66b243499101e0,"Kopasker"
OPB,4d7508f88a1a2b54,"Open Bay"
OPF,5c9eba898006d806,"Miami-Opa Locka Executive"
OPI,2509795b77127182,"Oenpelli"
OPO,16fb66e55d5ed074,"Francisco de Sa Carneiro"
OPP,57fdada0addaff57,"Salinopolis"
OPS,55ea4f2546412453,"Joao Batista Figueiredo"
OPU,4e6c60dc15224c36,"Balimo"
OPW,1a49833975f06363,"Opuwa"
ORA,53c9832ad9359298,"Oran"
ORB,3d998e2567c6db0d,"Orebro"
ORC,58bf90a5b8861b4d,"Orocue"
ORD,5f884ae0f5260c15,"Chicago O'Hare"
ORE,3f894b9a88f8d692,"Orleans/Saint-Denis"
ORF,5eac2395c4e24a7d,"Norfolk"
ORG,59e263c4fc3ef3e3,"Zorg en Hoop"
ORH,5fa994cdc8123334,"Worcester Regional"
ORI,32593fd5f63a0cde,"Port Lions"
ORJ,58deac1fce506ac0,"Orinduik"
ORK,3e6ff163a4e62eb2,"Cork"
ORL,5d9670fef0a62412,"Orlando Executive"
ORM,3e7fe2736e2ffad2,"Sywell Aerodrome"
ORN,17ee86f68c1fd628,"Oran Es-Senia/Ahmed Ben Bella"
ORO,5a8e8fb1d90d24b8,"Yoro"
ORP,1c38e3b5a70effc1,"Orapa"
ORR,4e1482aa181505d3,"Yorketown"
ORT,334ecdffc0513c43,"Northway"
ORU,54c83812df5a0cdb,"Juan Mendoza"
ORV,336c83bb08eb1ef6,"Robert Curtis"
ORW,2ccc6d5e3de6fb99,"Ormara"
ORX,57ea599fb3e07c09,"Oriximina"
ORY,3f874cf498c8ccc0,"Paris-Orly"
ORZ,5b874b4d15821bc2,"Orange Walk"
OSC,5f8ee5e5ad19019d,"Oscoda Wurtsmith"
OSD,3c9f4785c29a502b,"Are Ostersund"
OSE,4e61778818d7a608,"Omora"
OSF,3db1eabe173bcabf,"Ostafyevo"
OSG,4f7160dba346a9c6,"Ossima"
OSH,5f8d3445ab6d5129,"Wittman Regional"
OSI,3fa89917326060a6,"Osijek"
OSJ,1e78bca6d40782b7,"Ol Seki"
OSK,3d9eb1d6d1b9627e,"Oskarshamn"
OSL,3d981b6d9f1457e9,"Oslo Gardermoen"
OSM,3eea3afeeae36e06,"Mosul"
OSN,2e2c8bd34f11ff2c,"Osan"
OSO,4e3aca5c7327e8f5,"Osborne Mine"
OSR,3eaf4b89a67c7e08,"Ostrava/Leos Janacek"
OSS,2fa585ce42d67621,"Osh"
OST,3f815bbf615bfa5d,"Ostend-Bruges"
OSU,5f9401c70830a194,"The Ohio State/Don Scott"
OSW,3beb18729294dcb2,"Orsk"
OSY,3c8cfdb7e7775f96,"Namsos"
OTC,1aac9cde1fc547fb,"Bol-Berim"
OTD,59aa2f0bc40b31c4,"Raul Arias Espinoza"
OTH,33152cf568fa6dec,"Southwest Oregon Regional"
OTI,2806f6db1605f5b9,"Pitu"
OTJ,1b401a2cb58b9846,"Otjiwarongo"
OTK,3319601c292783c0,"Tillamook"
OTL,15b46221f58cee3f,"Boutilimit"
OTM,5f76a82e7b0f886b,"Ottumwa Regional"
OTN,5f816127ab503325,"Ed-Air"
OTP,3fb483e33ca92146,"Henri Coanda"
OTR,599a5ee59d764490,"Coto 47"
OTS,331fa0a5396650e0,"Anacortes"
OTT,56d1c1f5939509e0,"Andre Maggi"
OTZ,336bacad05743822,"Ralph Wien Memorial"
OUA,17ab6575a28dc7b2,"Ouagadougou"
OUD,17ea6fde02f6e9de,"Oujda Angads"
OUE,1b815f1d2d10b5fa,"Ouesso"
OUG,17a8a93318fa5065,"Ouahigouya"
OUH,1b19c04d6e10019e,"Oudtshoorn"
OUI,3f785053df69ac54,"Ouessant"
OUK,3d79ecda371d7c1f,"Out Skerries"
OUL,3ca51b0264f99039,"Oulu"
OUM,1bab9740f7ea0acd,"Oum Hadjer"
OUN,5e67cfbfb072e5d8,"U of Oklahoma Westheimer"
OUR,1a8cec047fa567e0,"Batouri"
OUS,53e9bc65f3ec3e62,"Ourinhos"
OUT,1ba303b682d3a1ca,"Bousso"
OUZ,15cb5e92fa973a45,"Tazadit"
OVA,23f6413b94e95f4a,"Bekily"
OVB,38ed76641578f029,"Novosibirsk Tolmachevo"
OVD,17f2c24af6b9d3fa,"Asturias"
OVE,5f326a87d0a0e424,"Oroville Muni"
OVG,1b139bc653f1591e,"Overberg"
OVL,52b4266c15e8d1d9,"El Tuqui"
OVR,51c38c1d6f399b50,"Olavarria"
OVS,3ac6ed303d7e3f99,"Sovetskiy"
OWA,5f7d89965c87c47b,"Owatonna Degner Regional"
OWB,5e8e751572c4996b,"Owensboro Daviess County"
OWD,5fa9b16f94c9f061,"Norwood Memorial"
OWK,3a0c66dc328702ee,"Central Maine/Norridgewock"
OXB,15a053102f78c2fb,"Osvaldo Vieira"
OXC,5fa777716e105835,"Waterbury Oxford"
OXD,5f82cabfbc70c532,"Miami University"
OXF,3f70d46995a13b53,"Oxford/Kidlington"
OXO,4e23b842b847b0f8,"Orientos"
OXR,5e3564c8a70cb7ad,"Oxnard"
OXY,4e3621ea6b18e4f7,"Morney"
OYA,52d816151f6c5869,"Goya"
OYC,58e9ef730ed6e084,"Camopi"
OYE,1a8445d37c72b7b7,"Oyem"
OYG,1d8fb169d8a7698d,"Moyo"
OYK,58ecf1b630936ee1,"Oiapoque"
OYL,1f81afe52d1fe89b,"Moyale"
OYN,4d1a8a6a8ec292d1,"Ouyen"
OYO,51c0606ea7ca59ac,"Tres Arroyos"
OZA,5d6c10bd7fb05110,"Ozona Muni"
OZC,2919c935379f0a3f,"Labo"
OZG,17d0a0c7663d6a4a,"Zagora"
OZH,3ec367745ada5933,"Zaporizhzhia"
OZP,17e1cde9ab2c432a,"Moron"
OZR,5d8db894670458fb,"Cairns AAF/Fort Rucker"
OZZ,16ddc49ab36a7611,"Ouarzazate"
PAA,2b6484d8a2bae094,"Hpa-N"
PAB,2c937602f95dfdd8,"Bilaspur"
PAC,59ac006ca8f88495,"Marcos A. Gelabert"
PAD,3e9f09e884bf6611,"Paderborn Lippstadt"
PAE,331e9f038803aa81,"Snohomish County/Paine"
PAF,1d8e7840c0f0d461,"Kabalega Falls"
PAG,2918d71cc88ea526,"Pagadian"
PAH,5e8c3a10992354f9,"Barkley Regional"
PAJ,2eb4385003d4ecef,"Parachinar"
PAK,44c53618e691dc41,"Port Allen"
PAL,59a1f2afe542a89a,"German Olano"
PAM,5d8ac31ebc6739f2,"Tyndall Air Force Base"
PAN,2955d33e9c722cea,"Pattani"
PAO,5e3d3a62c37969b1,"Palo Alto of Santa Clara"
PAP,5bb945349a045d08,"Toussaint Louverture"
PAQ,33553b8c83b8aa26,"Warren Woods Palmer Muni"
PAS,1bedc78d60127c50,"Paros National"
PAT,2c8ddcf3f72fd292,"Jay Prakash Narayan"
PAU,2c712ccfe3a9ee31,"Pauk"
PAV,1161269af4d0b013,"Paulo Afonso"
PAX,5bbd25399c789c1b,"Port-de-Paix"
PAY,2922dc291779f6bf,"Pamol"
PAZ,5b6f95f3a2ce66b4,"El Tajin National"
PBB,54e3a7ec7a72b8e3,"Paranaiba"
PBC,5b6b701c6fa71a36,"Hermanos Serdan"
PBD,2cb2a685bdc39734,"Porbandar"
PBE,59b4035b8525d5c4,"Puerto Berrio"
PBF,5e75a3e6e60d9d0a,"Pine Bluff Regional Grider"
PBG,3a044c233d29c60d,"Plattsburgh"
PBH,2d821d9fd7794988,"Paro"
PBI,5d90bddab2541bed,"Palm Beach"
PBJ,4a43d51a6b9488ef,"Tavie"
PBL,5ac02b77b4e6603a,"Bartolome Salom"
PBM,59e161e61836dba8,"Johan Adolf Pengel"
PBN,1a5ae585a2449e30,"Porto Amboim"
PBO,2339227d234e5f48,"Paraburdoo"
PBP,598eec685b6c5acd,"Islita"
PBQ,55db5b74ea29b731,"Pimenta Bueno"
PBR,5b804c46e0c8cb09,"Puerto Barrios"
PBT,53df9cd9e5ce438c,"de Puerto Leda"
PBU,2d62ba2bf2bb0943,"Putao"
PBX,55eee13ce8b35562,"Fazenda Piraguassu"
PBZ,1b1bb70e3410f9b7,"Plettenberg Bay"
PCA,3259c152fb95c061,"Portage Creek"
PCB,264cc2169eb40606,"Pondok Cabe"
PCC,58a6e0530dd198d3,"Puerto Rico"
PCD,5f7bd06e5045ee37,"Prairie Du Chien Muni"
PCF,1c29fb2ee086107d,"Potchefstroom"
PCG,5b75f634ac2c8bc9,"Paso Caballos"
PCH,5b81f753a6faa5f6,"Palacios"
PCJ,53db9b3c0cd06f50,"de Puerto La Victoria"
PCL,56a5fcac439a4372,"David Abenzur Rengifo"
PCM,5b8f86a118b1c054,"Playa del Carmen"
PCN,480e85d9ecfc65d9,"Picton Aerodrome"
PCO,5c478f7d5ad102b3,"Punta Colorada"
PCP,198755377ad6a88a,"Principe"
PCQ,2c52d6446534611b,"Boun Neau"
PCR,59c345ef5b41131f,"German Olano"
PCS,10689ee54041266d,"Picos"
PCT,5fa44d9c2cf75172,"Princeton"
PCU,5d8c13518584ad01,"Poplarville Pearl River"
PCV,5d413eaf1ef39e6e,"Punta Chivato"
PDA,58cc31e6f0333e51,"Obando C Gaviria Trujillo"
PDB,325d8a03c09dc486,"Pedro Bay"
PDC,4a3beb90408187e7,"Mueo"
PDD,1d27ebb7e1222a33,"Ponta do Ouro"
PDE,4e390eb6b02b5e92,"Pandie Pandie"
PDF,1142a8881bd57628,"Prado"
PDG,275df8b72c006b7e,"Minangkabau"
PDI,4e60b9dc0da84fe1,"Pindiu"
PDK,5e84e6fe3cd2f169,"DeKalb Peachtree"
PDL,14e1ec5558c3877a,"Joao Paulo II"
PDM,5997f9048c78de6e,"Capt. J. Montenegro"
PDN,4e136d8af7bf22b0,"Parndana"
PDO,27554ba157547f6e,"Pendopo"
PDP,51d950330d1a3aed,"Capitan Corbeta CA Curbelo"
PDR,1061fb53bad7ff30,"Jose Sarney"
PDS,5d6624e872937296,"Piedras Negras"
PDT,34120cdcd96e286d,"Eastern Oregon at Pendleton"
PDU,51df1901a56e334d,"Tydeo Larre Borges"
PDV,1bf88ad45fe2ff7c,"Plovdiv"
PDX,331b48e592a4787a,"Portland"
PDZ,59df321a52a268e5,"Pedernales"
PEA,4e1269b7112da484,"Penneshaw"
PEB,1e4aae994c448a94,"Pebane"
PED,3f90f6a7dca13886,"Pardubice"
PEE,3bd50f1fe87d8680,"Perm"
PEF,3e9796579023ba54,"Peenemunde"
PEG,19fcbb3ab7a457da,"Perugia/Francesco d'Assisi"
PEH,51c65756ec261560,"Comodoro Pedro Zanni"
PEI,58afc166f51793a3,"Matecana"
PEK,2f4411d778c031d7,"Beijing Capital"
PEL,1c2b8956b96b807e,"Pelaneng"
PEM,55b8eba8a888223a,"Padre Aldamiz"
PEN,2950f9d97b4a61ea,"Penang"
PEP,2504e0eb97754a62,"Peppimenarti"
PEQ,5d5dbcdd4947bd9b,"Pecos Muni"
PER,2230cb92db296483,"Perth"
PES,3cb60f254da12f00,"Petrozavodsk"
PET,52d1e44b7ccad747,"Joao Simoes Lopes Neto"
PEU,5a9f25ead64c397e,"Puerto Lempira"
PEV,3fa77d8c08e75982,"Pecs-Pogany"
PEW,2ea4fbadfe27464f,"Peshawar"
PEX,3ac9085f157714cd,"Pechora"
PEY,22107c02378e08a7,"Penong"
PEZ,3ccdd2321c49455f,"Penza"
PFB,52ea1c98a6500c9c,"Lauro Kurtz"
PFC,331858d09c8fb168,"Pacific City State"
PFJ,3c641d647aa9bd4b,"Patreksfjorour"
PFO,1de061a61a288be9,"Paphos"
PFQ,3ded7cbbb0dea693,"Parsabad-Moghan"
PFR,1b7f276bc3842f5b,"Ilebo"
PGA,5e4ca4f95551281b,"Page Muni"
PGB,4e6fab04395fd046,"Pangoa"
PGC,5f91a7910c1780bf,"Grant County"
PGD,5d9168844cd9e379,"Charlotte County"
PGE,4e6490abaada7a55,"Yegepa"
PGF,18f6aa6d8f39d315,"Perpignan-Rivesaltes"
PGH,2d97c6f658823c22,"Pantnagar"
PGK,2749d3b777b88a3e,"Depati Amir"
PGL,5d8b45003d2d995b,"Trent Lott"
PGM,325e433c7cd94725,"Port Graham"
PGN,4e69b7f9f7c72646,"Pangia"
PGO,5e5d53a17a4a3da5,"Stevens"
PGQ,2802fe92d4d896bc,"Buli"
PGR,5e7ae1b73f1b85f0,"Kirk"
PGU,2de21c7e5fbfac22,"Persian Gulf"
PGV,5ea80f3f4558387a,"Pitt Greenville"
PGX,3f8f1fd9279cdceb,"Perigueux-Bassillac"
PGZ,53e39614bfaedbd9,"Ponta Grossa/A Beraldo"
PHA,2a44646464b0819a,"Phan Rang"
PHB,10776ae8b1f712e0,"Parnaiba/Joao Silva Filho"
PHC,1985fdb28308d159,"Port Harcourt"
PHD,5f954099a24d5a9f,"Harry Clever"
PHE,2421e5a6381fc644,"Port Hedland"
PHF,5eac1ccea6270c3b,"Newport News Williamsburg"
PHG,1986f03c06cb3614,"Port Harcourt City"
PHI,57f8f3aa59bad8b6,"Pinheiro"
PHK,5d91a223ba60b70e,"Palm Beach County Glades"
PHL,5fa33976d6711618,"Philadelphia"
PHN,5f9a1c4daedf37f8,"St Clair County"
PHO,337e09a987c02465,"Point Hope"
PHP,5f6d56cb1a78e74d,"Philip"
PHQ,4e3cd42c14b809a4,"The Monument"
PHS,2b631f02eaab9082,"Phitsanulok"
PHT,5e8a4c1bf8d37fa9,"Henry County"
PHW,1d356bf07d5110cf,"Hendrik Van Eck"
PHX,5e43744670f7f196,"Phoenix Sky Harbor"
PHY,2b53ea500395d02b,"Phetchabun"
PIA,5f8507bfcfe72b18,"Wayne A. Downing Peoria"
PIB,5d8e10c8a23f3076,"Hattiesburg Laurel Regional"
PIC,5cb330be425adf6e,"Pine Cay"
PIE,5d9444694d30eb89,"St. Petersburg Clearwater"
PIF,2c25b735431623a1,"Pingtung North"
PIH,340c5e3663d55c4b,"Pocatello Regional"
PIK,3e767ac93c66bc82,"Glasgow Prestwick"
PIL,52de49e6988d0140,"Carlos Miguel Gimenez"
PIM,5e81db9480176df4,"Harris County"
PIN,57e7391c273d56c1,"Parintins"
PIO,55a594e26e1d80a0,"Renan Elias Olivera"
PIP,3255adccbee3ec4f,"Pilot Point"
PIR,5f6e82dd2ddc1df8,"Pierre Regional"
PIS,3f8c0da7b93afb0f,"Poitiers-Biard"
PIT,5f957166b16efb02,"Pittsburgh"
PIU,569fda6f5126824a,"Guillermo Concha Iberico"
PIV,1046a077257b9c0b,"Pirapora"
PIW,3713a20f913c01d3,"Pikwitonei"
PIX,13fc0657bd6b13d8,"Pico"
PIZ,3463da9d0c45f87f,"Point Lay LRRS"
PJA,3c90bc98795f6da6,"Pajala"
PJB,5e45967d0efbda60,"Payson"
PJC,53dadbe6ca277f2d,"Augusto Roberto Fuster"
PJG,2dc1697defc5c060,"Panjgur"
PJM,599a4aee3f9f15e6,"Puerto Jimenez"
PKA,326b462e8bd4c060,"Napaskiak"
PKB,5f9244ed58364aa5,"Mid Ohio Valley Regional"
PKC,31aa8a0265f86254,"Yelizovo"
PKD,37054056c3415370,"Park Rapids Muni Konshok"
PKE,4c1fdf837f610db6,"Parkes"
PKF,370f11b07cf22fef,"Park Falls Muni"
PKG,285de4eff6d2ce72,"Pulau Pangkor"
PKJ,5b71d9b4eadd55aa,"Playa Grande"
PKK,2c710afd970b061d,"Pakhokku"
PKN,2737d83389bc07f0,"Iskandar"
PKO,1898d232e806aecd,"Parakou"
PKP,405c2b0456876523,"Puka Puka"
PKR,2d9501c9001bad24,"Pokhara"
PKT,25130b488ccd94d4,"Port Keats"
PKU,2851c7105cc07499,"Sultan Syarif Kasim II"
PKV,3da5e41dd04639f3,"Pskov"
PKW,1c3ec6649f14a044,"Selebi Phikwe"
PKX,2f421bb45cd05296,"Beijing Daxing"
PKY,273960947e84db7d,"Tjilik Riwut"
PKZ,2a5e0f75478f2537,"Pakse"
PLD,598eed04d9dd7dcc,"Playa Samara/Carrillo"
PLE,4e6cf827a34e4bf7,"Paiela"
PLF,1a9ed041dee27b6e,"Pala"
PLJ,5b8343f560848d44,"Placencia"
PLK,5e7b78c6ce20a2f9,"M. Graham Clark Downtown"
PLL,57d6a2619cc2fdbc,"Ponta Pelada/Manaus"
PLM,27562e281b0c4359,"Sultan Mahmud Badaruddin II"
PLN,380b1857fd5bc44d,"Pellston/Emmet County"
PLO,4e179fa29df3f65e,"Port Lincoln"
PLQ,3dae4f91fad06c47,"Palanga"
PLR,5e8399e9397ce801,"St Clair County"
PLS,5cb23c32eae1cf34,"Providenciales"
PLT,59aee9dc46311b27,"Plato"
PLU,10492bed531a0842,"Pampulha/Carlos de Andrade"
PLV,3ec1239e3efef0ea,"Suprunovka"
PLW,272d52c00230573f,"Mutiara/SIS Al-Jufrie"
PLX,39f32a4b8ad60ede,"Semey"
PLY,5f8782cca9f89289,"Plymouth Muni"
PLZ,1c11b0478f2d0ff8,"Chief Dawid Stuurman"
PMA,1f63f68a6f4b7211,"Pemba"
PMB,37009f94af57c0cd,"Pembina Muni"
PMC,50a87a96462b0436,"El Tepual"
PMD,5e3696b59f991393,"Palmdale Regional/Plant 42"
PMF,3f9e7b0e662fd327,"Parma"
PMG,53daef4ab59ad406,"Ponta Pora"
PMH,5f911190a15edc6c,"Greater Portsmouth Regional"
PMI,18f62bc0e1f8c5e0,"Palma de Mallorca"
PMK,4d4e672851ed2aca,"Palm Island"
PML,3250e12e9968ae42,"Port Moller"
PMN,4d6a1a80d898a2a8,"Pumani"
PMO,1ae0f560b46cd95d,"Falcone-Borsellino"
PMP,4e6abfa756856fd5,"Pimaga"
PMQ,6a089bd9dc4cc0af,"Perito Moreno"
PMR,480ab9533b6e0224,"Palmerston North"
PMS,1dec6a316800c403,"Palmyra"
PMT,58deabfad4b1ba50,"Paramakatoi"
PMV,5ac2e00c787ae602,"Del Caribe Santiago Marino"
PMW,55ff6d6e0f07f776,"Brigadeiro Lysias Rodrigues"
PMY,6b087210216251a4,"El Tehuelche"
PMZ,599b4f5b71801ab7,"Palmar Sur"
PNA,17fca27bad159a9f,"Pamplona"
PNB,55fe681cda17ad7b,"Porto Nacional"
PNC,5e6bec0b6a79fdd6,"Ponca City Regional"
PND,5b813e95e1a8d7df,"Punta Gorda"
PNE,5fa431e8bbbda7a3,"Northeast Philadelphia"
PNG,53e2c641b96a746d,"Paranagua"
PNH,2a542080d823a599,"Phnom Penh"
PNI,4c925bd4ec59325a,"Pohnpei"
PNJ,2e3e678efb5ba7bb,"Penglai Shahekou"
PNK,274f38d6cb5064b7,"Supadio"
PNL,19eec20020cf14b1,"Pantelleria"
PNN,3b009db841d3c198,"Princeton Muni"
PNP,4d6d4f7d88e51c28,"Girua"
PNQ,2ba9f586e29b98e9,"Pune/Lohagaon Station"
PNR,1a7502e872471ee8,"Antonio Agostinho-Neto"
PNS,5d8b75a7bd739703,"Pensacola"
PNT,6a114d778efbae2e,"Lieutenant Julio Gallardo"
PNU,5e4e9968849ecd3e,"Panguitch Muni"
PNV,3dada3656bcae57f,"Panevezys"
PNX,5e64e0716ecdc580,"North Texas Regional/Perrin"
PNY,2a95f45b4edabe4b,"Pondicherry"
PNZ,106b2db1ebcb9018,"Senador Nilo Coelho"
POA,52e52f758a75ccc3,"Salgado Filho"
POB,5e97cc4d2742adcb,"Pope"
POC,5e349fffa8ad8d09,"Brackett"
POD,15b333a218b5f7ba,"Podor"
POE,5d7c7e549c4bf247,"Polk Army Air"
POF,5e7bfe26cef41b87,"Poplar Bluff Muni"
POG,197bd8cc43030d81,"Port Gentil"
POI,54c36c3e081fa2e4,"Capitan Nicolas Rojas"
POJ,54f6662456983d7c,"Patos de Minas"
POL,1f527a950e17c55d,"Pemba"
POM,4e602b72e283d50f,"Port Moresby Jacksons"
PON,5b8219c2528a6aa9,"Poptun"
POO,53fd3099ec125255,"Pocos de Caldas"
POP,5bbc8db4771a67fc,"Gregorio Luperon"
POR,3da00b4686690c2a,"Pori"
POS,5ad15151d6b0c19b,"Piarco"
POT,5ba88311197a5e96,"Ken Jones"
POU,5fa75cabbaa5d355,"Dutchess County"
POV,3eaebf4dfc386b99,"Presov"
POW,3f9bdcfabd9abb7a,"Portoroz"
POX,3f864e38c2c3d772,"DePontoise/Cormeilles"
POY,3506682830308b6f,"Powell Muni"
POZ,3eaa011d7629c176,"Poznan-Lawica"
PPA,5e683fd0dec177ee,"Perry Lefors"
PPB,53ec8191fc96a519,"Prudente"
PPC,3451c8d7c3b523d3,"Prospect Creek"
PPE,5d4d2bb8aee6ee40,"Mar de Cortes"
PPF,5e7d242d7fbd3d5a,"Tri-City"
PPG,46533a7c9eaeae0c,"Pago Pago"
PPH,58de6503cb7e3d98,"Perai-Tepuy"
PPI,4e15d835e95c3d3f,"Port Pirie"
PPJ,264ec5a04bc7d9d3,"Pulau Panjang"
PPK,3ae52405891f1a89,"Petropavl"
PPL,2d8393914c5e614c,"Phaplu"
PPM,5c9fb9efb552cbcc,"Pompano Beach"
PPN,58a79be22eaf0520,"Guillermo Leon Valencia"
PPP,4d4808f8f4014cd3,"Proserpine Whitsunday Coast"
PPQ,480b9fecc02fb097,"Paraparaumu"
PPR,2852fa66bd565c36,"Pasir Pangaraan"
PPS,292ea62e567f44b4,"Puerto Princesa"
PPT,42489ab0cf7dd2c8,"Faa'a"
PPU,2b679cacbaf0af1e,"Hpapun"
PPW,3d7cb94defee754f,"Papa Westray"
PPX,4d6a08cfda24870e,"Param"
PPY,53fb4bac2c202fc2,"Pouso Alegre"
PPZ,59c3570b5a8752a1,"Puerto Paez"
PQC,295f4ce1845edf76,"Phu Quoc"
PQI,3a0ec967c0a7ed17,"Presque Isle"
PQM,5b7693e3d654a99b,"Palenque"
PQQ,4c262903d62ad8bd,"Port Macquarie"
PQS,326e62dc38b971e6,"Pilot Station"
PRA,52c1b1f633154f88,"General Urquiza"
PRB,5e3941e895f28559,"Paso Robles Muni"
PRC,5e46771659caae72,"Prescott/Ernest A. Love"
PRD,2422c10ac38f24bf,"Pardoo"
PRE,59b17fb66772938f,"Pore"
PRG,3f90cfba6acecaac,"Vaclav Havel Prague"
PRH,2b671f9ee5ace7d5,"Phrae"
PRI,27e257b5f52278a6,"Praslin"
PRK,1b2c6fc8f0704943,"Prieska"
PRM,16eac6d9955dfe60,"Portimao"
PRN,1affaf0f45a673ce,"Pristina Adem Jashari"
PRO,5f786425f39c7f49,"Perry Muni"
PRP,19f47fe60135de46,"Propriano"
PRQ,52ceffb29b235152,"Termal"
PRR,59d2732999aa91e9,"Paruima"
PRS,4b681deb0ec7de61,"Parasi"
PRU,2b7a004e3b836eae,"Pyay"
PRV,3fa03c58adf46294,"Prerov"
PRW,370f06c3619bfcb9,"Prentice"
PRX,5e731cae7260aef4,"Cox"
PRY,1c3d2403efba2c1a,"Wonderboom"
PRZ,331d037a375fda61,"Prineville"
PSA,19f7cb906d393c09,"Pisa"
PSC,34122e43a9788195,"Tri Cities"
PSD,1dd2da8e6c8863ba,"Port Said"
PSE,5bc7498f37f84c2c,"Mercedita"
PSF,5fa96a8d76714706,"Pittsfield Muni"
PSG,333c7217bf3a2a49,"Petersburg James A Johnson"
PSH,3e980d0c53811a79,"St. Peter-Ording"
PSI,2ccc9e89309bccd3,"Pasni"
PSJ,272b38bd9b46d011,"Kasiguncu"
PSK,5e9c7d61eab109ef,"New River Valley"
PSL,3e74a51d652e1bf4,"Perth/Scone"
PSM,5fabb3901f9c9cb3,"Portsmouth at Pease"
PSN,5d7e0dafc71d61a9,"Palestine Muni"
PSO,58a476c1f63c5365,"Antonio Narino"
PSP,5e34c4bffeb0831b,"Palm Springs"
PSR,1af09db40e52f77c,"Abruzzo"
PSS,52dda21c3b23edb6,"Jose San Martin"
PSU,2832997f59fb5fb6,"Pangsuma"
PSV,3d7ad05a6fa0e2c2,"Papa Stour"
PSW,54f0444b995b3e09,"Muni Jose Figueiredo"
PSX,5d66e8be0f722721,"Palacios Muni"
PSY,6b2c01a6a3434491,"Port Stanley"
PSZ,54d5b73eb4085ca5,"Av. Salvador Ogaya G."
PTA,325e88d34a32dfbb,"Port Alsworth"
PTB,5e9cfe4f6f018c8b,"Dinwiddie County"
PTF,4848961f04bb37d1,"Malolo Lailai Island"
PTG,1d317833be1eebea,"Polokwane"
PTH,3253bad89ad3494e,"Port Heiden"
PTJ,61d089bb2f4427ec,"Portland"
PTK,5f8af34cc2b48ea8,"Oakland County"
PTM,59b7cade7457c7b6,"Palmarito"
PTN,5d79c45211e481b4,"Harry P Williams Memorial"
PTO,53e02786d6819848,"Juvenal Loureiro Cardoso"
PTP,5bd226e3004d2fe4,"Pointe-a-Pitre Le Raizet"
PTQ,57eae8c9e8c213a3,"Porto de Moz"
PTT,5e6ea32cad50109e,"Pratt Regional"
PTU,326720c365e9ae0b,"Platinum"
PTV,5e3a80b286e5779f,"Porterville Muni"
PTW,5fa4278af89f2c3b,"Heritage"
PTX,58a5bd841791b744,"Pitalito"
PTY,59ac05fa0594d178,"Tocumen"
PTZ,57ab5467d0b87e4e,"Rio Amazonas"
PUA,4d798c79c265c992,"Puas"
PUB,5e5fcb5374698aa7,"Pueblo Memorial"
PUC,5f42ef755b109c2d,"Carbon County/Buck Davis"
PUD,6b110e73432df6f5,"Puerto Deseado"
PUE,59ab61fbd1b39e34,"Puerto Obaldia"
PUF,17ffb0e83e7a01cb,"Pau Pyrenees"
PUG,4e16fe27fe2993a1,"Port Augusta"
PUJ,5bb9f45a0ba9e49b,"Punta Cana"
PUK,404a7b8e473ad955,"Pukaruha"
PUN,1d70b5a1229871d0,"Punia"
PUP,17ac26cf7484f8e9,"Po"
PUQ,6a138ea06ec8a636,"Carlos Ibanez del Campo"
PUR,55cd35d989915f1e,"Puerto Rico"
PUS,2e272dc3e6755f11,"Gimhae"
PUT,2aab5f2827908b30,"Sri Sathya Sai"
PUU,58a1a9450be40afb,"Tres De Mayo"
PUV,4a4e189e92c343b2,"Poum/Malabou"
PUW,3417143507beeaf3,"Pullman Moscow Regional"
PUX,50a87dfd72a3b9a1,"El Mirador"
PUY,3f9ceef24af26c1f,"Pula"
PUZ,5a9b4a38bd3e144f,"Puerto Cabezas"
PVA,5a99a87d9b44056f,"El Embrujo"
PVC,5fa8dd98b567caca,"Provincetown Muni"
PVD,5fa8b0269f891d21,"T Francis Green State"
PVE,59ad2d3da6999e7b,"El Porvenir"
PVF,5f307c968ec601fd,"Placerville"
PVG,2d2de23839636372,"Shanghai Pudong"
PVH,56c4ecb59edf675a,"Jorge Teixeira de Oliveira"
PVI,53e956890466447a,"Paranavai"
PVK,1bf2104f57b63931,"Aktion National"
PVL,5e9d2e93c1a15eed,"Pike County-Hatcher"
PVO,579cdbfa5e8ab0dd,"Reales Tamarindos"
PVR,5b5f386dc3f731aa,"Lic. Gustavo Diaz Ordaz"
PVS,33716db7d04cef54,"Provideniya Bay"
PVU,5f44c6bd29a2fad6,"Provo-Utah Lake"
PVW,5e651382561aa646,"Hale County"
PWA,5e68cb5cae78b180,"Wiley Post"
PWD,3601cf15e26b5219,"Sher-Wood"
PWE,3481ae4b72ed5111,"Pevek"
PWI,1ea93646861ca79e,"Beles"
PWK,5f884fe1e9dbea99,"Chicago Executive"
PWL,26484a56429d8771,"Jenderal Besar Soedirman"
PWM,3a0c44466fedd295,"Portland Jetport"
PWN,5ca5dd150c1e6346,"Pitts Town"
PWO,1d6658833ce1076b,"Pweto"
PWQ,39e8ce9cad10e843,"Pavlodar"
PWT,331d88cf489cc713,"Bremerton National"
PWY,5f5a28d9a9025b09,"Ralph Wenz"
PXA,2753663375229595,"Bentayan"
PXH,4e2e65b39a0a3c5d,"Prominent Hill"
PXL,5e49c6a657452e46,"Polacca"
PXM,5b61a38701701034,"Puerto Escondido"
PXO,15e523561a5caca9,"Porto Santo"
PXR,2a5e7228550aae09,"Surin"
PXU,2a4b98a871677fe0,"Pleiku"
PYA,59b2093bf1de2c9e,"Velasquez"
PYB,2b9a633975ceb4a5,"Jeypore"
PYC,59ad4165e917219c,"Playon Chico"
PYE,436d31db2ae9abf8,"Tongareva"
PYG,2d8236f4927eedb8,"Pakyong"
PYH,59c149ac21f7048b,"Cacique Aramare"
PYJ,36c43a89fc248286,"Polyarny"
PYK,2ed9c5fbafe66058,"Payam Karaj"
PYM,5fa8c79682126068,"Plymouth Muni"
PYO,58a0c54d0381b6a2,"Putumayo"
PYR,1be3efcc89dad05a,"Andravida"
PYS,5f3363c1c80d7023,"Paradise Skypark"
PYT,54fa6a3bb5c7f390,"Pedro Rabelo de Souza"
PYV,59a968307db0c61a,"Yaviza"
PYY,2b6b6aefd9ce0843,"Pai"
PZA,59b276f8cc536dda,"Paz De Ariporo"
PZB,1c2f6bec89001ee2,"Pietermaritzburg"
PZH,2dbd6b5d20dab66b,"Zhob"
PZI,2d50e7d370737f0b,"Panzhihua Bao'anying"
PZK,4554d8f123a3bf88,"Pukapuka Island"
PZL,1d25baec17b51c81,"Zulu Inyala"
PZO,59d92e0c0f7f304e,"Manuel Carlos Piar"
PZS,50afa13daff1ce5d,"Maquehue"
PZU,1eb7b5dde9ba4646,"Port Sudan New"
PZY,3fa245c55e5f4c56,"Piestany"
QAQ,19fe9e901334ec39,"L'Aquila-Preturo"
QAT,6b88256ba509e708,"Troll"
QBC,332d6debde80d822,"Bella Coola"
QCH,11403ef9900bfc2b,"Colatina"
QCP,1164cd5c3c96e8c9,"Currais Novos"
QCR,52ed6737c3ad473b,"Curitibanos"
QCY,3e7df2abfe0e7d15,"RAF Coningsby"
QDB,52d5efa01c401a7d,"Cachoeira do Sul"
QDJ,18e86b78eb99602c,"Tsletsi"
QDV,53f912b59d762644,"Rolim Adolfo Amaro-Jundiai"
QDY,2e2b97c2219766b0,"Taean"
QGC,53eaee4528a49be4,"Lencois Paulista"
QGF,52e62b06ceb85db4,"Montenegro"
QGP,11654a6810da8d8e,"Garanhuns"
QGU,4ee5816c03a4d288,"Gifu"
QHB,53fa08a1bd8ee33c,"Piracicaba"
QHN,55f994f51d252649,"Taguatinga"
QHR,1f90ba420a69b496,"Harar Meda"
QHU,3e9803c839a2fbc4,"Husum-Schwesing"
QHV,52e62cf710e92bbf,"Novo Hamburgo"
QID,53fd63607a36b539,"Melio Viana"
QIG,106ec01dfbbb4b48,"Iguatu"
QIT,105f00ba23cb523d,"Itapetinga"
QJB,2de19d0af5963306,"Jubail"
QJP,2e2e9a65d1177403,"Pocheon"
QLD,18e7b239709e7830,"Blida"
QLR,16fa3776bf054888,"Monte Real"
QMH,19e299ab002bbdb8,"Oum El Bouaghi"
QMJ,2def4757acc49eab,"Shahid Asiyaee"
QOA,53fe21e3786938a7,"Mococa"
QOW,1996190b12baa380,"Sam Mbakwe"
QPG,28544474e8d2937f,"Paya Lebar"
QPH,1c3ca5e2f3e7f253,"Palapye"
QPS,53fc19df99ff1d8f,"Campo Fontenelle"
QRA,1c3c0b634c45b934,"Rand"
QRF,51c894138104ddf4,"Bragado"
QRM,4d10fcfd607952cc,"Narromine"
QRO,5b6f250d3b5cf269,"Queretaro Intercontinental"
QRR,4d22124f09c1b9e9,"Warren"
QRW,1992148387e050f9,"Warri"
QSC,53fc0fb17dc45fbe,"Mario P Lopes-Sao Carlos"
QSF,18eda9663e25235e,"Ain Arnat"
QSI,1e7d59733bb32635,"Moshi"
QSR,1af357644de4ae6e,"Salerno Costa d'Amalfi"
QSX,59e308ce2dd39283,"New Amsterdam"
QSZ,2e9ff9e7d5510cdb,"Shache"
QUB,1ad30f8b637efd27,"Ubari"
QUG,3f72eb77a6f12438,"Goodwood Aerodrome"
QUO,1989f644696f0aea,"Akwa Ibom"
QUY,3e7ff0c5a569d04e,"RAF Wyton"
RAA,4d7328c9c3af84ae,"Rakanda"
RAB,4d732a6f4270f751,"Tokua"
RAC,5f8a57145b2ee194,"John H Batten"
RAE,1ed6c58b5b30b83f,"Arar Domestic"
RAF,52c297f726473145,"Rafaela"
RAG,481c1d88174e4984,"Raglan Aerodrome"
RAH,1edc970979d7ad60,"Rafha Domestic"
RAI,13aae35e41a7aafd,"Praia"
RAJ,2cb47522f2070c55,"Rajkot"
RAK,16dae668899425b2,"Menara"
RAL,5e34aaa16b1e8ea7,"Riverside Muni"
RAM,2509382361476fdf,"Ramingining"
RAN,19fbe72e24d08c19,"Ravenna"
RAO,53ff119d2330cfa6,"Leite Lopes"
RAP,5f6d26892543d609,"Rapid City Regional"
RAQ,2711e1e15b014b51,"Sugimanuru"
RAR,4435ebe09f5cc8e4,"Rarotonga"
RAS,2eddd479e74ca88f,"Sardar-e-Jangal"
RAV,59b3cce8b5158dc6,"Cravo Norte"
RAW,4c6ac68d3a85c45a,"Arawa"
RAX,4d6e17e67ce1f54b,"Oram"
RAZ,2ea4a50d84dee160,"Rawalakot"
RBA,16ee45e4441f8de5,"Rabat-Sale"
RBB,57d2b25f495f032e,"Borba"
RBC,4d1a949a0ab36055,"Robinvale"
RBD,5e61d4b7e4ac0604,"Dallas Executive"
RBE,2a4acb91b53a2d36,"Ratanakiri"
RBF,5e35c74259e9b19b,"Big Bear City"
RBG,3317148304fdc428,"Roseburg Regional"
RBI,4840c1c2d94eb59d,"Rabi Island"
RBJ,31dc0e1dd79e50c2,"Rebun"
RBK,5e33ba136b965ee4,"French Valley"
RBL,5f3454f3575caa87,"Red Bluff Muni"
RBM,3f9499ec305e57bd,"Straubing"
RBO,54d7669b50a564d7,"Robore"
RBP,4d6909dcce3229e1,"Raba Raba"
RBQ,55c3321ef1e57631,"Rurrenabaque"
RBR,56c1322c0f6749f8,"Rio Branco-Placido Castro"
RBS,4c1a1b82aad9c0a6,"Orbost"
RBT,1e8f755aaca82afd,"Marsabit"
RBU,243023a3f8214e23,"Roebourne"
RBV,4c64627a384a0990,"Ramata"
RBW,5e918eca255384bf,"Lowcountry Regional"
RBX,1d985f69387f7a6e,"Rumbek"
RBY,3359f4bec3eac879,"Ruby"
RCA,5f6d2a734946f7ee,"Ellsworth Air Force Base"
RCB,1d24976474d7ae35,"Richards Bay"
RCE,331eb5638802641a,"Roche Harbor"
RCH,5ab34e1f7f28e3d7,"Almirante Padilla"
RCK,5d6bdc0636062bc4,"H H Coffield Regional"
RCL,4a540c072ea8a2cd,"Redcliffe"
RCM,4e450b6822325f7c,"Richmond"
RCO,3f7ed6da4fbb580a,"Rochefort-Saint-Agnant"
RCQ,52c8f1ec3aec4852,"Reconquista"
RCR,5f869716d5307ed0,"Fulton County"
RCS,3f8108f2fe13d756,"Rochester"
RCT,5f8da134aa5cdb9d,"Nartron"
RCU,51cd1af6f834ff86,"Area De Material"
RCY,5ca8b46e81fdc7ec,"Rum Cay"
RDA,4f485b88f50781eb,"Rockhampton Downs"
RDB,336ebef68eda40e7,"Red Dog"
RDC,56f63d4e7a3b8879,"Redencao"
RDD,3306b45347396ebe,"Redding Muni"
RDE,270b30e18ff77ce2,"Merdei"
RDG,5fa41d80962fe974,"Reading/Carl Spaatz"
RDM,331c0ba6d72212d5,"Roberts"
RDN,2952717070a78cdf,"LTS Pulau Redang"
RDO,3ea99b0da28f21c6,"Radom"
RDP,2c8872f1c1649a77,"Kazi Nazrul Islam"
RDR,370075539f1007cc,"Grand Forks Air Force Base"
RDS,51b238ea4cd407a2,"Rincon De Los Sauces"
RDT,15b121ef81ad1c7e,"Richard Toll"
RDU,5e99c99e6d5cc18e,"Raleigh Durham"
RDV,3350e9ddf084b919,"Red Devil"
RDZ,18f5e93ece58b404,"Rodez-Marcillac"
REA,40497909159ec613,"Reao"
REB,3e997ff4a39b5510,"Rechlin-Larz"
REC,116966954da2a6de,"Recife/Guararapes"
RED,5f95d8870f146fde,"Mifflin County"
REE,5e630a7ed72d5357,"Reese"
REG,1ae6f82b8a80e67d,"Reggio Calabria"
REI,58ede8c5ed0e2d62,"Regina"
REL,6b0775cdae1ee525,"Almirante Marco Andres Zar"
REN,3bdfcb9e96447c2d,"Orenburg Central"
REO,340197d72818d6d1,"Rome State"
REP,2a595bf81bccdad0,"Siem Reap"
REQ,2dc797e0e604b0d7,"Reko Diq"
RER,5a7da1cae5f91ba9,"Retalhuleu"
RES,52dc2fbe7dcdaeaf,"Resistencia"
RET,3c84e09a7c3a8b21,"Rost"
REU,18f26ca87cc566a3,"Reus"
REW,2c9a9a28bce507be,"Rewa Chorhata"
REX,5c6e8fa2ff4cbcaa,"Lucio Blanco"
REY,55c3389e1b950233,"Reyes"
REZ,103abb20f3fd1cfa,"Resende"
RFA,1c89f2a53135dd8e,"Rafai"
RFD,5f892212e4b93da0,"Chicago Rockford"
RFG,5d65b5ab72283e05,"Rooke"
RFN,3c66c1014a3c97e8,"Raufarhofn"
RFP,424dc234b59402f4,"Raiatea"
RFR,5a9023fd78214a4d,"Rio Frio/Progreso"
RFS,5a9b122e05821d30,"Rosita"
RGA,6a18ca9e08c5a06c,"Gobernador Ramon Trejo Noel"
RGH,2c8c3d731ea6db34,"Balurghat"
RGI,425216974dc2af96,"Rangiroa"
RGK,38e8f2b11353fd66,"Gorno-Altaysk"
RGL,6a176e6056ad16ad,"Piloto Civil N. Fernandez"
RGN,2b64d572c26c587e,"Yangon"
RGO,32e982c5f0a3ee17,"Orang/Chongjin"
RGR,5e608aec5037222c,"Ranger Muni"
RGS,17f798864b1801a7,"Burgos"
RGT,275e9e544677fe96,"Japura"
RHA,3c663063b370ded3,"Reykholar"
RHD,52cc4d1de3996098,"Termas de Rio Hondo"
RHG,1d79b747dd7152be,"Ruhengeri"
RHI,380102fed73b519e,"Rhinelander Oneida County"
RHL,232acc71ac3f6d5e,"Roy Hill Station"
RHN,1a2dbec8ed6ee0be,"Skorpion Mine"
RHO,1ce4acf07c2590c2,"Diagoras"
RHP,2d82bd09e067437c,"Ramechhap"
RHT,2f6230d2b46ddc0d,"Alxa Right B Badanjilin"
RHV,5e3d34efde2c0165,"Reid-Hillview/Santa Clara"
RIA,52d6db4c18c45dfe,"Santa Maria"
RIB,55cd8a4eacca10d3," Av. Selin Zeitun Lopez"
RIC,5e9dfb9e978cf1ab,"Richmond"
RIE,370c009e34c133d1,"Rice Lake Regional"
RIG,52d0e5400c5280c4,"Rio Grande Regional"
RIH,599ae3b2526eaa18,"Scarlett Martinez"
RIJ,56ac8f0d1c690d84,"Juan Simons Vela"
RIL,5f525b5eebefe5ae,"Garfield County Regional"
RIM,56ab6feaffb74a76,"San Nicolas"
RIN,4c65699d4faaa0d6,"Ringi Cove"
RIS,31dc05299c06325d,"Rishiri"
RIV,5e34b702619d822d,"March Air Reserve Base"
RIW,5f5b52f8eb216996,"Central Wyoming Regional"
RIX,3daa8b52356d7034,"Riga"
RIY,2afd28182ea45646,"Riyan Mukalla"
RIZ,2e3876973efe3190,"Rizhao Shanzihe"
RJA,2b948eab65d1db88,"Rajahmundry"
RJB,2d80953dd5adc44d,"Rajbiraj"
RJH,2c8a37f8b568f205,"Shah Mokhdum"
RJI,2ea381ff29f1b322,"Rajouri"
RJK,3fab0d24f9aba8e9,"Rijeka"
RJL,17fa99c21ab69405,"Logrono-Agoncillo"
RJM,270e9acc923b7870,"Marinda"
RJN,2dda7d6dfebbfcf4,"Rafsanjan"
RKA,414df1f18a9a6b6d,"Aratika Nord"
RKD,3a0e681e5d39ff75,"Knox County Regional"
RKE,3e94579a9a0d57da,"Copenhagen Roskilde"
RKH,5e977514a5d59962,"Rock Hill/York County"
RKI,275de034dd708ba0,"Rokot"
RKO,27691689230f7972,"Rokot"
RKP,5d64cc672e3df852,"Aransas County"
RKS,5f573ba76a3579cb,"Southwest Wyoming Regional"
RKT,2cddbd84930980d5,"Ras Al Khaimah"
RKU,4e624a6eff5f9a1f,"Kairuku"
RKV,3c692a5939a10b52,"Reykjavik"
RKW,5e89db9b8bf1a325,"Rockwood Muni"
RKY,4e5a5c982bae1997,"Rokeby"
RKZ,2d8814e7647fe399,"Xigaze Peace/Shigatse"
RLA,5e7ebd7287c10483,"Rolla Downtown"
RLG,3e986ac05e4362f0,"Rostock-Laage"
RLK,2f5662303b10e54c,"Bayannur Tianjitai"
RLO,51cf0842653a1c9a,"Valle Del Conlara"
RLP,4e437e2518a2eecd,"Rosella Plains"
RLT,19b59ffc48c0a4c2,"Arlit"
RMA,4d24f08f966a0e57,"Roma"
RMB,2cd9cee9b11ff0c5,"Buraimi"
RMD,2b99fb905ff1f7f6,"Basanth Nagar"
RME,5fab185d54362c4d,"Griffiss"
RMF,1dccdda4aa049cbc,"Marsa Alam"
RMG,5e85caac4b430a8c,"Richard B Russell"
RMI,19fcd853abb2e7c2,"Federico Fellini"
RMK,4d1fa1b5afdebd67,"Renmark"
RML,2995f59c04f930f2,"Colombo Ratmalana"
RMN,4f60da88697e2df3,"Rumginae"
RMP,335ea86ed0f8c0b6,"Rampart"
RMQ,2c29bfda80f62704,"Taichung/Ching Chuang Kang"
RMS,3f85f2a10bfc368f,"Ramstein"
RMT,4333a9b292a11d89,"Rimatara"
RMU,17ede27fd47d4705,"Region de Murcia"
RMY,5e3d7cf20566c40f,"Mariposa Yosemite"
RMZ,3ad398730dc44c79,"Remezov"
RNA,4b67123e374fd794,"Ulawa"
RNB,3e91a69d6ae223a5,"Ronneby"
RNC,5e89a2a9d69745c9,"Warren County Memorial"
RND,5d689c44879343e7,"Randolph Air Force Base"
RNE,3f8d8bceb88ab4ec,"Roanne-Renaison"
RNI,5a955e6e3adf7131,"Corn Island"
RNJ,2d11bdbd6e3dbe1e,"Yoron"
RNL,4b5cc70e9abfa05a,"Rennell/Tingoa"
RNM,2cd1b9cd2bfbc4a6,"Qarn Alam"
RNN,3e94ab8277b1577b,"Bornholm"
RNO,5f32aa7d6e401589,"Reno Tahoe"
RNP,4aa824cdd51b5770,"Rongelap Island"
RNS,3f79c55a2cfa65e9,"Rennes-Saint-Jacques"
RNT,331e882e4850c0ce,"Renton Muni"
RNU,2922fa2a747ed4e9,"Ranau"
RNZ,5f8662bed22830f6,"Jasper County"
ROA,5e9d941be69abd45,"Roanoke-Blacksburg Regional"
ROB,159f3a8167d06722,"Roberts"
ROC,5f9bc449c4b37e02,"F Douglass/Rochester"
ROD,1b13b4becc346077,"Robertson"
ROF,3307d1cb87bf40c8,"Montague-Yreka Rohrer"
ROG,5e7a5e819a6b07c0,"Rogers Muni/Carter"
ROH,4e4557e71c45bac1,"Robinhood"
ROI,2b516f902bc00e4e,"Roi Et"
ROK,4d318f972f855a1d,"Rockhampton"
ROL,5f540982409ec2e1,"Roosevelt Muni"
RON,59b2415080575c4d,"Juan Jose Rondon"
ROO,54ec4a36ebaaeacb,"Maestro Marinho Franco"
ROP,4ea4c108bdf00e1e,"Rota"
ROR,2907200eee99f01d,"Babelthuap"
ROS,51cea2513385f42d,"Rosario Islas Malvinas"
ROT,481902bcf335b75a,"Rotorua Regional"
ROU,3fb59fa4d7071dac,"Ruse"
ROV,3dcee2c3883a7694,"Platov"
ROW,5e529efc639f59f0,"Roswell Air Center"
ROX,370492018cfa2b3e,"Roseau Muni Rudy Billberg"
ROY,6a0a8d9fcaecc99a,"Rio Mayo"
ROZ,16efbe96373d6352,"Rota Naval Station"
RPA,2d9544272f483ac4,"Rolpa"
RPB,2502532ff1e54b12,"Roper Bar"
RPM,250244b8268beb32,"Ngukurr"
RPN,1de8281235093eed,"Rosh Pina"
RPR,2c918045650d7170,"Swami Vivekananda"
RPU,57c0bb306db039c4,"Urucu"
RPV,25016a5e4760bfac,"Roper Valley"
RPX,3508936843142a99,"Roundup"
RQA,2f8146e573908344,"Ruoqiang Loulan"
RQO,5e68b964bbed7866,"El Reno Regional"
RQW,1ee49a526908d0e0,"Qayyarah West"
RRE,4e2964daea2ffe6e,"Marree"
RRG,24c3c27b1875e7ce,"Charles Gaetan Duval"
RRJ,103d97b155a58752,"Jacarepagua/Roberto Marinho"
RRK,2c84f22b7693b2de,"Rourkela"
RRL,38000a04412ec531,"Merrill Muni"
RRM,1e447f7421a59d82,"Marromeu"
RRR,4145ef4d3014b9c9,"Raroia"
RRS,3d92027bbf790bdf,"Roros"
RRT,37049e20a27ca7e5,"Warroad Memorial"
RRV,4f46c63cf76cbb67,"Robinson River"
RSA,51b4f931cc8e77fa,"Santa Rosa"
RSB,4e391a9d1fcc0ec9,"Roseberth"
RSD,5cab7c477e0470f2,"Rock Sound"
RSH,326e477c0a8e338a,"Russian Mission"
RSK,270b14ed67154ba8,"Abresso"
RSL,5f61a254a46ca812,"Russell Muni"
RSN,5e709d15796b9737,"Ruston Regional"
RSS,1ea34fbbc1b75dbb,"Damazin"
RST,5f7da149b5091b06,"Rochester"
RSU,2e265f13e864bbb1,"Yeosu"
RSW,5d9077401261d0d8,"Southwest Florida"
RTA,48599018fb51b6d2,"Rotuma"
RTB,5b82a88ba3b73742,"Juan Manuel Galvez"
RTC,2bb41ab408493b26,"Ratnagiri"
RTE,53f8231382020eac,"Campo de Marte"
RTG,2625513e4e1e66a7,"Frans Sales Lega"
RTI,251ee6e6db7ef1da,"David Constantijn Saudale"
RTL,5f7b4e28d2f72fba,"Spirit Lake Muni"
RTM,3e8f8aaeab852013,"Rotterdam The Hague"
RTN,5e5bbd9262a5aef8,"Raton Muni/Crews"
RTP,4e4bfb7ec59848b9,"Rutland Plains"
RTS,2230d8b41cee119f,"Rottnest Island"
RTY,4e259adf79bef296,"Merty Merty"
RUA,1d8c9d9d0160bd57,"Arua"
RUD,2edb3084622f2733,"Shahrud"
RUE,1d88095fd9f1fd0a,"Rughenda"
RUG,2e3022267e4dd881,"Rugao"
RUH,2cfb0fb50f735f7c,"King Khaled"
RUI,5e5375788ed9b53f,"Sierra Blanca Regional"
RUK,2d965497d61d4cea,"Rukum Chaurjahari"
RUL,28b1305ff83bb2b2,"Maavaarulaa"
RUM,2d8299b71d70de4f,"Rumjatar"
RUN,23dffdd43a67fa49,"Roland Garros"
RUP,2c8f054325e52a7a,"Rupsi"
RUR,423fbb5a03b652a5,"Rurutu"
RUS,4b6a19362e8a23d0,"Marau"
RUT,5fac639ba29a4826,"Rutland/Southern Vermont"
RUU,4e69f44a86acb19b,"Ruti"
RUV,5b71e9a050d97500,"Rubelsanto"
RUY,5a8e340c7e94afbc,"Copan Ruinas"
RVA,23fa032c8c03d694,"Farafangana"
RVC,16911f2e57b09153,"River Cess and"
RVD,54e8ce95d085470a,"Leite de Castro"
RVE,59b57cf450607738,"Los Colonizadores"
RVK,3c8beefe51c8f2c1,"Rorvik Ryum"
RVN,3c91f28abc9e0a30,"Rovaniemi"
RVO,1c21cdb1907d2a4a,"Reivilo"
RVR,5f41f53c45cf2b60,"Green River Muni"
RVS,5e7a00b83fd0a389,"Richard Lloyd Jones Jr"
RVT,213b4c2674f93e6b,"Ravensthorpe"
RVV,4237751ddaac29e4,"Raivavae"
RVY,52d3841bea495c47,"Don Oscar Gestido"
RWF,5f7e488c8dd3a2c8,"Redwood Falls Muni"
RWI,5e99e9d087407150,"Rocky Mount Wilson Regional"
RWL,5f5873f7aff2c9a9,"Rawlins Muni /Harvey"
RWN,3eb728db10c20dda,"Rivne"
RXE,340f6557f4d57f72,"Rexburg Madison County"
RXS,2a240208aaaf07e2,"Roxas"
RYB,3cbacc64433a882f,"Staroselye"
RYG,3d9b105669e11559,"Moss Rygge"
RYK,2db559db1186751b,"Shaikh Zaid"
RYL,1d45f533e198cfcf,"Royal Zambezi Lodge"
RYN,3f7fd0d173cced26,"Royan-Medis"
RYO,6a124789004497ce,"28 de Noviembre"
RZA,6a1a3a45aed573d7,"Santa Cruz"
RZE,3eacb0bc242f9a8b,"Rzeszow-Jasionka"
RZH,32d3fccaddf0d3b1,"Preobrazheniye"
RZN,3dc03f912d8d8581,"Turlatovo"
RZP,2a22877917244fd2,"Taytay-Sandoval"
RZR,2edcb3edc0f669a8,"Ramsar"
RZS,2db1aa358d0dcc4f,"Sawan"
RZV,3ed7955bf0f73285,"Rize-Artvin"
SAA,5f57859dc3895e08,"Shively"
SAB,5bc6d8c95582990d,"Juancho E. Yrausquin"
SAC,5f3054d106aa6127,"Sacramento Executive"
SAD,5e41cbcdd839217e,"Safford Regional"
SAF,5e587f2308429d8a,"Santa Fe Muni"
SAG,2bacdae0f23d07ac,"Shirdi"
SAH,1fb90b090e62ff2b,"Sana'a"
SAK,3c6667eef2a14971,"Sauoarkrokur"
SAL,5a892cef66dc43af,"Oscar Arnulfo Romero"
SAM,4d6711c9ad90d912,"Salamo"
SAN,5e31a64b85d604d6,"San Diego"
SAP,5a8f6e5e29c9995a,"Ramon Villeda Morales"
SAQ,5cac13fcf199371c,"San Andros"
SAR,5e8f05baf3fd0a43,"Sparta Community/Hunter"
SAS,5e32dc93c0961daa,"Salton Sea"
SAT,5d688cc73492e73e,"San Antonio"
SAU,252f2400e0e76e4a,"Sabu-Tardanu"
SAV,5d9f7c7ed0da727a,"Savannah Hilton Head"
SAW,1cf3621b0e247792,"Istanbul Sabiha Gokcen"
SAX,59a941ab1c1285c2,"Sambu"
SAY,19f9bc9fae4f5fef,"Siena-Ampugnano"
SAZ,1685e8a8dc701a82,"Sasstown"
SBA,5e355d8ebb7ef8af,"Santa Barbara Muni"
SBB,59b896eb706a5070,"Santa Barbara de Barinas"
SBC,4e6ff95676dbff12,"Selbang"
SBD,5e35b04109e0a048,"San Bernardino"
SBE,4e6ec2e213035be0,"Suabi"
SBF,2eb27f3961d5f0f4,"Sardeh Band"
SBG,2962f637df979359,"Maimun Saleh"
SBH,5bc7e4afbd261783,"St Barthelemy/Remy Haenen"
SBI,15a7722784decd5a,"Sambailo"
SBJ,1142613afcc3ef82,"Sao Mateus/Ernesto Bonomo"
SBK,3f78a2082d75b96e,"Saint-Brieuc-Armor"
SBL,55c59315fa15d0ec,"Santa Ana Del Yacuma"
SBM,5f8c4ce8a9dbde30,"Sheboygan County Memorial"
SBN,5f878fbd44db9999,"South Bend Regional"
SBO,5f41b887d26bcde9,"Salina Gunnison"
SBP,5e374f7991e09722,"San Luis County Regional"
SBQ,2db8be71634e88fc,"Sibi"
SBR,4e6c26bf2412829c,"Saibai Island"
SBS,5f5572f45ec7cc52,"Steamboat Springs Bob Adams"
SBT,39b271c17422a47a,"Sabetta"
SBU,1b2068c4b8f82482,"Springbok"
SBV,4c6ce081644cb8ec,"Sabah"
SBW,2837c1488cff6522,"Sibu"
SBX,3513025fb76a9231,"Shelby"
SBY,5eaf3d93daefa451,"Salisbury Ocean City"
SBZ,3fb33ab24521dc6b,"Sibiu"
SCB,5f770c5135c8729a,"Scribner State"
SCC,345bf6b9bc023831,"Deadhorse"
SCD,5a8e8456ba5c1ff2,"Sulaco"
SCE,5f95cfe17894eb34,"University Park"
SCF,5e437ca42bb43a9f,"Scottsdale"
SCG,4e43687ffb19a9f3,"Spring Creek"
SCH,5faa4adb97b8cfbd,"Schenectady County"
SCI,59b866d82a86b8a2,"Paramillo"
SCK,5e3e5bb7b92e7b60,"Stockton Metropolitan"
SCL,51bc1dd664df7228,"Arturo Merino Benitez"
SCM,326cad98aadaa4e1,"Scammon Bay"
SCN,3f85ecb91b3c00d0,"Saarbrucken"
SCO,3de253ee402bdaf1,"Aktau"
SCP,18feede6655b5bcf,"Mont-Dauphin/St-Crepin"
SCQ,16fca8c8560a6494,"Santiago-Rosalia de Castro"
SCR,3d9539832ea04504,"Scandinavian Mountains"
SCT,2ae785147ccede6c,"Socotra"
SCU,5bad97a5a0c82a99,"Antonio Maceo"
SCV,3ebd6948b212f31e,"Suceava Stefan cel Mare"
SCW,3bc63900245e3bcf,"Syktyvkar"
SCX,5b72033abe612db9,"Salina Cruz Air Station"
SCY,578d12345fb2a5f5,"San Cristobal"
SCZ,4a5bea87bdd1d7a0,"Santa Cruz/Graciosa"
SDB,1a1fd6fd5511efd2,"Langebaanweg"
SDC,58d9b6b19e32c991,"Sand Creek"
SDD,1a5911a2bc525401,"Lubango"
SDE,52cc518c9e9e9a13,"Angel La Paz Aragones"
SDF,5e8fa69ab297b709,"Louisville Muhammad Ali"
SDG,2ee75f0f70f2758b,"Sanandaj"
SDI,4e63e858e74ffaa7,"Saidor"
SDJ,31d193f4c1c33f7d,"Sendai"
SDK,2922b74ccb1f87cb,"Sandakan"
SDL,3d909126a966aede,"Sundsvall-Harnosand"
SDN,3d85962a3a20f221,"Sandane Anda"
SDP,315ed771f239ae4f,"Sand Point"
SDQ,5bb8beb25232cc24,"Las Americas"
SDR,17f7b3f6fb2728a4,"Seve Ballesteros-Santander"
SDS,31d5e1df78d15014,"Sado"
SDT,2ea6de206efec888,"Saidu Sharif"
SDU,103d9de2e809d8d5,"Santos Dumont"
SDW,2bb119569379d51a,"Sindhudurg"
SDX,5e468fb8d2599f7f,"Sedona"
SDY,360290759f0fc46b,"Sidney/Richland Regional"
SEA,331e8524a7141e89,"Seattle-Tacoma"
SEB,1ad815b9868deee6,"Sabha"
SEE,5e31aad9fd4835f5,"Gillespie"
SEF,5d938035760dcc74,"Sebring Regional"
SEG,5f95fe3085aa9276,"Penn Valley"
SEH,4f725432475852f3,"Senggeh"
SEK,3491e7d8b01dbec1,"Srednekolymsk"
SEM,5e808601da294af9,"Craig"
SEN,3f801f57f75c1100,"Southend"
SEO,169b84e17535a5f5,"Seguela"
SEP,5e60a029c84a03d8,"Stephenville Clark Regional"
SEQ,285494fc183a15bf,"Sungai Pakning Bengkalis"
SER,5f81a4154101ff73,"Freeman Muni"
SET,11606dc48a6d3e55,"Santa Magalhaes"
SEU,1e7784459fdeaeb2,"Seronera"
SEV,3dcda66cdfb9e79a,"Sievierodonetsk"
SEW,1cd4804d3f136c62,"Siwa Oasis North"
SEY,15abf01ba0c95302,"Selibaby"
SEZ,27e165283f06e857,"Seychelles"
SFA,19eb6aa9192f8eed,"Sfax Thyna"
SFB,5d968b3245d3ccae,"Orlando Sanford"
SFC,5bd2359d8a75bb45,"St-Francois"
SFD,59c84ac99effbbc8,"San Fernando De Apure"
SFE,2b238662b87657c7,"San Fernando"
SFF,34173d5b4c89f6bf,"Felts"
SFG,5bc7ee059ef133b9,"Grand Case-Esperance"
SFH,5d3ce9b5b2da0f23,"San Felipe"
SFJ,3a4d80f578100d18,"Kangerlussuaq"
SFK,57fd7cef431f4a05,"Soure"
SFL,13a7e7395a932a86,"Sao Filipe"
SFM,5fabbe9b8b51635c,"Sanford Seacoast Regional"
SFN,52c1b43fc3ea1139,"Sauce Viejo"
SFO,5e3e30078a601cc4,"San Francisco"
SFS,2a2d7ebecc8f34e1,"Subic Bay/Station Cubi"
SFT,3c98cc08c2f640b2,"Skelleftea"
SFU,4d6c2e0a75ab3a0c,"Safia"
SFX,59d92e45408aff6e,"Macagua"
SFZ,5fa8a7ed25cf915b,"North Central State"
SGA,2eaddba9af0d16de,"Sheghnan"
SGC,39d83e9cfe1a6bff,"Surgut"
SGD,3e961dce06f8418a,"Sonderborg"
SGE,3f910f23ebebb4f2,"Siegerland"
SGF,5e7d71775ef706ef,"Springfield Branson"
SGH,5f83e8f247aba602,"Springfield-Beckley Muni"
SGI,2dafd9c7df5688b0,"Mushaf"
SGK,4e69f2e7f61fb357,"Sengapi"
SGL,2a2d50f6312af6f2,"Danilo Atienza"
SGM,5d42193378f36bfd,"San Ignacio"
SGN,2a41dc029592ac56,"Tan Son Nhat"
SGO,4d23b55e296dbb09,"St George"
SGP,2421a3c30105747e,"Shay Gap"
SGQ,2821c345b4cd35d2,"Sanggata/Sangkimah"
SGR,5d790075608beb8d,"Sugar Land Regional"
SGT,5e76b5e25042b41e,"Stuttgart/Carl Humphrey"
SGU,5e4c693076bd49d7,"St George Regional"
SGV,50b884a979b01b6e,"Sierra Grande"
SGX,1e57e8a79a1a8b28,"Songea"
SGY,333ee4f5fe1c6bde,"Skagway"
SGZ,2956e7eff64bd538,"Songkhla"
SHA,2d2df45e59950f94,"Shanghai Hongqiao"
SHB,31c4b489897de5d1,"Nakashibetsu"
SHC,1eacbcbdfc70e6c1,"Shire Inda Selassie"
SHD,5e9fba7316767143,"Shenandoah Valley Regional"
SHE,33f51225a461b6cc,"Shenyang Taoxian"
SHF,2f8d9d5c209247ff,"Shihezi Huayuan"
SHG,336e424436b048a3,"Shungnak"
SHH,3368ed55f9bc1b5e,"Shishmaref"
SHI,2c2b195602d52a51,"Miyako Shimojishima"
SHJ,2cddc0b4fb4e4dc5,"Sharjah"
SHK,1c2b6ca6e47dedf3,"Sehonghong"
SHL,2c7ea155ca34d89d,"Shillong"
SHM,4eea31d3e6fe3173,"Nanki Shirahama"
SHN,331c88bc73b20bc5,"Sanderson"
SHO,1d350602f5b62c0d,"King Mswati III"
SHQ,4c27bcabd7a90ad1,"Southport"
SHR,350a45a8d0bc9067,"Sheridan County"
SHS,2d4a4d3a666fe555,"Jingzhou Shashi"
SHT,4d124efb97dfc98f,"Shepparton"
SHU,250d84c510af42c6,"Smith Point"
SHV,5e705ac79e8f5d96,"Shreveport Regional"
SHW,2bf650900bebd515,"Sharurah Domestic"
SHX,33612cd3b92bbfa2,"Shageluk"
SHY,1e734ba9ee6d99f2,"Shinyanga"
SHZ,1c2b79f835d915b7,"Seshutes"
SIA,2e45ebfe508e804a,"Xi'an Xiguan"
SIB,1a794b7634154223,"Sibiti"
SIC,59a91df728657946,"San Jose Island"
SID,13bc35df254bed39,"Amilcar Cabral"
SIF,2d82e311c3ec53ce,"Simara"
SIG,5bc85f96ec31b260,"Fernando L Ribas Dominicci"
SIH,2d9880e7bf049991,"Silgadi Doti"
SIJ,3c658a2a3c071ee9,"Siglufjorour"
SIK,5e8c1317bdf9a538,"Sikeston Memorial Muni"
SIL,4d6d3ba53947a343,"Sila"
SIM,4e68f97042afc4c8,"Simbai"
SIN,2854433cc7ea3220,"Singapore Changi"
SIO,60cfe59fd9b7d06f,"Smithton"
SIP,3eca76b84699ad3f,"Simferopol"
SIQ,275e276ff2be47b8,"Dabo"
SIR,3f9c0a087d68aa86,"Sion"
SIS,1b2ecb7d098c25fe,"Sishen"
SIT,3339a97acbf2dad1,"Sitka Rocky Gutierrez"
SIU,5a9a0a0f20c2ac89,"Siuna"
SIV,5f816b4d533d47e6,"Sullivan County"
SIW,286835edbee4566e,"Sibisa"
SIX,4c19eae0f3213e7f,"Singleton"
SIZ,4e7f629f7cb5233e,"Sissano"
SJA,55a0c5cbd1450625,"San Juan de Marcona"
SJB,55c7b670e510ad6f,"San Joaquin"
SJC,5e3d36b289642b75,"Norman Y. Mineta San Jose"
SJD,5c467cc7aa63bec3,"de Los Cabos"
SJE,58b851f851e166c1,"Jorge E. Gonzalez Torres"
SJH,5ab139f94461fe90,"San Juan Del Cesar"
SJI,2a2648c06df586cf,"San Jose"
SJJ,3fac953e48b8339b,"Sarajevo"
SJK,53f930f264a82bee,"Urbano Ernesto Stumpf"
SJL,57cf68c951f95477,"Sao Gabriel da Cachoeira"
SJN,5e46e16c7b5cd831,"St Johns Industrial Park"
SJO,599f13f6d0c2790d,"Juan Santamaria"
SJP,54e0e03b0999588b,"Eribelto Manoel Reino"
SJQ,1c4791fc8e5db2d9,"Sesheke"
SJR,59ab96a8beaff9e4,"San Juan De Uraba"
SJS,54d84e4851a6f146,"San Jose De Chiquitos"
SJT,5d6d3bcda03a967a,"San Angelo Regional Mathis"
SJU,5bc85ee93072046e,"Luis Munoz Marin"
SJV,54dd0958c44f29b3,"San Javier"
SJW,2e4f4a7e93f4d2b8,"Shijiazhuang Zhengding"
SJX,5b885a99b96ce06d,"Sartaneja"
SJY,3cac0f62545042a6,"Seinajoki"
SJZ,13fd01a62539e5a0,"Sao Jorge"
SKA,3417328740ea6ad1,"Fairchild Air Base"
SKB,5bc5f8482e7a7ce3,"Robert L. Bradshaw"
SKC,4e6f60dc338c7968,"Suki"
SKD,2fb3629baf71934d,"Samarkand"
SKE,3d8bfe74cdfdf550,"Skien"
SKF,5d68856ddd62a8e1,"Lackland Air Base"
SKG,1bf55d2a7e5ce276,"Thessaloniki Macedonia"
SKH,2d96722a8620da0f,"Surkhet"
SKK,336567a6970dade0,"Shaktoolik"
SKL,3e716e0023833816,"Broadford"
SKM,59e215bb0f590b0c,"Skeldon"
SKN,3c901338fa6bab3b,"Stokmarknes Skagen"
SKO,19a0803449583f6d,"Sadiq Abubakar III"
SKP,1bf18b9e6d1771d1,"Skopje"
SKQ,1c2a59d56eec2cb5,"Sekakes"
SKR,1f9114de56a7a316,"Shakiso"
SKS,3e9605be4b013665,"Skrydstrup"
SKT,2ea09e3469288a14,"Sialkot"
SKU,1bfa176d08c18d00,"Skiros"
SKV,1dd9617505861bcc,"Saint Catherine"
SKW,335560cf900ce3f6,"Skwentna"
SKX,3ccbb09fed983c91,"Saransk"
SKZ,2db3ac03da4547e8,"Sukkur"
SLA,53c44534ba123aef,"Martin Miguel De Guemes"
SLB,5f7a31c2af5bd9ad,"Storm Lake Muni"
SLC,5f45cc8adee226ab,"Salt Lake City"
SLD,3fa17750b568c5ad,"Sliac"
SLE,33194f2001411d5d,"Salem Muni /McNary"
SLF,2bfe6ebb61aae017,"As-Sulayyil"
SLG,5e7a468c9456e9dc,"Smith"
SLH,4a554fe1fa5a9455,"Sola"
SLI,1c5ea91a2a11a82c,"Solwesi"
SLJ,233b1da4992ccc6f,"Solomon"
SLK,3a033513dd20f9db,"Adirondack Regional"
SLL,2be45b970cd67788,"Salalah"
SLM,17f26d3a0994a2c8,"Salamanca"
SLN,5f60df2193c49689,"Salina Muni"
SLO,5f8029930b2318ce,"Salem-Leckrone"
SLP,5c640239324648a3,"Ponciano Arriaga"
SLQ,3350e78f613b7b7b,"Sleetmute"
SLR,5e72182c039f8254,"Sulphur Springs Muni"
SLT,5f5085c104f000b5,"Salida/Harriet Alexander"
SLU,5adb59332cac2a4e,"George F. L. Charles"
SLV,2dac2fce16b4c76b,"Shimla"
SLW,5c6d0af4ff51df29,"Plan De Guadalupe"
SLX,5cb1676833284a19,"Salt Cay"
SLY,39cc2b6610d468ee,"Salekhard"
SLZ,10717de937e4b84c,"Marechal Cunha Machado"
SMA,14e2c5666e6bb8bb,"Santa Maria"
SMB,6a169d08368d6ef0,"Franco Bianco"
SMD,5f86ba85d5454c17,"Smith"
SME,5e8cd99b66a81a35,"Lake Cumberland Regional"
SMF,5f305bc4b973f46e,"Sacramento"
SMH,4e62c8fa893516e6,"Sapmanga"
SMI,1ce0ef3f5a210780,"Samos"
SMJ,4e617eb4faf35ae0,"Sim"
SMK,33627b01bab54f66,"St Michael"
SML,5ca8a032bc1cdda6,"Stella Maris"
SMM,282d9fa36af0c258,"Semporna"
SMN,340ca1de169c0491,"Lemhi County"
SMO,5e348c5cea554f22,"Santa Monica Muni"
SMP,4d752f5dcb71c356,"Stockholm Strip"
SMQ,273892688fb1ce5d,"Sampit/Hasan"
SMR,5ab20a4f8e3598d2,"Simon Bolivar"
SMS,24ebf1bd4ec9d4c2,"Sainte Marie"
SMT,55e932b2379fad93,"Adolino Bedin Regional"
SMU,335718d0356c46bf,"Sheep Mountain"
SMV,3f9b517c3d870d35,"Samedan"
SMW,15df03f7d0723bc2,"Smara"
SMX,5e37419945561165,"Santa Maria/Allan Hancock"
SMY,15a7869eacf8b7c8,"Simenti"
SMZ,58ed9a038843ea13,"Stoelmanseiland"
SNA,5e339e78058eda9b,"John Wayne Orange County"
SNB,250cc66522b1a544,"Snake Bay"
SNC,5799c1544fc3e266,"General Ulpiano Paez"
SNE,13b8395dd2230476,"Preguica"
SNF,5ac00187d8fa697d,"Sub Teniente Nestor Arias"
SNG,54dd445160cde14c,"Av. Juan Cochamanidis S."
SNH,4c2a9cb1d8857fc4,"Stanthorpe"
SNI,1683f9c755a18fcd,"Greenville/Sinoe"
SNJ,5c931b17702021a4,"San Julian"
SNK,5e61340d16ebc60e,"Winston"
SNL,5e68e418de3f6cc1,"Shawnee Regional"
SNM,55c1882be747f0cc,"San Ignacio de Moxos"
SNN,3e6cede28afbe098,"Shannon"
SNO,2b5552cfacb22a38,"Sakon Nakhon"
SNP,316efd4101f423cf,"St Paul Island"
SNQ,5d3bb7ae9c4ac6ef,"San Quintin Military"
SNR,3f7bb157d82f159f,"Saint-Nazaire-Montoir"
SNS,5e3b39be8e1569ce,"Salinas Muni"
SNT,59b721fbaa0939e7,"Las Cruces"
SNU,5c94dd3ab76ad460,"Abel Santamaria"
SNV,58de74172baba39f,"Santa Elena de Uairen"
SNW,2b783f19ec0f20f9,"Thandwe"
SNX,2ed87ec246d967da,"Semnan Muni"
SNY,5f66184b2bd13e1b,"Sidney Muni-Lloyd W Carr"
SNZ,103c9adae07077c4,"Santa Cruz Air Force Base"
SOA,294deeee9d3a8124,"Soc Trang"
SOB,3fa741c2490bb38b,"Heviz-Balaton"
SOC,2648076a35ca4694,"Adisumarmo"
SOD,53f8044af09c3c12,"Sorocaba"
SOE,1a8c627bcf481ab0,"Souanke"
SOF,1bf5a045ee93f15a,"Sofia"
SOG,3d87a1e98445af7b,"Sogndal Haukasen"
SOH,58b98796cb7e6d2d,"Solita"
SOJ,3b9a6c801935149c,"Sorkjosen"
SOK,1c296f6b2fdf1ca0,"Semonkong"
SOL,3364ba0e9009f2fb,"Solomon State"
SOM,59cbdff6a43d0103,"San Tome"
SON,4a46f9ea9a144ae0,"Santo Pekoa"
SOO,3d9399be83f1fd1d,"Soderhamn"
SOP,5e97bf499130c713,"Moore County"
SOQ,270d83912c7c7ad0,"Domine Eduard Osok"
SOR,1ee058c763b2a3b6,"Al Thaurah"
SOT,3b9ef85faaba1729,"Sodankyla"
SOU,3f72d7489bd00c73,"Southampton"
SOV,325e482f89249a04,"Seldovia"
SOW,5e45c7b354142275,"Show Low Regional"
SOX,59b14cc92a4bcaf8,"Alberto Lleras Camargo"
SOY,3d7db2bc32ca6f7b,"Stronsay"
SOZ,19f68173fc22e55c,"Solenzara"
SPA,5e9742d4190c6453,"Spartanburg Downtown"
SPC,14df674861b78763,"La Palma"
SPD,2c8e331db9a9c281,"Saidpur"
SPE,282efd96842869bb,"Sepulot"
SPF,360122206b576fc6,"Black Hills/Clyde Ice"
SPG,5d934e9255cad973,"Albert Whitted"
SPH,4e616202761928e3,"Sopu"
SPI,5f8308c48f882411,"Abraham Lincoln Capital"
SPJ,1be7c8698a56cb49,"Sparti"
SPM,3f84d195f75b2e37,"Spangdahlem"
SPN,4ea2e7e3b26662c8,"Saipan"
SPP,1b552573a5fef6be,"Menongue"
SPR,5b876517a72f82ea,"John Greif II"
SPS,5e649bcaa81da762,"Sheppard Base/Wichita Falls"
SPT,283f2e3ea7ca5969,"Sipitang"
SPU,1af4cf41130fb9d0,"Split"
SPV,4e7a3fdd3e86ab00,"Sepik Plains"
SPW,5f7b36f5d133f865,"Spencer Muni"
SPX,1dd0a857935b3bf4,"Sphinx"
SPY,168be1e21e73ec72,"San Pedro"
SPZ,5e7a5671add3ff0d,"Springdale Muni"
SQA,5e365527c5154613,"Santa Ynez"
SQB,58adeda15fca6eaa,"Santa Ana"
SQC,223239f4a6b6ef63,"Southern Cross"
SQD,2d35593843bf44ca,"Shangrao Sanqingshan"
SQE,59b08e9c62f1c4f5,"San Luis De Palenque"
SQF,58a2e3135f96ff50,"Solano"
SQG,2830d3b3b69a0b10,"Sintang"
SQH,2c51710fba953fa9,"Na San"
SQI,5f8801c154522409,"Whiteside/Joseph Bittorf"
SQJ,2d3042306b166663,"Sanming Shaxian"
SQK,1cd3e802b9a208eb,"Sidi EL Barrani"
SQL,5e3d3c320f3aea58,"San Carlos"
SQM,55f608c6ba742226,"Sao Miguel do Araguaia"
SQN,271956c913cf2991,"Emalamo Sanana"
SQO,3c997664a2f7b828,"Storuman"
SQQ,3dad8976d3217a7d,"Siauliai"
SQR,272810ef54822aeb,"Soroako"
SQS,5b8522f8dd57e3df,"Matthew Spain"
SQT,4d57f20176e190bb,"China Strait"
SQU,56aa9325290dfc4c,"Saposoa"
SQV,331da97424b54277,"Sequim Valley"
SQW,3e82fff6bd168af8,"Skive"
SQX,52ee0d3ee8c8c8be,"Sao Miguel do Oeste"
SQY,52d2f331ebb729f6,"Sao Lourenco do Sul"
SQZ,3e7ce9ff49992295,"RAF Scampton"
SRA,52dbcbf8b572ae44,"Luis Alberto Lehr"
SRB,55c45438c4ae281a,"Santa Rosa De Yacuma"
SRD,55c6bb9b61f4491d,"San Ramon"
SRE,54c47adff55cad4d,"Alcantari"
SRG,264a127c0df7e75e,"Achmad Yani"
SRH,1b98c59845413efe,"Sarh"
SRJ,55c15d2e1a7497fc,"Av. German Quiroga G."
SRL,5d42304192a1d173,"Palo Verde"
SRM,4e3c6692ebf44014,"Sandringham"
SRN,61c1c5a9480495e6,"Strahan"
SRO,58a6ef04dacf8147,"Santana Ramos"
SRP,3d8b828355359901,"Stord Sorstokken"
SRQ,5d924dd9bb7ea96f,"Sarasota Bradenton"
SRR,4c27cecad374acb4,"Dunwich"
SRS,59abd2db9c8306a7,"San Marcos"
SRT,1e845360ca0bd34a,"Soroti"
SRV,3351d1d02cf10517,"Stony River 2"
SRW,5e99804689838a1e,"Mid-Carolina Regional"
SRX,1adcc5fd1737f68b,"Sirt/Ghardabiya"
SRY,2edb7932b9c0e297,"Sari Dasht-e Naz"
SRZ,54c8dfd64a35a34e,"El Trompillo"
SSA,115278dd1c2e9344,"Luiz Eduardo Magalhaes"
SSC,5e948aef7d53b9a8,"Shaw Air Force Base"
SSE,2ba697fc34a837d9,"Solapur"
SSF,5d6883bc7c71c112,"Stinson Muni"
SSG,198bb5c96ea65fee,"Malabo"
SSH,1dda4770989d318f,"Sharm El Sheikh"
SSI,5d9d723ebc2b2d1f,"St Simons Island"
SSJ,3c98060a3751a715,"Sandnessjoen Stokka"
SSK,24146e3ceff25c1c,"Sturt Creek"
SSL,59b0b1147ef4df2d,"Santa Rosalia"
SSN,2e2d99171f415c9c,"Seoul"
SSO,53fc6590f7c65e5c,"Sao Lourenco"
SSP,4e584685f157280f,"Silver Plains"
SSQ,3906a6bb6166fc74,"La Sarre"
SSR,4a530d0632741849,"Sara"
SSS,4d6fef7a751fa40d,"Siassi"
SST,51c4faffdb53c6bc,"Santa Teresita"
SSW,331eb597188d59f5,"Stuart Island"
SSX,1d354c74ca2d5ac3,"Singita Safari Lodge"
SSY,1a6cc459c46e8f1d,"Mbanza Congo"
SSZ,53f62f7d0fb38413,"Santos Nero Moura/Guaruja"
STA,3e84eac37947d39f,"Stauning"
STB,59bc706ee16ebc12,"Santa Barbara del Zulia"
STC,37061f1ed62459b2,"Saint Cloud Regional"
STD,59b77a5caa7f29c3,"Mayor Buenaventura Vivas"
STE,5f8e180bfadb0179,"Stevens Point Muni"
STG,316de70365cadc10,"St George"
STH,4e488dc0f09a13a5,"Strathmore"
STI,5bbb8cb9d7417300,"Cibao"
STJ,5f734508f21acdb7,"Rosecrans Memorial"
STK,5f65066019cca30e,"Sterling Muni"
STL,5f70fd166b00060e,"St Louis Lambert"
STM,57e886465c70f49d,"Santarem/Wilson Fonseca"
STN,3f80037253c4e23c,"London Stansted"
STP,5f7f962c27f22b83,"St Paul Downtown Holman"
STQ,5f97b429327c23e6,"St Marys Muni"
STR,3f9636369119bcf7,"Stuttgart"
STS,5f30330eae71c5d7,"Charles M. Schulz Sonoma"
STT,5bc889bba1671a20,"Cyril E. King"
STU,5b8846a9267a59b6,"Santa Cruz"
STV,2cb02d234c586177,"Surat"
STW,3ddf51f7670265d7,"Stavropol Shpakovskoye"
STX,5bc69b7590182fdf,"Henry E Rohlsen"
STY,52d2200b7c0cdd05,"Nueva Hesperides"
STZ,55ff153545ef0e6c,"Santa Terezinha"
SUA,5d92b4613066f75b,"Witham"
SUB,2638ae766b9a3719,"Juanda"
SUD,5e69e6f512054fd0,"Stroud Muni"
SUE,5f8f53c8a2d12e15,"Door County Cherryland"
SUF,1af7183190119240,"Lamezia Terme"
SUG,291e8769e8167ad9,"Surigao"
SUI,3ed47482cdbec72f,"Sukhumi Babushara/Ardzinba"
SUJ,3fa0fa84cbcbf869,"Satu Mare"
SUK,35b346678cd8b805,"Sakkyryr"
SUL,2db68584f25def94,"Sui"
SUM,5e949b2ee993b0a7,"Sumter"
SUN,34097cfe34516083,"Friedman Memorial"
SUO,331b0b5137e0aa3b,"Sunriver"
SUP,263a7032b9b1c1ef,"Trunojoyo"
SUQ,57a853155cd9caf1,"Sucua"
SUR,38121ced56895d83,"Summer Beaver"
SUS,5f70e96f3b279399,"Spirit of St Louis"
SUT,1d6d7f2a19856a79,"Sumbawanga"
SUU,5e3f4aa24c53b577,"Travis Air Force Base"
SUV,484485445cb3c7f7,"Nausori"
SUW,370b37718d71b2c1,"Richard I Bong Memorial"
SUX,5f79191c8065c867,"Sioux Gateway/Bud Day"
SUY,35c8b93d9780023b,"Suntar"
SVA,337026aec2b823eb,"Savoonga"
SVB,25f30a625391ccd5,"Sambava"
SVC,5e5102658fe651c8,"Grant County"
SVD,5ad85f1142e4ce7a,"Argyle"
SVE,5f349cae992569d1,"Susanville Muni"
SVF,18979b155d6a4d70,"Save"
SVG,3d8d9932c1cc3706,"Stavanger Sola"
SVH,5e9975245b9d6d67,"Statesville Regional"
SVI,58a6fc8088208049,"Eduardo Falla Solano"
SVJ,3c9114197d11fbd0,"Svolvaer Helle"
SVK,5b834ce8f4d9c833,"Silver Creek"
SVL,3caa9e65ca101937,"Savonlinna"
SVN,5d9f77adb480e014,"Hunter Army Air"
SVO,3db0ddd3465279f1,"Sheremetyevo"
SVP,1b53985cc79cbf91,"Kuito"
SVQ,17e1d3836d97777d,"Sevilla"
SVS,345098fa3886f586,"Stevens Village"
SVT,1c4661d3a5adcf9f,"Savuti"
SVU,4841bffed8e4c679,"Savusavu"
SVV,59d54e5ab4bab5f0,"San Salvador de Paul"
SVW,325fbead2b59a910,"Sparrevohn LRRS"
SVX,3bd07a1702947142,"Koltsovo"
SVZ,59b86818c74f4bc3,"San Antonio Del Tachira"
SWA,2c375edcfa0324cf,"Jieyang Chaoshan"
SWB,232ed053905cd551,"Shaw River"
SWC,4d173a578852214d,"Stawell"
SWD,33511fee64ea2305,"Seward"
SWE,4e60c7571b38945d,"Siwea"
SWF,5fa75831c0dec080,"New York Stewart"
SWG,4e61c4cb4b4e2e6e,"Satwag"
SWH,4d177eacb43b1505,"Swan Hill"
SWJ,4a45cbfe2f5e35e2,"Southwest Bay"
SWL,2a208df944c3d5ce,"San Vicente"
SWO,5e6ad5e8d0e8507e,"Stillwater Regional"
SWP,1a3aa0ae7d05a54c,"Swakopmund Muni"
SWQ,2625d783fffa5447,"Sumbawa Besar"
SWR,4d711cc6cb42abef,"Silur"
SWS,3f7079fbd4d81520,"Swansea"
SWT,39d360f65186f9d5,"Strezhevoy"
SWU,2e2d9103b6442e80,"Suwon"
SWV,329fee5bf69e0960,"Severo-Evensk"
SWW,5e604b353962bce1,"Avenger"
SWX,1b4f7e4e88ac3f7e,"Shakawe"
SWY,285de37cbfd4de1e,"Sitiawan"
SXA,4e60c7e7bc6b940e,"Sialum"
SXB,3f87f3fe874d91af,"Strasbourg"
SXE,4c1d0dcda5b42bef,"West Sale"
SXG,1c44ed112863649f,"Senanga"
SXH,4d6600e300fa3e00,"Sehulea"
SXI,2cdeea9a5749ef22,"Siri"
SXJ,2f7afc6ed837b826,"Shanshan"
SXK,26079781be5d3901,"Mathilda Batlayeri"
SXL,3e780f2504ea16aa,"Sligo"
SXM,5bc7dbe86b0bb243,"Princess Juliana"
SXN,1c4a0adc218d4eae,"Sua Pan"
SXO,55fb0b5ca899b73e,"Sao Felix do Araguaia"
SXP,326eaf03d45ed3ac,"Nunam Iqua"
SXQ,3351489d5469083b,"Soldotna"
SXR,2ea47b890356b39c,"Sheikh ul Alam"
SXS,282f8f52279bb04e,"Sahabat [Sahabat 16]"
SXT,285d994307edc9ce,"Sungai Tiang"
SXU,1e9d5e44df14fddd,"Soddu"
SXV,2aa44baa7549a37f,"Salem"
SXW,4d6dd240c318ad89,"Sauren"
SXX,56ebe3d432da04d5,"Sao Felix do Xingu"
SXY,5fa916d301492c01,"Sidney Muni"
SXZ,3edaf962b7aa5b76,"Siirt"
SYA,3182b742bf36f43b,"Eareckson Air Station"
SYC,55bafe5b0256dbca,"Shiringayoc"
SYD,4c18b86c22487826,"Sydney Kingsford Smith"
SYE,1fb74b8f172f2872,"Sadah"
SYH,2d8490332340bcaa,"Syangboche"
SYI,5e889c2e80d46728,"Bomar Shelbyville Muni"
SYJ,2dd88df313f3a230,"Sirjan"
SYK,3c662c43372edae9,"Stykkisholmur"
SYM,2c650b3ae51258dd,"Pu'er Simao"
SYN,5f7e9623dbeebc08,"Stanton"
SYO,31d4b040ea8ecbb0,"Shonai"
SYP,5999c43b58b126f0,"Ruben Cantu"
SYQ,599f21384bf7c7d9,"Tobias Bolanos"
SYR,5f9bf4d448f7d73f,"Syracuse Hancock"
SYS,36b83f924e5ee1f4,"Saskylakh"
SYT,3f8c8fc036d9c74b,"Saint-Yan"
SYU,4e6b0a2c01af0e1e,"Warraber Island"
SYV,5d9e0467e88a18b9,"Sylvester"
SYW,2db0d4826a07c6db,"Sehwan Sharif"
SYX,2b4868d171bce3a7,"Sanya Phoenix"
SYY,3d7f5369f95564b4,"Stornoway"
SYZ,2dd8fcda5c55382d,"Shiraz Shahid Dastghaib"
SZA,1a66c9c03b725ae4,"Soyo"
SZB,2859bdc2f3e4e8da,"Sultan Abdul Aziz Shah"
SZE,1fa444b4dd75f63f,"Semera"
SZF,3edd194ef4da4017,"Samsun-Carsamba"
SZG,3f96be7d792c9a88,"Salzburg"
SZI,38faaf4087630268,"Zaysan"
SZJ,5c9245af7dc5df99,"Siguanea"
SZK,1d36410174d6a593,"Skukuza"
SZL,5f707c3acbf05635,"Whiteman Air Force Base"
SZM,1a3c5c40f1e54baa,"Sesriem"
SZN,5e345e0ad28081cf,"Santa Cruz Island"
SZP,5e357a3af098b1cc,"Santa Paula"
SZR,3fb8ae18267a644b,"Stara Zagora"
SZS,6096989a70f26de8,"Ryan's Creek Aerodrome"
SZV,2d3d178be74aae31,"Suzhou Guangfu"
SZW,3e9a601be5f27e30,"Schwerin Parchim"
SZX,2c35c477bdab23d9,"Shenzhen Bao'an"
SZY,3ea560ab9252c854,"Olsztyn-Mazury"
SZZ,3e98b4cb1c4100d4,"Szczecin-Goleniow Solidarnosc"
TAB,5ad26c97488f0e46,"Tobago-Crown Point"
TAC,2a13a005f1d4ee26,"Daniel Z. Romualdez"
TAD,5e5dc23094e7b42f,"Perry Stokes"
TAE,2e294a3b14bfcec4,"Daegu"
TAF,17ee8ac12128ca0e,"Oran Tafraoui"
TAG,291dcec828e2bc3a,"Bohol-Panglao"
TAH,494f4e1f1b5592f6,"Tanna"
TAI,1faaa887e5f39352,"Ta'izz"
TAJ,4e7e53f3860cb1ea,"Tadji"
TAK,2e1575c132bd8b25,"Takamatsu"
TAL,335cc733ffc0d350,"Ralph M Calhoun"
TAM,5c649408e7761f45,"Francisco Javier Mina"
TAN,4c28d5d2e287e5bb,"Tangalooma"
TAO,2e3a6dbbf277796f,"Qingdao Jiaodong"
TAP,5a7d8ece2c6f7483,"Tapachula"
TAQ,22142088d4c737f9,"Tarcoola"
TAR,1af95426642f3917,"Taranto-Grottaglie"
TAS,2fb60e4b8795e3e8,"Tashkent"
TAT,3eaf9a2fe9ef7689,"Poprad-Tatry"
TAU,58bf5b860743e891,"Tauramena"
TAW,52d163656cfd1d03,"Tacuarembo"
TAX,271a9d58b385c214,"Taliabu Island"
TAY,3da5a6e1cc8dc4a7,"Tartu"
TAZ,3cf4501d70bf0e26,"Dasoguz"
TBB,2a48599d85d597c1,"Dong Tac"
TBC,5e4aa28aa4fa82d2,"Tuba City"
TBE,4e7b25d776143c6b,"Timbunke"
TBF,4970c72a86b198a1,"Tabiteuea North"
TBG,4f60fe7349a0c3cc,"Tabubil"
TBH,2a262509788e044c,"Tugdan"
TBI,5caa917ebce335f4,"New Bight"
TBJ,19e6c56ec63cd749,"Tabarka-Ain Draham"
TBK,240fe8dfaf036615,"Timber Creek"
TBL,241a882c899943a9,"Tableland Homestead"
TBM,273b9603df4239d0,"Tumbang Samba"
TBN,5e7ea5a6368ca596,"Waynesville-Forney"
TBO,1e710c147719f3ac,"Tabora"
TBP,5794ed3c01bf204b,"Pedro Canga Rodriguez"
TBQ,4e65bcbdfc1b31c1,"Tarabo"
TBR,5e905cf0c7ea1fd3,"Statesboro Bulloch County"
TBS,3ddfffd926d88b8a,"Tbilisi"
TBT,57b2dae7ecec9b8d,"Tabatinga"
TBU,4731ebc8cfd54f68,"Fua'amotu"
TBV,499b98f6832b1478,"Tabal"
TBW,3dc285c4b05cd0be,"Donskoye"
TBY,1b3e01f0a523b853,"Tshabong"
TBZ,3ee27b1d720ba459,"Tabriz"
TCA,2403981958764d7f,"Tennant Creek"
TCB,5da130566d1104a5,"Treasure Cay"
TCC,5e57dd25063189be,"Tucumcari Muni"
TCD,57b6ee9a3527e09c,"Tarapaca"
TCE,3fb0d8a325821ae9,"Tulcea Danube Delta"
TCF,5b80c82fe0ca4355,"Tocoa"
TCG,38feb7c4e4ff5733,"Tacheng"
TCH,1a7265fb08c12064,"Tchibanga"
TCJ,4e7c3567745c4e3f,"Torembi"
TCK,4e7b3b2286d308c1,"Tinboli"
TCL,5e826b5538315693,"Tuscaloosa National"
TCM,331d7ab4ff0bfddb,"McChord Air Force Base"
TCN,5b6991d504cbb737,"Tehuacan"
TCO,58a53b41c1fce950,"La Florida"
TCP,1dd98efc1e624567,"Taba"
TCQ,54b8a31ef1351c32,"Carlos Ciriani Santa Rosa"
TCR,29ab54260c76ba2b,"Tuticorin"
TCS,5e522cf045a2e9ad,"Truth or Consequences Muni"
TCT,3354e76ccefb8321,"Takotna"
TCU,1c2775d50998e92f,"Thaba Nchu Tar"
TCW,4d13618bca6abd04,"Tocumwal"
TCX,2ed32e725f4c8e36,"Tabas"
TCY,1a46258fab3e528b,"Terrace Bay"
TCZ,2c6b7eb7f5c59242,"Tengchong Tuofeng"
TDA,59b180b63847124e,"Trinidad"
TDB,4d6e3859f3d849ba,"Tetebedi"
TDD,55c1af3d7b8f14b7,"Jorge Henrich Arauz"
TDG,291c657bb15f84fa,"Tandag"
TDJ,1fa84bb2d87bf037,"Tadjoura"
TDK,39f9da8cec87878f,"Taldykorgan"
TDL,51c29eef92fe8ea7,"Heroes De Malvinas"
TDN,251271d3a866707c,"Theda Station"
TDO,331c63d8afa44f6a,"Ed Carlson South/Lewis"
TDP,57a4e1a01766af36,"Trompeteros"
TDR,4d313ef74bd594e5,"Theodore"
TDS,4e6c85215fe7871b,"Sasereme"
TDT,1d355a460a72dcaa,"Tanda Tula"
TDV,1f34d67045bbe31e,"Samangoky"
TDW,5e671c9cbc59d96b,"Tradewind"
TDX,2a56a34d041527f8,"Trat"
TDZ,5f87fa66b170769d,"Toledo Executive"
TEA,5b807ea8ced1a4b6,"Tela"
TEB,5fa55fb252c1094f,"Teterboro"
TEC,53e58dbf40f8179b,"Telemaco Borba"
TED,3e81ebfb6fd23409,"Thisted"
TEE,19e48e719fb6a90a,"Cheikh Larbi Tebessi"
TEF,232d6639a8f46063,"Telfer"
TEG,17ae4dca8382452a,"Tenkodogo"
TEI,2d64e5ef3e1a3d95,"Tezu"
TEK,3345ff5bc8761cda,"Tatitlek"
TEL,2921dad3b469fb79,"Telupid"
TEM,4d10a620479b7b2d,"Temora"
TEN,2d44b30638efd6ee,"Tongren Fenghuang"
TEO,4e636b7510af903f,"Terapo"
TEP,4e63d3588d127a84,"Tep Tep"
TEQ,1cf060a42a4a8990,"Tekirdag Corlu"
TER,13ff08dcefe450ed,"Lajes"
TES,1ea8e7d2fac30b60,"Tessenei"
TET,1e40e6148d9159c2,"Chingozi"
TEU,6093bb3561bfa6d7,"Manapouri"
TEV,17fd41e037970562,"Teruel"
TEX,5e5e3dfdfedeae18,"Telluride Regional"
TEY,3c6423461b32f5c6,"Pingeyri"
TEZ,2d708e2c1ee17731,"Tezpur"
TFB,4f60f7f16844f241,"Tifalmin"
TFF,57c5d6238a978bb6,"Tefe"
TFI,4d6b33a81fb931e2,"Tufi"
TFL,104d8cb0915ca08f,"Juscelino Kubitscheck"
TFM,4e6ffee4f715bd5f,"Telefomin"
TFN,15d352ea185b83d4,"Tenerife Norte-Ciudad Laguna"
TFS,15d245ada6045753,"Tenerife Sur"
TFT,2dc7b3755c7c43e3,"Taftan"
TFU,2d5a8ef86650edb4,"Chengdu Tianfu"
TFY,265f4a9a441970ed,"Muhammad Taufiq Kiemas"
TGA,2854551adf9f6596,"Tengah"
TGC,2836ed95456f9b69,"Tanjung Manis"
TGD,1afc938d41aaaa02,"Podgorica/Golubovci"
TGG,29507d2e4817dcf4,"Sultan Mahmud"
TGH,4a42b6b6a92b5851,"Tongoa"
TGI,56a2bf375ee551f3,"Tingo Maria"
TGJ,4a33fb3599bbe790,"Tiga"
TGK,3ec0d262ec4b4f1a,"Taganrog Yuzhny"
TGL,4d50c0a99fbd4a93,"Tagula"
TGM,3fb13ebe677791cc,"Transilvania Targu Mures"
TGN,4c1e0c73ef44d4b0,"Latrobe Valley"
TGO,33e9fd5fb9f0bc5e,"Tongliao"
TGP,38d0609225a2f261,"Podkamennaya Tunguska"
TGQ,55d2e7477e62cd60,"Tangara da Serra"
TGR,19e0214fd8f97cb7,"Touggourt Sidi Madhi"
TGS,1d395b47a900617b,"Chokwe"
TGT,1f710a06a25b1468,"Tanga"
TGU,5a8b8b837c7a4ca2,"Toncontin"
TGZ,5b7364d99d08b771,"Angel Albino Corzo"
THA,5e8895a7f752232e,"Tullahoma Regional"
THB,1c2b784f0f7e7e91,"Thaba-Tseka"
THC,169628f304a913b6,"Tchien"
THD,2b5d2491280e0b3b,"Tho Xuan"
THE,1075062c3eefd9f8,"Senador Petronio Portela"
THG,4d315053d61389db,"Thangool"
THH,481d0298146d4c14,"Taharoa Aerodrome"
THI,16b389f61f608ebb,"Tichitt"
THK,2b553bacd6730590,"Thakhek"
THL,2b6e2fb9862fbd62,"Tachileik"
THM,341b1a27bf9090d1,"Thompson Falls"
THN,3d9d4563c6dd514c,"Trollhattan-Vanersborg"
THO,3c66cc9b57b6d18d,"Porshofn"
THP,3506397710a031bb,"Hot Springs County"
THQ,2e567327b6d1a091,"Tianshui Maijishan"
THR,2ed9c212bdc54984,"Mehrabad"
THS,2b6525800d800e4d,"Sukhothai"
THT,15bf5a45c63d4c4c,"Tamchakett"
THU,385f867974556724,"Thule"
THV,5f93fb92e548cf1e,"York"
THX,38c2ab904658e311,"Turukhansk"
THY,1d34957127e39e7a,"Thohoyandou"
THZ,19a0e02fea933633,"Tahoua"
TIA,1afd7f41a6f5f60d,"Tirana Mother Teresa"
TIB,59ba5f2d3aadc5ff,"Tibu"
TIC,49996452415ecc88,"Tinak"
TID,18e38c37d4b88dce,"Abdelhafid Boussouf Bou Chekif"
TIE,1e986185b460110a,"Tippi"
TIF,1ecd19e68dbf7400,"Taif Regional"
TIH,42531f1339dc2669,"Tikehau"
TII,2eb1e1728ea7e45e,"Tarinkot"
TIJ,5e30aeab56c878c8,"Gral. Abelardo Rodriguez"
TIK,5e68c6fed8653a62,"Tinker Air Base"
TIL,351273585435387a,"Cheadle"
TIM,4f7b15c5c94baeeb,"Mozes Kilangin"
TIN,16d933b23ee8e35a,"Tindouf"
TIO,2c7238fb64b1be11,"Tilin"
TIQ,4ea2ec88e22ee300,"Tinian"
TIR,2a9af6f40cd5d54f,"Tirupati"
TIU,49032d030e85ee1d,"Timaru"
TIV,1afb90a903396260,"Tivat"
TIW,331d891eee2ef6fd,"Tacoma Narrows"
TIX,5d959f7880eb5221,"Space Coast Regional"
TIY,15bd9f4dd505385e,"Tidjikja"
TIZ,4e6cd8b3000333d0,"Tari"
TJA,53cd8e0029f49293,"Capitan Oriel Lea Plaza"
TJB,2853641d3eeb0eca,"Sei Bati"
TJC,59ad36ae36cba007,"Ticantiqui"
TJG,2739204bf5203eb7,"Warukin"
TJH,2e187aff61b5109a,"Konotori Tajima"
TJI,5b81c55d5c606bcf,"Trujillo"
TJK,3edf271851462bb9,"Tokat"
TJL,54e0930bacda7afe,"Plinio Alarcom"
TJM,3ad99284dd6f6ef6,"Roshchino"
TJN,4145e6d1816da980,"Takume"
TJQ,274786d2cb75533e,"H A S Hanandjoeddin"
TJS,2828ced5e8533b47,"Tanjung Harapan"
TJU,2ebe1f630a51f6af,"Kulob"
TJV,2aa11797c4cb8387,"Thanjavur Air Station"
TKA,33565bd9a18dcea3,"Talkeetna"
TKB,4e627ef566e19d89,"Tekadu"
TKC,198dc5de2a60073a,"Tiko"
TKD,178af6598cc6a0cd,"Takoradi"
TKF,5f32937dedad7705,"Truckee Tahoe"
TKG,265f08ce9457b719,"Radin Inten II"
TKH,2a6f06c66140cd49,"Takhli"
TKJ,334eeccc980bf1e6,"Tok Junction"
TKK,4d947b55a09ae986,"Chuuk"
TKM,5b8514371957289e,"El Peten"
TKN,2d14b155f0f71fb2,"Tokunoshima"
TKO,1c2c860cc17c8c64,"Tlokoeng"
TKP,415c225620819200,"Takapoto"
TKQ,1d7904a9f63562bc,"Kigoma"
TKR,2c8e4f88906f39eb,"Thakurgaon"
TKS,2e15618aef9fe892,"Tokushima Awaodori"
TKT,2b6444292b444444,"Tak"
TKU,3da21ee0db95a6d5,"Turku"
TKV,404da5535648746f,"Tatakoto"
TKW,4e6ef9930aa9d8ff,"Tekin"
TKX,415b371a8c4c53b2,"Takaroa"
TKY,241b44e65a3f58fe,"Turkey Creek"
TKZ,481a0366d2ce4d78,"Tokoroa"
TLA,3365defce0b1f8e7,"Teller"
TLB,2ea4cbf8388a8ae4,"Tarbela Dam"
TLC,5b6b39955c0ab71e,"Adolfo Lopez Mateos"
TLD,1d31ca097c56457a,"Limpopo Valley"
TLE,1f328f99034fc4fd,"Toliara"
TLF,3357b35466ac5c3f,"Telida"
TLH,5d8bf26253f68bce,"Tallahassee Regional"
TLI,282338568216c292,"Sultan Bantilan"
TLJ,3354e433e65e344d,"Tatalina LRRS"
TLK,35df53367a4ab829,"Talakan"
TLL,3da460e20a8b340e,"Lennart Meri Tallinn"
TLM,17ec73684de25544,"Zenata - Messali El Hadj"
TLN,18feb332c13ed974,"Toulon-Hyeres"
TLO,4d740a6339229ec3,"Tol"
TLP,4f71170f841956e1,"Tumolbil"
TLQ,2f8b2115625341e9,"Turpan Jiaohe"
TLR,5e3a8534fc939f47,"Mefford"
TLS,18f3c2705fefca62,"Toulouse-Blagnac"
TLT,326c3d3cf67b7142,"Tuluksak"
TLU,59adcb753cd76002,"Golfo de Morrosquillo"
TLV,1dd7ff75d3e4fc6d,"Ben Gurion"
TLW,4d6af17b977194b7,"Talasea"
TLX,51a7eab90d0f6620,"Panguilemo"
TLY,32d29d0d67c5c808,"Plastun"
TLZ,54f73c50aa41f80e,"Catalao"
TMA,5d9d1e8dbfffe2c4,"Henry Tift Myers"
TMB,5c9dbe2c7fb1b47f,"Miami Executive"
TMC,262289b9e85380f4,"Tambolaka"
TMD,16b7244fb11eb95a,"Timbedra"
TME,59b48344e2050988,"Gustavo Vargas"
TMF,28b64e6fcd8d7f86,"Thimarafushi"
TMG,29209e9e18378ac0,"Tomanggong"
TMH,4f62cfe96698dcb6,"Tanah Merah"
TMI,2d827ae0363b1293,"Tumling Tar"
TMJ,2ebd73a2f4ff0a2c,"Termez"
TML,179dd4dfb9d74307,"Tamale"
TMM,24f80102e718f260,"Toamasina Ambalamanasy"
TMN,487c8b353c621e2f,"Tamana Island"
TMO,59d65b90dd291a3f,"Tumeremo"
TMP,3caf2cd7c560ccd5,"Tampere-Pirkkala"
TMQ,18a0d1eec8729ee3,"Tambao"
TMR,18cf5dcd8e61feb0,"Aguenar - Hadj Bey Akhamok"
TMS,19851228f2a7ddab,"Sao Tome"
TMT,57eb452361247eaf,"Trombetas"
TMU,598ef68c00be9ccc,"Tambor"
TMW,4c2b3a0a415ef0db,"Tamworth"
TMX,18d07cf361598feb,"Timimoun"
TMY,4f773cb50e4c4bcf,"Tiom"
TMZ,481b33281978799a,"Thames Aerodrome"
TNA,2e3cd19c9a3918df,"Jinan Yaoqiang"
TNB,272af1f551c2dc4b,"Tanah Grogot"
TNC,3376053cee4f0481,"Tin City Station"
TND,5c92dc3d914b5211,"Alberto Delgado"
TNE,2d1b9ba30a128f3e,"New Tanegashima"
TNF,3f874b687a0cc3b9,"Toussus-le-Noble"
TNG,17e09c3ef91d39b1,"Tangier Ibn Battuta"
TNH,33e1d92224074b43,"Tonghua Sanyuanpu"
TNI,2c9aad343cc6f5db,"Satna"
TNJ,28522e95579e5fff,"Raja Haji Fisabilillah"
TNK,3269984d6db839b7,"Tununak"
TNM,6a3b7b3dd8b9dcb5,"Teniente Rodolfo M Martin"
TNN,2c26c20ede037d64,"Tainan/Tainan"
TNO,5a80c3f3f3e949d7,"Tamarindo"
TNP,5e35e14bdaaa1d20,"Twentynine Palms"
TNQ,4483e7b5ad4516a4,"Washington Island"
TNR,24f630e56d2f77a0,"Ivato"
TNS,343bc1c759f8c89b,"Tungsten/Cantung"
TNT,5c9e98c8d6b04211,"Dade Collier Training"
TNU,5f778ed891cc45ee,"Newton Muni"
TNV,4480c63ca4106491,"Tabuaeran Island"
TNW,57ac6aeca7c48af1,"Jumandy"
TNZ,36fe6b964b69b477,"Tosontsengel"
TOA,5e34837d2bad1e84,"Zamperini"
TOB,1bdef61c7016717f,"Tobruk"
TOC,5e96146eeafe85a3,"Toccoa/R.G. Letourneau"
TOD,28583dc75112d079,"Tioman"
TOE,19e5439b9ab42aa7,"Tozeur Nefta"
TOF,38e84659769f89c0,"Bogashevo"
TOG,32670d9fda4287b7,"Togiak"
TOH,4a586b888cf4da26,"Torres"
TOI,5d8fa1b666770df5,"Troy Muni/Kenneth Campbell"
TOJ,17f75a1c3caa71be,"Madrid-Torrejon/Torrejon"
TOK,4c6bce9138886c88,"Torokina"
TOL,5f87eba35687e419,"Eugene Kranz Toledo Express"
TOM,17b63ec59ed24315,"Timbuktu"
TON,4c6abc2287f8df8d,"Tonu"
TOO,599b59e7ec1c2d76,"San Vito De Java"
TOP,5f712a301f647cfe,"Philip Billard Muni"
TOQ,53bc923ba245f1b7,"Barriles"
TOR,5f58fd03a8a7724f,"Torrington Muni"
TOS,3b9b4c7ff1d9579c,"Tromso Langnes"
TOT,59e236d09c156819,"Totness"
TOU,4a4b0118f3ebdaaa,"Touho"
TOW,53e41d71e1140f8f,"Toledo/Luiz Dalcanale Filho"
TOX,3ad3992cd45a12ed,"Tobolsk"
TOY,31e523e4f0b6bb40,"Toyama"
TOZ,169891f30a26d67d,"Mahana"
TPA,5d9447c8ed5d610e,"Tampa"
TPC,57afa9cd126eafd0,"Tarapoa"
TPE,2c2ca4ed2a502b9f,"Taiwan Taoyuan"
TPF,5d94540ec1d7effa,"Peter O Knight"
TPG,285fe4706cc603cc,"Taiping/Tekah"
TPH,5e3fe2e1f87bda88,"Tonopah"
TPI,4e6159d5cfefd207,"Tapini"
TPJ,2d826b7a93c84662,"Taplejung"
TPK,28699f102b3039c1,"Teuku Cut Ali"
TPL,5d6db2ffd79c1db1,"Draughon Miller C Texas"
TPN,57add930d9760e52,"Tiputini"
TPP,56aba96d087acdac,"Guillermo Castillo Paredes"
TPQ,5c514bc9b7ab020d,"Amado Nervo National"
TPR,233a16e82999a464,"Tom Price"
TPS,19eeefc52d7ba872,"Vincenzo Florio Trapani"
TPT,16944451764b7783,"Tapeta"
TPU,2d958f9d40b1be68,"Tikapur"
TPX,424ddeabedb76574,"Tupai"
TQD,1ee8370f44950302,"Al Taqaddum"
TQL,39c0b4683b1ca44a,"Tarko-Sale"
TQN,2ebb2ed43fa2aee8,"Taleqan"
TQP,4e3ad109f7b8daa1,"Trepell"
TQQ,261dbe7fff38326e,"Maranggo"
TQS,58a2e527240f59b9,"Tres Esquinas"
TRA,2c2b2147b71966ef,"Tarama"
TRC,5c5dab124c54f7f1,"Francisco Sarabia Tinoco"
TRD,3c8ffd699d56b9c0,"Trondheim Vaernes"
TRE,3e733af9e091739b,"Tiree"
TRF,3d9b0b918e94494e,"Sandefjord Torp"
TRG,481918d7686f7c61,"Tauranga"
TRH,5e39c77349c44f8a,"Trona"
TRI,5e9b32447b799eec,"Tri-Cities Regional TN/VA"
TRJ,4f61e4668fbe5a08,"Tarakbits"
TRK,282ac65dfdd383d3,"Juwata/Suharnoko Harbani"
TRL,5e61f55a7537119d,"Terrell Muni"
TRM,5e33dc6796351e9d,"Jacqueline Cochran Regional"
TRN,3f9e1d07977e7986,"Turin"
TRO,4c2701d15bbc23ca,"Taree"
TRQ,56b6a7fcccbca962,"Tarauaca"
TRR,299abb732c24e3c6,"China Bay"
TRS,3f9bd177c6ff09f2,"Trieste-Friuli"
TRT,272650d1aa3cb3cd,"Toraja"
TRU,56a61bd8d7e9a18f,"Carlos Martinez De Pinillos"
TRV,29aa88866745721d,"Thiruvananthapuram"
TRW,498549576e2dd8af,"Bonriki"
TRY,1e852a2749b23e82,"Tororo"
TRZ,2aa129c8c787cbb3,"Tiruchirappalli"
TSA,2c2ca417900e12a0,"Taipei Songshan"
TSB,1b4441a632f76815,"Tsumeb"
TSC,57a878263d1c906f,"Taisha"
TSD,1d34a1c3730643bd,"Tshipise"
TSF,3f9ca1dc2f1d44ae,"Treviso-Sant'Angelo"
TSG,334ef943c114a205,"Tanacross"
TSH,1b6fbddd6d35b6d5,"Tshikapa"
TSI,4e63a986d254fd92,"Tsile Tsile"
TSJ,2e2518000ae06ea3,"Tsushima"
TSL,5c6368479f16c6a8,"Tamuin"
TSM,5e5b81993afaf217,"Taos Regional"
TSN,2f31fc521ea53068,"Tianjin Binhai"
TSP,5e379b558a44ec4c,"Tehachapi Muni"
TSQ,52e758ecb5cf7fe6,"Torres"
TSR,3fa5ee1e2f08af92,"Timisoara Traian Vuia"
TST,2967280031b1ccb6,"Trang"
TSU,487fb952f0e2e58b,"Tabiteuea South"
TSV,4d4d4ba9aecfd95c,"Townsville/Base Townsville"
TSW,4e6492d2e9a2d132,"Tsewi"
TSX,272fcb85b4e82f51,"Tanjung Santan"
TSY,264970c180571b0d,"Cibeureum"
TSZ,36f7885bf8525b2a,"Tsetserleg"
TTA,16d152c5818b3dd1,"Tan Tan"
TTB,19f736ba369d7d15,"Tortoli"
TTC,53b265e09244e60e,"Las Breas"
TTD,331b4d97a21a84a3,"Portland Troutdale"
TTE,2812291bc917cbf8,"Sultan Babullah"
TTG,53ca9cd6c4a6446e,"Enrique Mosconi"
TTH,2be65969265dec39,"Thumrait"
TTI,4248b554a3b41449,"Tetiaroa"
TTJ,2e189b2a042600a8,"Tottori Sand Dunes Conan"
TTN,5fa4494176df7e45,"Trenton Mercer"
TTO,360e2f81d688549c,"Britton Muni"
TTQ,5a9038d7109c65f3,"Aerotortuguero"
TTR,27266712ac6ab27b,"Pongtiku"
TTS,24fc42e57f9d30a8,"Tsaratanana"
TTT,2c2599aef1160dc0,"Taitung"
TTU,17e285e243642f97,"Sania Ramel"
TTX,251473d519351198,"Truscott-Mungalalu"
TUA,58a2688a8bb9c256,"Luis Mantilla"
TUB,423b8a91d990d0e1,"Tubuai"
TUC,52ce4b14509e263e,"Teniente Benjamin Matienzo"
TUD,15a6a7ba68d323ef,"Tambacounda"
TUF,3f8a1e83f8bafe0f,"Tours-Val-de-Loire"
TUG,2b2658376ca93e89,"Tuguegarao"
TUH,5e88a6108064bb34,"Arnold Air Force Base"
TUI,1ed0e8ac380d6cd2,"Turaif Domestic"
TUJ,1e98389bbc95bb0c,"Tum"
TUK,2cce9ee245304abc,"Turbat"
TUL,5e7a07f0a3c16787,"Tulsa"
TUM,4c1d7ff72176692c,"Tumut"
TUN,19e9cc178bc26bff,"Tunis Carthage"
TUO,4809fa2be0f0e99b,"Taupo"
TUP,5e85373574d515a0,"Tupelo Regional"
TUQ,17a688afafa761d2,"Tougan"
TUR,57f442c077fffab0,"Tucurui"
TUS,5d4f9c15b2342ef7,"Tucson/Morris Base"
TUU,1ddf5287df938886,"Tabuk"
TUV,59dc36a8b9dd9839,"Tucupita"
TUX,342a669b8058cb3b,"Tumbler Ridge"
TUY,5b8e739796434e20,"Tulum Naval Air Station"
TVA,1f498bde99857f58,"Morafenobe"
TVC,5f8e9ffc0d010f68,"Cherry Capital"
TVF,37027e4b9179d359,"Thief River Falls Regional"
TVI,5d9c08915ce4f3e8,"Thomasville Regional"
TVL,5f319362125a29cd,"Lake Tahoe"
TVS,2f33e376281901a6,"Tangshan Sannuhe"
TVU,474fca504a38a0e6,"Matei"
TVY,2a6b6df505069d67,"Dawei"
TWA,3268007011ddedf4,"Twin Hills"
TWB,4c2bcab8cf48e6d5,"Toowoomba"
TWC,2f93a90f5b1417f6,"Tumxuk Tangwangcheng"
TWD,331e93e0de7da127,"Jefferson County"
TWE,3367ca5776bc9439,"Taylor"
TWF,5f498c7ee4a8a114,"Joslin Magic Valley"
TWP,4e46a348fc2a2832,"Torwood"
TWT,282f6d8297c7237f,"Sanga Sanga"
TWU,282da8eb672a19e3,"Tawau"
TWY,4e6481ba2b221c66,"Tawa"
TWZ,490625248c0ef307,"Pukaki"
TXC,3dbb545c872e4d51,"Orsha/Balbasovo"
TXE,286eac7c9accbad6,"Rembele"
TXF,11419bde398134ad,"9 de Maio/Teixeira Freitas"
TXK,5e7355727d87cae9,"Texarkana Regional/Webb"
TXM,270b67d7c3f9701d,"Teminabuan"
TXN,2d3955726e972fd2,"Tunxi"
TXR,4e3419851fc181df,"Tanbar"
TXU,1688ddeeab0c3c4a,"Tabou"
TYA,3dc402df49fa8924,"Klokovo"
TYB,4e21717337160445,"Tibooburra"
TYC,2e4d9b1d5383f5eb,"Taiyuan Yaocheng"
TYD,34d45e0df95460cf,"Tynda"
TYE,33525f8031878c55,"Tyonek"
TYF,3d98435792f9fd63,"Torsby"
TYG,4e300edf0f236c36,"Thylungra"
TYL,5791ba760a25cd19,"Victor Montes Arias"
TYM,5ca96bc347a371c9,"Staniel Cay"
TYN,2e4e85c9a96feac1,"Taiyuan Wusu"
TYP,4f30b4df5b5bbcb8,"Tobermorey"
TYR,5e701698378d72cb,"Tyler Pounds Regional"
TYS,5e89f7625e2d2038,"McGhee Tyson"
TYT,51dd857b863618a5,"Treinta y Tres"
TYZ,5e45cf80eb6fcb69,"Taylor"
TZA,5b865277010c7fa2,"Sir Barry Bowen Muni"
TZC,5f8cf101bf8a7adb,"Tuscola Area"
TZL,3faa9c94d425b764,"Tuzla"
TZM,5c805f633506d191,"Cupul"
TZN,5ca93a8c81d865c4,"Congo Town"
TZO,24f7958eac9b176e,"Tsimiroro"
TZX,3ed974b905bc915b,"Trabzon"
UAB,1de4c070a1735d9b,"Incirlik"
UAC,5e30fac6d9f23b72,"San Luis Rio Colorado"
UAE,4e68c175922e91dc,"Mount Aue"
UAH,406b4f1904da894b,"Ua Huka"
UAI,26128ecd999592d1,"Suai"
UAK,3b4d1978ba11fbe2,"Narsarsuaq"
UAL,1c53e48efe0e6e8c,"Luau"
UAM,4ea5a233f232f5d8,"Andersen Air Force Base"
UAP,406d25cb61b17370,"Ua Pou"
UAQ,52b18adf58428d72,"Domingo Faustino Sarmiento"
UAR,17ea0bd55390b67d,"Bouarfa"
UAS,1e8e14a5de060ece,"Samburu"
UAX,5b851c18ba6dc489,"Uaxactun"
UBA,54f3222663e7979d,"Mario de Almeida Franco"
UBB,4e6d05e0c3d53b5b,"Mabuiag Island"
UBI,4c6aa0e8dce8d6b3,"Buin"
UBJ,2e14c9b24f9dd9dd,"Yamaguchi Ube"
UBN,35fc59249f998682,"Ulaanbaatar Chinggis Khaan"
UBP,2a5f35219e22ffc9,"Ubon Ratchathani"
UBS,5e83454a7422097c,"Columbus Lowndes County"
UBT,53f856658687faa5,"Ubatuba Gastao Madeira"
UBU,2513794b925dfc2e,"Kalumburu"
UCB,2f46a95d56e6180b,"Ulanqab Jining"
UCC,5e4c046f72739e9f,"Yucca"
UCE,5d7b95623fc402ec,"Eunice"
UCK,3eb71f85efcae81f,"Lutsk"
UCN,1690288d02bcea95,"Buchanan"
UCT,3acf1d671a6f79b5,"Ukhta"
UCY,5e8a2e98627f00af,"Everett-Stewart Regional"
UCZ,56a5a845276717e5,"Uchiza"
UDA,4e437aced1a41f58,"Undara"
UDD,5e34d138bc68de37,"Bermuda Dunes"
UDE,3f80b334701660d3,"Volkel"
UDI,54f52c23e9d56aef,"Ten. Cel. Cesar Bombonato"
UDJ,3eafd271e5757941,"Uzhhorod"
UDN,3f9accc85f062de1,"Udine-Campoformido"
UDR,2caadfbd31570e13,"Maharana Pratap"
UEE,61c0ce435fa69eaf,"Queenstown"
UEL,1e4787d157b026ad,"Quelimane"
UEN,38ce8dad64c34730,"Urengoy"
UEO,2c1fefe383e14fbc,"Kumejima"
UES,5f8b411b5130e75f,"Waukesha County"
UET,2dbadb5db2a5b00e,"Quetta"
UFA,3bdb7247839bde70,"Ufa"
UGA,36f4424347217964,"Bulgan"
UGB,3255a5ed9a49fd4a,"Ugashik Bay"
UGC,3cf26953bdec5d3f,"Urgench"
UGN,5f894afac683263b,"Waukegan National"
UGO,1a6e8837580cabb2,"Uige"
UGS,3255ad76642e09ba,"Ugashik"
UGT,2f6c0b0c242ec56e,"Bulagtai Resort"
UGU,4f7b414f5b6c09b7,"Bilogai-Sugapa"
UHE,3fa13aba5d5763b8,"Kunovice"
UHS,32c5665a37e00ea6,"Aleksandrovsk-Sakhalinskiy"
UIB,59a19d94fd1d5614,"El Carano"
UIH,2a4b66a1914198f0,"Phu Cat"
UII,5b819e7d8969153e,"Utila"
UIK,36dbd1bc93763fef,"Ust-Ilimsk"
UIL,331abfc221fae721,"Quillayute"
UIN,5f73dc1287ffe85b,"Quincy Regional Baldwin"
UIO,57af498ba983f9d9,"Mariscal Sucre"
UIP,3f79742f8adc98fd,"Quimper-Cornouaille"
UIR,4c2c11e7267f58f5,"Quirindi"
UIT,4a9026843429486b,"Jaluit"
UJE,4a9bbfed84c9de80,"Ujae Atoll"
UJN,2e2b3ea80d86f74e,"Uljin"
UKA,1f722f8fa0277d68,"Ukunda"
UKB,4ee9626284a2228c,"Kobe"
UKG,35a3b78d4d6ff7b4,"Ust-Kuyga"
UKH,2bdbeb8af4e06b5a,"Mukhaizna"
UKI,5f312ce46256db23,"Ukiah Muni"
UKK,38ff33bf9fba07d9,"Ust-Kamenogorsk"
UKN,5f7bca98c762528c,"Waukon Muni"
UKR,2afba5d380c41792,"Mukeiras"
UKS,3ecb796277373e1a,"Sevastopol/Belbek"
UKT,5fa42fd2efdb1d1d,"Quakertown"
UKU,4e7e407378e63ebf,"Nuku"
UKX,36d5f0ba6f00e074,"Ust-Kut"
ULA,6a1c2c42cdbe22d1,"Capitan D Daniel Vazquez"
ULB,4a43d36ea3bfee9d,"Ulei"
ULD,1d23a39017a4820e,"Mangosuthu Buthelezi"
ULE,4d76096d76f87259,"Sule"
ULG,38f07239a0d550cf,"Olgii Mongolei"
ULH,1ed4024c7cb95e3b,"Majeed Bin Abdulaziz"
ULI,4f93f14aae9c7fcb,"Ulithi"
ULK,35da0ac32a6efb6c,"Lensk"
ULL,3e735cac997af3ca,"Glenforsa"
ULM,5f7e50c9d500c5eb,"New Ulm Muni"
ULN,35fc4dc217ed54a3,"Buyant-Ukhaa"
ULO,37fc409e61258852,"Ulaangom"
ULP,4d2efa5d910db054,"Quilpie"
ULQ,58acadf169b3106c,"Heriberto Gil Martinez"
ULU,1e8088c9df7a08ec,"Gulu"
ULV,3cc6fb3c088faaa5,"Ulyanovsk Baratayevka"
ULX,1d35498d899b7611,"Ulusaba"
ULY,3cc5fba634cbf8f0,"Ulyanovsk East"
ULZ,37f2917a6f5452fe,"Donoi"
UMA,5baee462dbe99751,"Alfredo Noa Diaz"
UMB,1c5c90d53a34aac5,"Kalumbila"
UMC,4e64a90046f758ae,"Umba"
UME,3c9bb6d4c8f27112,"Umea"
UMI,55b6ad14de194f39,"Quincemil"
UMM,33596e14661a3789,"Summit"
UMR,4e2a23d666b2b7d8,"Woomera"
UMS,34c10040140002b1,"Ust-Maya"
UMT,346724094351da2d,"Umiat"
UMU,53e7350de0d91fc1,"Orlando de Carvalho"
UMY,3dce1460a793c6ce,"Sumy"
UNA,11520159e026f9c3,"Una-Comandatuba"
UNC,59a98201b5b40780,"Unguia"
UND,2ebb4a50f301ff92,"Kunduz"
UNE,1c2b54a13fe20ac5,"Qacha's Nek"
UNG,4f60c9c6f57e1aeb,"Kiunga"
UNI,5ad7438cf75ba37b,"Union Island"
UNK,336455aa73bcfaa3,"Unalakleet"
UNN,296e585acfc465b3,"Ranong"
UNR,35f43a43f23b2aaf,"Ondorkhaan"
UNT,3d78eea6cac7172e,"Unst"
UNU,5f8b2fffc2322a72,"Dodge County"
UOA,4131d3292d710f12,"Moruroa"
UOL,282317a6a1a5b896,"Buol"
UOS,5e87ae93ae9b7e4e,"Franklin County"
UOX,5e851c325bb93d36,"University Oxford"
UPB,5c96568c97d6545e,"Playa Baracoa"
UPG,27207202e5946245,"Hasanuddin"
UPL,5a81ff7b2f66740b,"Upala"
UPN,5b5bcc52c93ba7c1,"Uruapan/Ignacio Lopez Rayon"
UPP,43bae75e4e1a97fe,"Upolu"
UPR,4e6c594ea8a949dc,"Upiara"
UPV,3f71c97f780e85a1,"Upavon Aerodrome"
URA,3cd69e477f565f8a,"Uralsk"
URC,2f8d51c84c344188,"Urumqi Diwopu"
URD,3f9361aa7a4db403,"Burg Feuerstein"
URE,3da847a9a96a779d,"Kuressaare"
URG,52d6589afb4f8eac,"Rubem Berta"
URI,58ba02c7339c9f44,"Uribe"
URJ,3ad62912293055b0,"Uray"
URM,59d02b76b88728bc,"Uriman"
URN,2eb16f27d3a65a50,"Urgun"
URO,3f8624731abaad08,"Rouen Vallee de Seine"
URR,59a3bd128ba7ae17,"Urrao"
URS,3dca2b92c0d24a2f,"Kursk East"
URT,296c389be819d346,"Surat Thani"
URU,4d6d224441aac758,"Uroubi"
URY,1ddddbee264a7830,"Gurayat Domestic"
URZ,2eb1cd6e712cbf5f,"Oruzgan"
USA,5e9875ec1b282bbb,"Concord-Padgett Regional"
USH,6a16ebb8856b864b,"Malvinas Argentinas"
USI,59d9aa36237446a1,"Mabaruma"
USJ,39f4c0294a8ec54e,"Usharal"
USK,3ab7ee5b7425ce5f,"Usinsk"
USL,2330fa6161947f00,"Useless Loop"
USM,296d0dc4eb41abf4,"Samui"
USN,2e282e733b9a03bd,"Ulsan"
USQ,1cf50ba4bdb7aa13,"Usak"
USR,34a1e7f02c03618e,"Ust-Nera"
USS,5c93e5c5921b730d,"Sancti Spiritus"
UST,5d997fa1725c87fe,"Northeast Florida Regional"
USU,2a257c356055851c,"Francisco Reyes"
UTA,1d4c5569d781922e,"Mutare"
UTB,4e31a1e315cac468,"Muttaburra"
UTD,240e6faf112eb8da,"Nutwood Downs"
UTE,1c26a5b530c438a0,"Bultfontein"
UTG,1c284add6c15f7ea,"Quthing"
UTH,2b559cb2d878b564,"Udon Thani"
UTI,3cae8e1578ad60b2,"Utti"
UTK,49af340a0c5b9799,"Utirik"
UTM,5e76f81888bf5cbf,"Tunica Muni"
UTN,1b29ad53a7463656,"Pierre Van Ryneveld"
UTO,335df93a06b6d22d,"Indian Mountain LRRS"
UTP,2a57e74b64b1b3be,"U-Tapao"
UTR,2b6617b39db8b5fa,"Uttaradit"
UTS,3abeb6c098f6712f,"Ust-Tsylma"
UTT,1c2a12c71b628c6d,"K. D. Matanzima"
UTU,59ac5857d9f17685,"Ustupu"
UTW,1c2509ca0261ffd3,"Queenstown"
UUA,3bdf39de0345ad3c,"Bugulma"
UUD,35eeb5318326e56e,"Baikal"
UUK,346b02f2bb7c2d79,"Ugnu-Kuparuk"
UUN,34fe2b866b26406e,"Baruun Urt"
UUS,31cdb3356a3a7741,"Yuzhno-Sakhalinsk"
UUU,4d6f3dad2873f912,"Manumu"
UVA,5d675e3470779d07,"Garner"
UVE,4a47059e0424c0cb,"Ouvea"
UVF,5ada5b638bc2ae40,"Hewanorra"
UVI,53e0662abceec093,"Uniao da Vitoria"
UVL,1dc3d463c62ad5f9,"El Kharja"
UVO,4d67d62755b0e458,"Uvol"
UWA,5fa9950678f1cbe8,"Ware"
UYL,1caa5b86fb8ce315,"Nyala"
UYN,2e5f0e40869241cc,"Yulin Yuyang"
UYU,54c122b77092e2e0,"Uyuni Joya Andina"
UZC,3fabc312be5b346b,"Ponikve"
UZR,39f1ae6e10ada2a2,"Urzhar"
UZU,52d63972378574bc,"Curuzu Cuatia"
VAA,3c9ce99931f5e708,"Vaasa"
VAC,3e8cf85f68250f36,"Varrelbusch"
VAD,5d9c2a6fd7fd93da,"Moody Air Force Base"
VAF,18fbf26443f1a9bd,"Valence-Chabeuil"
VAG,53fd6c26350bae96,"Major Brigadeiro Trompowsky"
VAH,54c6bf05b6444bbf,"Vidal Villagomez Toledo"
VAI,4f71708cdd3fded8,"Vanimo"
VAK,326ca0730a0cd3d3,"Chevak"
VAL,115161ad240b857b,"Valenca"
VAM,28ba5e522edb2e4e,"Villa"
VAN,3ee7158c23c84302,"Van Ferit Melen"
VAO,4c6181482d9b599e,"Suavanao"
VAP,51bd0b1250a8738f,"Rodelillo"
VAR,3fb5d0c117691af8,"Varna"
VAS,3edf37be901e80d4,"Sivas Nuri Demirag"
VAT,24f4043890260952,"Vatomandry"
VAV,464d6fa0788ca862,"Vava'u"
VAW,3b94f7932971570a,"Vardo Svartnes"
VBA,2b7c4d0c7dd0a794,"Ann"
VBC,2c63e32fb78f1f41,"Chanmyathazi"
VBG,5e364a2d5cc9877a,"Vandenberg Space Base"
VBP,2a625c064cc51f97,"Bokpyinn"
VBS,3f9d66d7c611ec45,"Brescia"
VBV,474cae987b52ba85,"Vanua Balavu"
VBY,3d9ce598fa7c7889,"Visby"
VCA,294ff7bea02a4fd9,"Can Tho"
VCC,52ea44427dd69e91,"Vacaria"
VCD,240de30302675e7e,"Victoria River Downs"
VCE,3f9cb53ab54e903a,"Venice Marco Polo"
VCF,50ba76a96e2946d6,"Valcheta"
VCH,52d1924977c0f8f9,"Vichadero"
VCL,2a4f8c070df27bfd,"Chu Lai"
VCP,53f91a766d9235e2,"Viracopos"
VCS,294bc4cd72115b96,"Con Dao"
VCT,5d66ced7e5ed2f37,"Victoria Regional"
VCV,5e36b5501a4d48d6,"Southern California Logi"
VDA,1dd99fea37eb18ad,"Ovda"
VDB,3d87e032add5a78f,"Fagernes Leirin"
VDC,105d16b28286cd01,"Glauber de Andrade Rocha"
VDE,14de4c006f0fbf9e,"El Hierro"
VDH,2b46e2a5d9b3cfaa,"Dong Hoi"
VDI,5d9f4f6a072fecd7,"Vidalia Regional"
VDM,50bae052330906ed,"Gobernador Castello"
VDO,2c40dd69b01a79a0,"Van Don"
VDP,59cc8db2428817af,"Valle de La Pascua"
VDR,52c00aafe4abbb78,"Villa Dolores"
VDS,3b95edea52c9b679,"Vadso"
VDY,2aaf81678a990fa8,"Jindal Vijaynagar"
VDZ,3346ff3722336863,"Valdez Pioneer"
VEE,34548c9cd062a523,"Venetie"
VEG,58dfa5aae6946a49,"Maikwak"
VEL,5f541fd6baffc0ca,"Vernal Regional"
VER,5b6bd083ed877325,"Heriberto Jara"
VEV,4c667e39e42de575,"Barakoma"
VEX,3605a05fdf9dc836,"Tioga Muni"
VEY,3c6c35cf7cb69c4d,"Vestmannaeyjar"
VFA,1c4b801adc25e433,"Victoria Falls"
VGA,2b93b2cf49fe9733,"Vijayawada"
VGD,3cb7b3ad9f14c50f,"Vologda"
VGO,16fb9d35888a1f32,"Vigo"
VGS,51c83a76856d59d2,"General Villegas"
VGT,5e4a17a8ea7e100b,"North Las Vegas Metro"
VGZ,58a391e2d72a6da7,"Villa Garzon"
VHC,1b6e14bdba8ce1db,"Saurimo"
VHM,3c9a6ca80a8415bd,"Vilhelmina South Lapland"
VHN,5d5c8e5dcc09ef33,"Culberson County"
VHV,35c76031cecba7c9,"Verkhnevilyuisk"
VHY,3f8d797384266afb,"Vichy-Charmeil"
VHZ,404f6219231b163f,"Vahitahi"
VIA,52ee54514bc08ff1,"Videira"
VIE,3fa424979408ba41,"Vienna"
VIG,59ba8f4785d1ae3c,"Juan Pablo Perez Alfonso"
VIH,5e7fb49c732b9812,"Rolla National"
VII,2b591cad92f7a7a8,"Vinh"
VIJ,5bc8ae2ec58a4cb4,"Virgin Gorda"
VIL,15c2876576365e2d,"Dakhla"
VIN,3eb882d5008a53e9,"Vinnytsia/Gavyryshivka"
VIQ,261453eab253d044,"Viqueque"
VIR,1d21639226715143,"Virginia"
VIS,5e3a8b3ff2611941,"Visalia Muni"
VIT,17f9aabdd34bd753,"Vitoria"
VIU,4c635f684b1e465c,"Viru Harbour"
VIV,4d6827e8dd905224,"Vivigani"
VIX,114211bb1528fed9,"Eurico de Aguiar Salles"
VIY,3f874a99a660cb01,"Velizy-Villacoublay"
VJB,1d3a3ecff19a6479,"Xai-Xai"
VJI,5e9b4a2ea7f88eb8,"Virginia Highlands"
VJQ,1e49f0e08342e56f,"Gurue"
VKG,295f117928d2a28a,"Rach Gia"
VKO,3db1ec387fc94654,"Vnukovo"
VKS,5e70d1893ff17b22,"Vicksburg Muni"
VKT,39bee9a054246253,"Vorkuta"
VKV,3bbb2ce7a76ffd30,"Vaskovo"
VLA,5f81260fdea35ade,"Vandalia Muni"
VLC,17fe2da275a40246,"Valencia"
VLD,5d9c223ec8fed50b,"Valdosta Regional"
VLE,5e498069bd7d3087,"Valle"
VLG,51c2ee9ff2eeee07,"Villa Gesell"
VLI,4a429e4edf4937ec,"Bauerfield"
VLL,17f478f9b07ea1db,"Valladolid"
VLM,53cebc927501cb37,"Teniente Rafael Pabon"
VLN,59cf2bf187ab1988,"Arturo Michelena"
VLP,56e0fdd5fddd9727,"Vila Rica"
VLR,52b94c7e7809312c,"Vallenar"
VLS,4a43c8063c540dfb,"Valesdir"
VLV,59bdb26f3c44f0e2,"Dr. Antonio Nicolas Briceno"
VLY,3e7c7760692318a4,"Anglesey"
VME,51bbefd345901b35,"Villa Reynolds"
VMI,53dc911c0f4717dc,"Nacional Juan Plate"
VMU,4e6786899f79dbe6,"Baimuru"
VNA,2b40ebb4ef5e7d2c,"Saravane"
VNC,5d915f32c05b69df,"Venice Muni"
VND,23f80a378f69c9da,"Vangaindrano"
VNE,3f7aa13538bcb29a,"Vannes-Meucon"
VNO,3dafc2f837d189f8,"Vilnius"
VNR,4e4abc8721b36dc9,"Vanrook Station"
VNS,2c9d455e55d8bb7a,"Lal Bahadur Shastri"
VNT,3dab4400639a1a7d,"Ventspils"
VNX,1e31c1886bf09269,"Vilankulo"
VNY,5e35847e08f19171,"Van Nuys"
VOD,3f90cae3978ccb81,"Vodochody"
VOG,3dd539bf0362eab1,"Volgograd"
VOH,25f61633b6ed2be8,"Vohemar"
VOI,1691a90a8c039d42,"Voinjama"
VOK,5f7df26bc726d76c,"Volk"
VOL,1bf617faf226acbf,"Nea Anchialos National"
VOT,54e1d11676a81439,"Votuporanga"
VOZ,3dc7701b1b9cce30,"Voronezh"
VPE,1a4ebd4041660dac,"Ngjiva Pereira"
VPG,1f73490cfda898ba,"Vipingo Estate"
VPN,3c68c5d80fe297ef,"Vopnafjorour"
VPS,5d8b957e8cc9a119,"Destin-Fort Walton Beach"
VPY,1d4e44f58d59b537,"Chimoio"
VPZ,5f877612abd119b4,"Porter County Muni"
VQQ,5d9a6a263db200e2,"Cecil"
VQS,5bc870606ab70fc7,"Antonio Rivera Rodriguez"
VRA,5c9686dd53d4e2a7,"Juan Gualberto Gomez"
VRB,5d93a9b4a76d7c31,"Vero Beach Regional"
VRC,2a1ad308bf1e6b84,"Virac"
VRE,1b21118a0e0daf0c,"Vredendal"
VRI,3ab279de6979778e,"Varandey"
VRK,3cab71b950d9128a,"Varkaus"
VRL,16fd6afb5d304f57,"Vila Real"
VRN,3f9d84107400e695,"Verona-Villafranca"
VRO,5c969a3f3e9d2482,"Kawama"
VRS,5f7080dbe868e783,"Roy Otten Memorial"
VRU,1c23e943e4ab1057,"Vryburg"
VRZ,1038eacac8d8436c,"Padre Israel"
VSA,5b777987809d2178,"Carlos Rovirosa Perez"
VSE,16fd51ad5f73115f,"Aerodromo Goncalves Lobato"
VSF,5fab7caec396aa98,"Hartness State"
VST,3d98a35cc78d5900,"Stockholm Vasteras"
VTB,3db94b888bb19910,"Vitebsk Vostochny"
VTE,2b57a98062d9238c,"Wattay"
VTF,484761d3e778d7b8,"Vatulele"
VTG,2a40b6a347d71565,"Vung Tau"
VTM,1dd8df5d557ee596,"Nevatim"
VTN,5f6a7aad1461f8e6,"Miller"
VTU,5ca06735c140ee76,"Hermanos Ameijeiras"
VTZ,2b964c558e47f268,"Visakhapatnam"
VUP,5ab039521e48851d,"Alfonso Lopez Pumarejo"
VUS,3bcd06247bad8786,"Velikiy Ustyug"
VUU,1e5512e9e53d11b5,"Mvuu Camp"
VVB,24f20f32fbd27922,"Mahanoro"
VVC,58bd21e1eaffe715,"Vanguardia"
VVI,54c9e7060a0d954c,"Viru Viru"
VVK,3d9cbf9953135324,"Vastervik"
VVN,55bb30fcdfbc6707,"Las Malvinas/Echarate"
VVO,32e717d44b27b682,"Vladivostok"
VVZ,19d804f664f875d9,"Illizi Takhamalt"
VXC,1e556cb2354a00bf,"Lichinga"
VXE,13b649159822fb83,"Sao Pedro"
VXO,3d9f9f3bbc18f255,"Vaxjo Kronoberg"
VYD,1d22c10cd6f10597,"Vryheid"
VYI,35c54b7897a01419,"Vilyuisk"
VYS,5f8722043abfba88,"Illinois Valley/Duncan"
WAA,3376078c035950ee,"Wales"
WAD,24f94821062a06b7,"Andriamena"
WAE,2bff709818d6146c,"Wadi Al Dawasir"
WAF,2eb054872038ea9a,"Wana"
WAG,480cc1301cb14908,"Wanganui"
WAH,3701383b49992d58,"Harry Stern"
WAI,25f15b1fe86b2241,"Ambalabe"
WAJ,4e6da032b6fffa84,"Wawoi Falls"
WAK,1f35b9b276889409,"Ankazoabo"
WAL,5eae3de5da326707,"Wallops Flight Facility"
WAM,24f920638a7c16b0,"Ambatondrazaka"
WAN,4e3520e07a9e4914,"Waverney"
WAO,4e66ad1fed75b3d5,"Wabo"
WAP,50a39904d09e3f36,"Alto Palena"
WAQ,1f486841fe09e281,"Antsalova"
WAT,3e7e29480115141f,"Waterford"
WAU,240099c0525c9c8c,"Wauchope"
WAV,240ae35851a7b501,"Wave Hill"
WAW,3ea871ed58b06501,"Warsaw Chopin"
WAX,19ef1afff75caa1c,"Zuwarah"
WAY,5f937ad8e6079ec4,"Greene County"
WAZ,4c2bb20fb0fd13d2,"Warwick"
WBA,2707d20e888b0f46,"Wahai"
WBB,33627b40bf8a112b,"Stebbins"
WBC,4d672fd21adf2111,"Wapolu"
WBD,25f03dd57bc33dbb,"Avaratra"
WBE,25f23db36bcd4739,"Ankaizina"
WBG,3e98137c9c299bbc,"Schleswig"
WBK,5f8ddd3d1c406d6b,"West Branch Community"
WBM,4e6ae25a7eed92fd,"Wapenamanda"
WBO,23fd6bda459f3f86,"Antsoa"
WBQ,345288a1e0a25dfa,"Beaver"
WBR,5f8caa4d91a1e7a9,"Roben Hood"
WBU,5f53bf8e0164f439,"Boulder Muni"
WBW,5fa71053736631a9,"Wilkes Barre Wyoming Valley"
WCA,50a6526cae3fc635,"Gamboa"
WCD,2225c728f9a53d41,"Carosue Dam"
WCH,50a5775e4cb13fb7,"Nuevo Chaiten"
WCR,3454b99e674676dd,"Chandalar Lake"
WDA,2afea2926292b88b,"Al Ain/Shabwah Yemen"
WDG,5e6ace36236a5c9c,"Enid Woodring Regional"
WDH,1b32b424e07046c2,"Hosea Kutako"
WDI,4c3c0a45a9f8a359,"Wondai"
WDN,331eba7a7f633864,"Waldron"
WDR,5e940b9678874df2,"Barrow County"
WDS,2e41907b86fa938e,"Shiyan Wudangshan"
WEA,5e61b793b7ae56fa,"Parker County"
WED,4d680e77a20aa7e9,"Wedau"
WEF,2e3b992478c2db5c,"Weifang Nanyuan"
WEH,2e3c2fe17e202f36,"Weihai Dashuibo"
WEI,4e5c8f837a199c4a,"Weipa"
WEP,4f605500d77e2aaf,"Weam"
WET,4f7c3c4b56a7afc7,"Wagethe"
WEW,4c2f5b35d8fb80fb,"Wee Waa"
WFI,23fe23c650858be0,"Fianarantsoa"
WFK,3a0dd87ab9dba4f6,"Northern Aroostook Regional"
WGA,4c1f8c3276d87c21,"Wagga Wagga City"
WGB,2da9de488144448d,"Bahawalnagar"
WGC,2b97f517b76f1298,"Warangal"
WGE,4d225ed4b810476c,"Walgett"
WGN,2d4163f27befb7e5,"Shaoyang Wugang"
WGO,5f91ccefb7b5c4a0,"Winchester Regional"
WGP,26215cfb2617ff96,"Umbu Mehang Kunda"
WGT,4d11500013a4ca94,"Wangaratta"
WHA,2d3d508d397bdd6e,"Wuhu Xuanzhou"
WHB,233b454502cdc9ae,"Eliwana"
WHF,1dc72fd38d59328d,"Wadi Halfa"
WHK,48171b347f2d24a0,"Whakatane"
WHL,4c0ef45f39a34f03,"Welshpool"
WHN,2d4a0b2f2edfb553,"Wuhan Hannan Muni"
WHO,4906492e6f9646e5,"Franz Josef Aerodrome"
WHP,5e3586af84e12ce6,"Whiteman"
WHS,3d79ee8bb48389bb,"Whalsay"
WHT,5d68f002a5d2b3ad,"Wharton Regional"
WHU,2d3d6d539c8cfaa0,"Wuhu Wanli/Wuhu"
WIB,5e6575c9d373a781,"Wilbarger County"
WIC,3d7fa0d4d3a30ef0,"Wick"
WIE,3f9307e65f59cb62,"Wiesbaden Army"
WIK,481c47012d65df02,"Waiheke Reeve"
WIL,1e7cb7d1ab0e3406,"Nairobi Wilson"
WIN,4e34ba8448d9aae3,"Winton"
WIO,4d2c13d71deaecad,"Wilcannia"
WIR,4806e68167a4b7a1,"Wairoa"
WIT,233b0e5c777a6070,"Wittenoom"
WIU,4d7b1b4bcc246064,"Witu"
WJA,4a937a5219dda290,"Woja"
WJF,5e369b8027f19eac,"General William J Fox"
WJR,1f8458760e111f27,"Wajir"
WJU,2e2d7952ec8d4b24,"Wonju/Hoengseong"
WKA,60918318390d5c55,"Wanaka"
WKB,4d195238fe9d06a9,"Warracknabeal"
WKF,1c3d1285ebdc9d79,"Waterkloof Air Base"
WKI,1c4c7c531107afdc,"Hwange"
WKJ,31cbecd7cf956a7e,"Wakkanai"
WKK,3259e718fe139bf6,"Aleknagik"
WKN,4c6bd7a948016b37,"Wakunai"
WKR,5da207686fdbcc99,"Walkers Cay"
WLA,2423911f8665a988,"Wallal"
WLC,4c2a303c4d18f362,"Walcha"
WLD,5e6cee4684559ac5,"Strother"
WLE,4d20e7cadc46038d,"Miles"
WLG,480c85e8a28f69bc,"Wellington"
WLH,4a55033816302933,"Walaha"
WLK,336c7141137b7620,"Selawik"
WLL,4f43aeb8dd0d542e,"Wollogorang"
WLO,241c280384d16c22,"Waterloo"
WLP,2329f4f7621e6163,"West Angelas"
WLS,475465c0f965f01c,"Hihifo"
WLW,5f325b5887bf2e8f,"Willows Glenn County"
WMA,24fe2ea0ee7e41d7,"Mandritsara"
WMB,4d160d4083e96750,"Warrnambool"
WMC,5f36f0fecefd9f2c,"Winnemucca Muni"
WMD,1f37f750f657373a,"Mandabe"
WME,222de7139af78b33,"Mount Keith"
WMH,5e7a9dbf4b1791fc,"Ozark Regional"
WMI,3ea77a1a2bb6e58d,"Modlin"
WML,24f166f75eec1c8c,"Malaimbandy"
WMN,25f001edf098d3c0,"Maroantsetra"
WMO,336596cb9d1786c6,"White Mountain"
WMP,24fe534201992014,"Mampikony"
WMR,24fd0e5a6ffbf574,"Mananara Nord"
WMT,2d5420e69c12349f,"Zunyi Maotai"
WMX,4f7639227f34637c,"Wamena"
WNA,326b447d210922c1,"Napakiak"
WND,222aa2f0b112458d,"Windarra"
WNH,2c576fe16192f13e,"Wenshan Puzhehei"
WNI,261fc6288a7c254a,"Matahora"
WNN,3811255c56a688e5,"Wunnumin Lake"
WNP,2a1af4700027ff72,"Naga"
WNR,4e3324b7e308d0cb,"Windorah"
WNS,2cbfb8eb21c05eeb,"Shaheed Benazirabad"
WNU,4e760aa0703f5031,"Wanuma"
WNZ,2d24d4db932d9d50,"Wenzhou Longwan"
WOA,4e64acbd7aad92dc,"Wonenara"
WOE,3f808f933879c4bf,"Woensdrecht"
WOK,59d05754f15f9055,"Wonken"
WOL,4c189ec8794daa02,"Shellharbour"
WON,4e4c64aff321b1df,"Wondoola"
WOS,32eaf5ac9a83a843,"Wonsan Kalma"
WOT,2c27e61535e76aab,"Wang'an"
WOW,335556012e73eca1,"Willow"
WPA,6a056f4d0870eb31,"Cabo 1 Juan Roman"
WPB,24ff5a9b3dc81fc3,"Port Berge"
WPC,35104036a0569f9f,"Pincher Creek"
WPK,4e45cf6ec3e753ee,"Wrotham Park"
WPM,4e6b4f886d691afa,"Wipim"
WPO,5f51502b4143b0c6,"North Fork Valley"
WPR,6a149a9165b83455,"Captain Fuentes Martinez"
WPU,6a17fc643bd9ca28,"Guardiamarina Zanartu"
WRA,29f5ed533f44bb11,"Warder"
WRB,5e91120bb6b73c50,"Robins Air Force Base"
WRE,481e67a581a62603,"Whangarei"
WRG,333c55c3f4027f40,"Wrangell"
WRI,5fa34eeffcbf9e93,"Mc Guire Air Force Base"
WRL,35073ba67f274bd0,"Worland Muni"
WRN,22352dfb8cb7f5a6,"Windarling"
WRO,3ead1325629205ca,"Copernicus Wroclaw"
WRR,270e6a6ef934f70c,"Werur/Mar"
WRT,3e7ba6917f9480a5,"Warton Aerodrome"
WRW,232f9f87d456f5c6,"Warrawagine"
WRZ,2993b966cd100141,"Weerawila"
WSA,4e6c621468fcaef9,"Wasua"
WSG,5f94736a7df14289,"Washington County"
WSH,5fa58e707f370241,"Brookhaven Calabro"
WSK,2d4cbf95d6e6631a,"Chongqing Wushan"
WSM,3453d5287ec4f822,"Wiseman"
WSO,59e015b821ed5719,"Washabo"
WSP,5a9d2c6460b64ed8,"Waspam"
WSR,27071736fcd5f4df,"Wasior"
WST,5fa7a283f768c26b,"Westerly State"
WSU,4e61d85a2a73fa4b,"Wasu"
WSY,4d4812a5399a6ba6,"Shute Harbour/Whitsunday"
WSZ,49037df712c137e0,"Westport"
WTA,1f479ff48c55bfd9,"Tambohorano"
WTB,4c2bcfb612913aed,"Toowoomba Wellcamp"
WTD,5d90edfb89e51c73,"West End"
WTE,499ed487d25e78b5,"Wotje"
WTK,336db9a1826e1e0d,"Noatak"
WTL,326a502acf428470,"Tuntutuliak"
WTN,3e7cff0b0add53e7,"RAF Waddington"
WTO,4a9bf1ca39afe7ad,"Wotho Island"
WTP,4e605d4868afb074,"Woitape"
WTR,5e44c472b7c11988,"Whiteriver"
WTS,24f672028133708a,"Tsiroanomandidy"
WTT,4e63c6cea5a56cb4,"Wantoat"
WTZ,481a3efe5d79815b,"Whitianga"
WUA,2f5376b503ed944f,"Wuhai"
WUD,4e1adacb23ff7a88,"Wudinna"
WUG,4e62980716dc35c6,"Wau"
WUH,2d4c02199b42ae7e,"Wuhan Tianhe"
WUI,2229b8f1d5758597,"Murrin Murrin"
WUM,4d6bdc0fc7f6828f,"Wasum"
WUN,222fe47c1c09c030,"Wiluna"
WUS,2d334ba5557ca203,"Nanping Wuyishan"
WUT,2f4087a659b9bd3f,"Xinzhou Wutaishan"
WUU,1d948227c2ebda44,"Wau"
WUV,4e7da48dd28d6714,"Wuvulu Island"
WUX,2d3e11aaec781b97,"Sunan Shuofang"
WUZ,2c47472e678e73d7,"Wuzhou Xijiang"
WVB,1a3a92bda8da98c7,"Walvis Bay"
WVI,5e3c349f7c895890,"Watsonville Muni"
WVK,23fc034a4dd1040e,"Manakara"
WVL,3a0c6f9880a61ca9,"Waterville Robert Lafleur"
WVN,3e8bf122509da145,"Wilhelmshaven-Mariensiel"
WWA,335545156163a5a0,"Wasilla"
WWD,5fa147b98fb5167c,"Cape May County"
WWI,232d89cd828b54f2,"Woodie Woodie"
WWK,4e7b40c92a7c5dfc,"Wewak"
WWR,5e6b70dc9a75be62,"West Woodward"
WWT,326a88325fca3323,"Mertarvik"
WWY,4d11b86b88520d69,"West Wyalong"
WXN,2d4ce3cc060e4763,"Wanzhou Wuqiao"
WYA,4e16dabc85260bcf,"Whyalla"
WYE,159dabe4cb3e1bc3,"Yengema"
WYN,241f4e3416be91f9,"Wyndham"
WYS,3501778ac8cb6a1f,"Yellowstone"
WZQ,2f5746b6d586d9a5,"Urad Middle Banner"
XAI,2e401e98e070b9ed,"Xinyang Minggang"
XAL,5d41bd98227ea5cb,"Alamos"
XAP,52ed1ed1a6dd5e2b,"Serafin Enoss Bertaso"
XAR,17adc42bd7738118,"Aribinda"
XAU,58ebc535694846a0,"Saul"
XBE,371e5105f3ee7633,"Bearskin Lake"
XBG,17af876c85d66b22,"Bogande"
XBJ,2ec1ddcab09abb0d,"Birjand"
XBN,4d6b11ee06012689,"Biniguni"
XBO,17ae746036b77a8f,"Boulsa"
XBR,390f2cbfe7fa8da7,"Brockville/Thousand Islands"
XCH,254ff6d2804611a9,"Christmas Island"
XCL,36206226379ca452,"Cluff Lake"
XCM,5f992674fe76d4d3,"Chatham Kent"
XCO,4d14054fd6f5b2b8,"Colac"
XCR,3f8786ce81730f5f,"Chalons-Vatry"
XDE,17a52e2c90b3f853,"Diebougou"
XDJ,17aabfde2a3f8208,"Djibo"
XEN,2f35949cc40ebc99,"Xingcheng"
XES,5f8a31cd1b19c9a4,"Grand Geneva Resort"
XFN,2d4f5dce17452835,"Xiangyang Liuji"
XFW,3e9a27765e690de2,"Hamburg-Finkenwerder"
XGA,17a6026ca6935f3e,"Gaoua"
XGG,17afc4e9360fd6d8,"Gorom-Gorom"
XGN,1a4ccc282ee872fe,"Xangongo"
XGR,3a2696bf2d97dbae,"Kangiqsualujjuaq"
XIC,2d54e83262d0ea99,"Xichang Qingshan"
XIE,2b5cf6fbbd5a5ff2,"Xienglom"
XIG,56f93c8d92510add,"Xinguara Muni"
XIJ,2de7a291954028f9,"Ahmed Al Jaber"
XIL,34f65b99df9d3776,"Xilinhot"
XIN,2c398a243b6df60b,"Xingning"
XIY,2e45feec8b9f99d4,"Xi'an Xianyang"
XJD,2cec669a119aeb6a,"Al Udeid"
XJM,2ea2a4d13cf6b769,"Mangla"
XKA,18a469db15b09a2c,"Kantchari"
XKH,2b5b9e1addba639a,"Xieng Khouang"
XKS,381238ff33bbd3d6,"Kasabonika"
XKY,17ac89ada1ac6bde,"Kaya"
XLB,362d322aa356973b,"Lac Brochet"
XLS,14be1abec1ec4f31,"Saint Louis"
XLU,17a927ad0410e14c,"Leo"
XMA,29189403631988ed,"Maramag"
XMC,4c18270f58db6465,"Mallacoota"
XMD,5f6df5e836a9468c,"Madison Muni"
XMG,2d97b32541571615,"Mahendranagar"
XMH,415e312b7d16208b,"Manihi"
XMI,1e5fe683199588d6,"Masasi"
XML,4e149a47d482f8b7,"Minlaton"
XMN,2c3a2c468d074bc4,"Xiamen Gaoqi"
XMP,344b104090ab1c93,"Macmillan Pass"
XMS,57a85c39b78c0c62,"Coronel E Carvajal"
XMY,4e6b1e1658365298,"Yam Island"
XNA,5e7a5a0730f15757,"Northwest Arkansas National"
XNH,2decb9d9f573906d,"Ali"
XNN,2e6b149753e2d883,"Xining Caojiabao"
XNT,2e4c32fd97ae5783,"Xingtai Dalian"
XNU,17a471b62c2ea881,"Nouna"
XPA,18a2321b6668ef2b,"Pama"
XPK,361cb091f3945634,"Pukatawagan"
XPL,5a8c7a4e81132f79,"Palmerola/Jose Soto Cano"
XPP,371232757855d463,"Poplar River"
XPR,5f6b304f03a59774,"Pine Ridge"
XQP,599d284137f2ce5e,"Quepos Managua"
XQU,331de14caeb8c883,"Qualicum Beach"
XRH,4c19cb4e716b9f4f,"RAAF Base Richmond"
XRQ,34e9b829c28b4786,"New Barag Banner Baogede"
XRR,344605e00ab7900f,"Ross River"
XRY,17e0bad6471371e1,"Jerez"
XSB,2cea40670fac8b0d,"Sir Bani Yas"
XSC,5cb250617712ecae,"South Caicos"
XSD,5e3ef76a3e859150,"Tonopah Test Range"
XSE,18a199d66d726d71,"Sebba"
XSI,3710d99480c1682e,"South Indian Lake"
XSO,29280280021f6356,"Siocon"
XSP,285447a107dcc58c,"Seletar"
XTG,4d2eb88506042698,"Thargomindah"
XTL,37222083da702dfc,"Tadoule Lake"
XTO,4d311da53f2dd22d,"Taroom"
XTR,4c2fd7c9cf9fcb76,"Tara"
XUZ,2e34ae79a7b4aa9b,"Xuzhou Guanyin"
XWA,3603a37ffd5d7ca4,"Williston Basin"
XYA,4b6f369e47355db4,"Yandina"
XYE,2a6f87189b700c7c,"Ye"
XYI,2b34e119822f08cc,"Yongxing Dao"
XYR,4e7f3bd51ce2fc99,"Edwaki"
XZA,17ae21d644fd8dbe,"Zabre"
YAA,332f5f9a700348c6,"Anahim Lake"
YAB,3844a9f87d51addf,"Arctic Bay"
YAC,370cf67a79d636d0,"Cat Lake"
YAG,37088c2afad3c339,"Fort Frances Muni"
YAH,391e83d67f3c07d6,"La Grande-4"
YAI,51a4c9f5302e5149,"Gral. Bernardo OHiggins"
YAK,33494a34f2322624,"Yakutat"
YAL,332a3abfb1cb25fb,"Alert Bay"
YAM,380b3f78e09232db,"Sault Ste Marie"
YAN,1c8a2f77530885a1,"Yangambi"
YAO,1a84c105779457e0,"Yaounde"
YAP,4f97d4abd4db907d,"Yap"
YAR,39197c2285c47cee,"La Grande-3"
YAS,4847c61dfbdf20e7,"Yasawa Island"
YAT,381e365eddcdbae9,"Attawapiskat"
YAU,3928dc4a22e9fa93,"Donaldson"
YAX,38104cb9fbcfd469,"Wapekeka"
YAY,3b2f14e912958a5e,"St. Anthony"
YAZ,331af66afc8ae7b4,"Tofino/Long Beach"
YBA,341e9e4717e2e2a9,"Banff"
YBB,3830d359e2d81c6b,"Kugaaruk"
YBC,3a1c1295a868e45f,"Baie-Comeau"
YBE,36228c986b3e4c86,"Uranium City"
YBG,3a07d5c59e7b660c,"CFB Bagotville"
YBI,3b2c6d88290f512b,"Black Tickle"
YBK,37371a8427e9c0c1,"Baker Lake"
YBL,332c078a8322addc,"Campbell River"
YBO,333f4f504e902371,"Bob Quinn Lake"
YBP,2d568e2ace562db0,"Yibin Wuliangye"
YBR,360bccb6a279a8d3,"Brandon Muni"
YBS,371f1496b07b6cf8,"Opapimiskan Lake"
YBT,362c165d0897e93c,"Brochet"
YBV,371216df09c8fd69,"Berens River"
YBX,3b2d06c4af160586,"Lourdes-de-Blanc-Sablon"
YBY,351ac6cc97a76dfa,"Bonnyville"
YCA,331cf9a57e8e44ed,"Courtenay"
YCB,364f105b2137103b,"Cambridge Bay"
YCC,3a02416e6890fb6c,"Cornwall Regional"
YCD,331dda220518cf74,"Nanaimo"
YCE,5f9b3a8b5f2d9017,"Centralia/James"
YCG,34197009295342ed,"Castlegar/West Kootenay"
YCH,3b03f7582e06084d,"Miramichi"
YCK,354661987d50fb19,"Tommy Kochon"
YCL,3b100da12144f503,"Charlo"
YCM,5f9b87d4e7e3ccf2,"Niagara District"
YCN,3902a974fbc3e612,"Cochrane"
YCO,36421cca5dc07d7c,"Kugluktuk"
YCQ,342a83be6ad442ea,"Chetwynd"
YCR,37117ca79bf2060a,"Cross Lake Sinclair"
YCS,372eef55e51cee74,"Chesterfield Inlet"
YCT,351782072190cbcb,"Coronation"
YCU,2e47aab9e1439732,"Yuncheng Zhangxiao"
YCW,3411b22048b9f763,"Chilliwack"
YCY,394674665eacd77f,"Clyde River"
YCZ,341d759fd5b9dcfa,"Fairmont Hot Springs"
YDA,3443bcd2fe0d889a,"Dawson City"
YDB,334e62d996be5222,"Burwash"
YDC,3512d16db9b270b9,"Drayton Valley Industrial"
YDF,3b1fcf09029e2f74,"Deer Lake"
YDG,3b0591f63fe3c5ee,"Digby/Annapolis Regional"
YDJ,36294d0a578708fc,"Hatchet Lake"
YDL,34327b1b009d8bcc,"Dease Lake"
YDN,360cf194e368a4e7,"Dauphin Barker"
YDO,3a04d4e117590d8f,"Dolbeau St Felicien"
YDP,3a2f78cd05b13569,"Nain"
YDQ,342c788829e7c68a,"Dawson Creek"
YDT,331fc225e9481270,"Boundary Bay"
YDU,362c77fb95341079,"Kasba Lake"
YDV,37120e5528226e10,"Bloodvein River"
YDW,362b88481dadbacc,"North of Sixty"
YEB,380c3e63fcefdcb4,"Bar River"
YEC,2e2b58a967a9b12a,"Yecheon"
YEG,3514c87c22477946,"Edmonton"
YEH,2f507790de277c17,"Yinchuan Yueyahu"
YEI,1cf445893dda6740,"Bursa Yenisehir"
YEK,37298c41596203dc,"Arviat"
YEL,390033abbd847411,"Elliot Lake Muni"
YEM,39012ebbce2aa07a,"Manitoulin East Muni"
YEN,3605c55d0365501e,"Estevan"
YEO,3f72a3bccd06d53a,"RNAS Yeovilton"
YEQ,4e6af3f1b1ef9274,"Yenkis(Yankisa"
YER,3814a17f02f3629b,"Fort Severn"
YES,2deb0ff78036db3d,"Yasuj"
YET,341ffe55e5de762d,"Edson"
YEU,3862046fe8041df9,"Eureka"
YEV,3541fa2e9b94796b,"Inuvik Mike Zubko"
YEY,3908a74c5cb4d4f1,"Amos/Magny"
YFA,391011c61add6706,"Fort Albany"
YFB,393d561c7294a15c,"Iqaluit"
YFC,3b02b5fbad60af51,"Fredericton"
YFE,3a1a0b1f1bbc1414,"Forestville"
YFG,3a12c03717b59ecd,"Fontanges"
YFH,3804f11f3ff77b3f,"Fort Hope"
YFI,352c4c3d107dc84d,"Fort Mackay/Firebag"
YFJ,353f7aac735815e9,"Wekweeti"
YFO,361a9b06cba49dec,"Flin Flon"
YFR,352cfca2e661d54f,"Fort Resolution"
YFS,353365691cfa5bcd,"Fort Simpson"
YFX,3b2e495581d3bb93,"St. Lewis/Fox Harbour"
YGA,2d58446aad537d89,"Yongchuan Da'an General"
YGB,331df62340799276,"Texada Gillies Bay"
YGH,354263b184f13912,"Fort Good Hope"
YGJ,2e18aac1f4f1f11b,"Yonago Kitaro/Miho"
YGK,5f9ded22a2b0bcb3,"Kingston Norman Rogers"
YGL,39166fa66633b4c1,"La Grande Riviere"
YGM,3701dd9d414c7b23,"Gimli Industrial Park"
YGO,37176bee3894c457,"Gods Lake Narrows"
YGP,3b1339e7fab4374b,"Gaspe Michel-Pouliot"
YGQ,3806a4d413141901,"Geraldton Greenstone"
YGR,3b1a31bf282f5303,"Iles-de-la-Madeleine"
YGT,38490272b7dcaf2d,"Igloolik"
YGV,3b1379fd8d08ae53,"Havre-Saint-Pierre"
YGW,3915afc2997ecfd3,"Kuujjuarapik"
YGX,3717bb9959fb0cb6,"Gillam"
YGZ,38555497223c94b3,"Grise Fiord"
YHA,3b2d460216acec92,"Port Hope Simpson"
YHB,361849a380a18f6e,"Hudson Bay"
YHD,370aa6e396e3a39b,"Dryden Regional"
YHE,3412b21e917e3bac,"Hope/FVRD Regional"
YHF,380cbe3c533fcca0,"Hearst Rene Fontaine Muni"
YHG,3b2d45b4097d1c9e,"Charlottetown"
YHI,3644a0e2debf1343,"Ulukhaktok Holman"
YHK,3739e30d444e3485,"Gjoa Haven"
YHM,5f9b76294cde0d5b,"John C. Munro Hamilton"
YHN,380a9db8ef38faec,"Hornepayne Muni"
YHO,3b236375ba3fc7ae,"Hopedale"
YHP,37170ba7d3828768,"Poplar Hill"
YHR,3b1ac7380f39579a,"Chevery"
YHS,331ed6ce1ff68864,"Sechelt-Gibsons"
YHT,334e471c0444acf3,"Haines Junction"
YHU,3a0465025de218ea,"Montreal/Saint-Hubert"
YHY,35390720b5f19723,"Hay River/Merlyn Carter"
YHZ,3b09c6d71a81697c,"Halifax/Stanfield"
YIA,26472484082cecf1,"Yogyakarta"
YIB,370c8943c28c1ba7,"Atikokan Muni"
YIC,2d33dffcece4c5fd,"Yichun Mingyueshan"
YIE,34e2a9c350528b7a,"Arxan Yi'ershi"
YIF,3b1be3c915230793,"St Augustin"
YIH,2d4b69c0f2fd6b2e,"Yichang Sanxia"
YIK,3921da90a68d240c,"Ivujivik"
YIN,2f9d33b546f4a30e,"Yining"
YIO,384ba4fda48d757c,"Pond Inlet"
YIP,5f89f32c51bbd3b2,"Willow Run"
YIV,3717541ce9cdb1f5,"Island Lake"
YIW,2d3804e266a25405,"Yiwu"
YJA,341cf8771ec0cda1,"Jasper"
YJF,343e43a08d6044a6,"Fort Liard"
YJN,3a045ca10ee82d86,"St Jean"
YJP,341df6ed4c7f8c4e,"Jasper-Hinton"
YJS,32ec90ec1d5f5a5a,"Samjiyon"
YJT,3b1e9c630a921c46,"Stephenville"
YKA,3415cacc29b5c01a,"Kamloops John Moose Fulton"
YKC,362925fb57c0d0b9,"Collins Bay"
YKD,5f9d3c0402ecb2e3,"Kincardine Muni"
YKE,371774d29098734f,"Knee Lake"
YKF,5f9c6103727851e4,"Waterloo"
YKG,392fa1967a00a57e,"Kangirsuk"
YKH,33f6428a790909be,"Yingkou Lanqi"
YKJ,362518431c8f3a60,"Key Lake"
YKL,3a19f4a6bea2a9a6,"Schefferville"
YKM,341048770fa17f0f,"Yakima Air McAllister"
YKN,5f6aede177afdafe,"Chan Gurney Muni"
YKO,3ee74153fd2c526c,"Hakkari Yuksekova"
YKQ,391601f2478355d8,"Waskaganish"
YKS,34c918746017d938,"Yakutsk"
YKU,39146aa337969e13,"Chisasibi"
YKX,390581c03acdc7b4,"Kirkland Lake"
YKY,351a5d26ca4f87d2,"Kindersley"
YKZ,5f9c8f2e77447f29,"Buttonville Muni"
YLB,3518eac742d4527a,"Lac La Biche"
YLC,393c290250434f7c,"Kimmirut"
YLD,380e62d23477c1cb,"Chapleau"
YLE,353a65e80ad78809,"Whati"
YLG,223a8759a8d197fa,"Yalgoo"
YLH,381400a46532b2d8,"Lansdowne House"
YLI,3ca81544e03d9928,"Ylivieska"
YLJ,351ea2f68a9e9565,"Meadow Lake"
YLK,5f9e7679c8c87b7a,"Barrie-Lake Simcoe"
YLL,351a9bf78bfc1ce1,"Lloydminster"
YLP,3b12797fff097cc5,"Mingan"
YLQ,3a04a681e34a15ac,"La Tuque"
YLR,361ed929df125862,"Leaf Rapids"
YLS,390abce47452ec41,"Lebel-sur-Quevillon"
YLT,386ba0f9e5d960b5,"Alert"
YLV,3ded4bf5d033b32f,"Yevlakh"
YLW,3416aa14d54338e6,"Kelowna"
YLX,2c446b6234141ff7,"Yulin Fumian"
YLY,331fbdc8ec44a390,"Langley"
YMA,34457fa3fb4001db,"Mayo"
YMB,3414b6dec355ae9a,"Merritt"
YME,3a1d1d9757b461bb,"Matane"
YMG,38089947c01618de,"Manitouwadge"
YMH,3b2e46063e4307d0,"Mary's Harbour"
YMJ,36100e31c848a8c9,"Moose Jaw McEwen"
YMK,39c20d1eaedae36c,"Mys Kamenny"
YML,3a09c7b35cd9901a,"Charlevoix"
YMM,352b2ccfe92fe29a,"Fort McMurray"
YMN,3b25659282943153,"Makkovik"
YMO,3902f8dcb897648d,"Moosonee"
YMP,332a37deb4dd07ed,"Port McNeill"
YMS,56adb8384d483deb,"Moises Benzaquen Rengifo"
YMT,390fe4ef32583b7f,"Chapais"
YMV,384a6cb5020e9855,"Mary River Aerodrome"
YMW,390e6625b4e4a2a8,"Maniwaki"
YMX,3a025ef5ca71ecb2,"Montreal/Mirabel"
YNA,3b1790707e49efe3,"Natashquan"
YNB,1ec59fa41409fee9,"Yanbu/Abdul bin Abdulaziz"
YNC,391542bf1e550e85,"Wemindji"
YND,390f4bc91ea2a064,"Ottawa/Gatineau"
YNE,37116606678e3d76,"Norway House"
YNG,5f966e1da4897189,"Youngstown Warren Regional"
YNH,342a93d2185d1bb8,"Hudsons Hope"
YNJ,32eb67b4db354da6,"Yanji Chaoyangchuan"
YNL,36283b3aa8a16cae,"Points North Landing"
YNM,3908dc4d21bf26e2,"Matagami"
YNO,371a147355d1fea4,"North Spirit Lake"
YNP,3b2161bf3beee562,"Natuashish"
YNS,391a2f9faebdfb22,"Nemiscau"
YNT,2e3e6201ee486420,"Yantai Penglai"
YNX,3633416e33bb7485,"Snap Lake"
YNY,2e2f62b2824eadc7,"Yangyang"
YNZ,2e3333df7fe48e35,"Yancheng Nanyang"
YOA,3634793c195e6149,"Ekati"
YOC,345a3e393f6a3cce,"Old Crow"
YOD,351bc5b1aeaad1be,"CFB Cold Lake"
YOE,352145c6a6356360,"Donnelly"
YOG,3808f08e7de590e9,"Ogoki Post"
YOH,371676f39620ecba,"Oxford House"
YOI,39193ca8bc0a2e61,"Opinaca Aerodrome"
YOJ,3524bcb1a8dfaf8d,"High Level"
YOL,1a96c7e6e8b18231,"Yola"
YON,2d72b7b6d15d0675,"Yongphulla"
YOO,5f9d9232119de9cf,"Oshawa Executive"
YOP,3521d521e96eac34,"Rainbow Lake"
YOS,5f9e4a958a1e9253,"Owen Sound/Billy Bishop"
YOT,1dda94ce8c9767ef,"Yotvata"
YOW,390f494c378af567,"Ottawa Macdonald-Cartier"
YPA,36127927e1711d98,"Prince Albert Glass"
YPB,331ce2ed4fc894ad,"Alberni Valley Regional"
YPC,354ca0da658dce94,"Paulatuk Aliqatchialuk Ruben"
YPD,3906292373c38206,"Parry Sound Area Muni"
YPE,352166468d7cc0c9,"Peace River"
YPG,360fc227bd3ecf56,"Portage-la-Prairie/Southport"
YPH,39232ae6ec98fb86,"Inukjuak"
YPJ,3a2086f009a84156,"Aupaluk"
YPL,370fe9b37a8eac83,"Pickle Lake"
YPM,3708f3e791600678,"Pikangikum"
YPN,3b126d6949c323c9,"Port Menier"
YPO,381884090f95984f,"Peawanuck"
YPQ,5f9dad35f0b89dec,"Peterborough Muni"
YPR,332bf235ac3d69e2,"Prince Rupert"
YPS,3b1c0d951f2ffb7c,"Port Hawkesbury"
YPW,331df96b6b33bdc2,"Powell River"
YPX,39237f6c6e863d56,"Puvirnituq"
YPY,352e800428ce4624,"Fort Chipewyan"
YPZ,3421ad424e88e86c,"Burns Lake"
YQA,39071db9f47683ed,"Muskoka"
YQB,3a07aa1ffa65a98d,"Quebec Jean Lesage"
YQC,392eda6de75a0222,"Quaqtaq"
YQD,361b760de810aa0e,"The Pas"
YQF,3512ad1a8b2a821c,"Red Deer Regional"
YQG,5f9905729e983670,"Windsor"
YQH,3437926c026c0c0d,"Watson Lake"
YQI,3b05813aba42d4a2,"Yarmouth"
YQK,3707b10330689f18,"Kenora"
YQL,35123673d084e9a1,"Lethbridge County"
YQM,3b05ed2bbc647324,"Greater Moncton Romeo LeBlanc"
YQN,3806bbd42f2ca8ed,"Nakina"
YQQ,331cfc99bb606395,"Comox Valley"
YQR,36120b0007fbee5c,"Regina"
YQS,5f9a479a81c9493f,"St Thomas Muni"
YQT,3801764ce8dd9f0d,"Thunder Bay"
YQU,342d5d186356ea22,"Grande Prairie"
YQV,361707f5331e94a2,"Yorkton Muni"
YQW,351d7981a06b3255,"North Battleford"
YQX,3c15e3b3d5951139,"Gander/CFB Gander"
YQY,3b1e2df1c46ab6a0,"Sydney/Douglas McCurdy"
YQZ,342533cca2f585b7,"Quesnel"
YRA,353b986b6ce5012b,"Rae Lakes"
YRB,375b0d27a5cb79fa,"Resolute Bay"
YRD,332d8f31abc81025,"Dean River"
YRF,3b2a59a462e11bb6,"Cartwright"
YRG,3b275a5a01334e0a,"Rigolet"
YRI,3a0ad989b8676354,"Riviere-du-Loup"
YRJ,3a04da58ea26378e,"Roberval"
YRL,3708e7018c907644,"Red Lake"
YRM,3511b57377c4444f,"Rocky Mountain House"
YRO,390f4995388eac7d,"Ottawa/Rockcliffe"
YRQ,3a058544e31677ee,"Trois-Rivieres"
YRR,332d15496092e384,"Stuart Island"
YRS,371956c5379081b3,"Red Sucker Lake"
YRT,372cceee70657561,"Rankin Inlet"
YRV,3419be1e9e3e27c1,"Revelstoke"
YSA,3c01e6b6db70cb06,"Sable Island Strip"
YSB,39034fd28e85e68f,"Sudbury"
YSC,3a08700916044d86,"Sherbrooke"
YSE,331fddc0534d1fef,"Squamish"
YSF,3626698c43d9a08a,"Stony Rapids"
YSG,3632132dcd0fbe95,"Lutselk'e"
YSH,390f334ad311db50,"Smiths Falls-Montague"
YSJ,3b04b26cb72daaa1,"Saint John"
YSK,3912db75b9aa28fd,"Sanikiluaq"
YSL,3a0ed99a7dbaed17,"Saint-Leonard"
YSM,352dbfafffae0cdc,"Fort Smith"
YSN,3417bc841d769afe,"Shuswap Regional"
YSO,3b2459aab9fabf85,"Postville"
YSP,38078a7328db8e20,"Marathon"
YSQ,33e791e6415a6c36,"Songyuan Chaganhu"
YST,37165e1df7870552,"St. Theresa Point"
YSU,3b07f3a357f7e7d9,"Summerside"
YSV,3a2bbb8132beb0e0,"Saglek"
YSY,355f28035a80ec15,"Sachs Harbour"
YTA,390b4ea9079111ba,"Pembroke"
YTD,3712917f743bcb43,"Thicket Portage"
YTE,3932360fca6358cd,"Cape Dorset"
YTF,3a05deb9fcc859a9,"Alma"
YTH,3712a0b3fd9716b4,"Thompson"
YTL,381043a1a6d5e3e6,"Big Trout Lake"
YTM,3a007e213de658ea,"Mont-Tremblant"
YTQ,3a20762b397607f1,"Tasiujaq"
YTR,5f9dc92477f29f92,"CFB Trenton"
YTS,390290260d3dfb71,"Timmins/Victor M. Power"
YTT,3615547e9ed627e6,"Tisdale"
YTW,2e9b4fcd39820f93,"Yutian Wanfang"
YTY,2e304f367fec9be1,"Yangzhou Taizhou"
YTZ,5f9c87340b6fbd42,"Billy Bishop Toronto Centre"
YUA,2c5ee26d294e14d0,"Yuanmou"
YUB,3554153ac595ba51,"Tuktoyaktuk/James Gruben"
YUD,3917e671a4f778f1,"Umiujaq"
YUE,231b0d463d99d79a,"Yuendumu"
YUL,3a035ab97ad9b406,"Montreal Dorval"
YUM,5e410366bf58ce46,"Yuma Marine Corps"
YUS,2e61db505a12fb87,"Yushu Batang"
YUT,38347ca607f21408,"Naujaat"
YUX,383ae0d9a48b3710,"Hall Beach"
YUY,390797323045bb2e,"Rouyn Noranda"
YVB,3b12168cf9062e58,"Bonaventure"
YVC,3614bac621600665,"La Ronge"
YVD,4e638d6e0dd5b195,"Yeva"
YVE,3417a1a2e5e6fe4f,"Vernon"
YVG,3519a69d40cc535b,"Vermilion"
YVM,394e1772baf08311,"Qikiqtarjuaq"
YVO,39099b43c5ed0f04,"Val-d'Or"
YVP,3a236598aa366c51,"Kuujjuaq"
YVQ,35423608d73a873a,"Norman Wells"
YVR,331fc091d08d47f9,"Vancouver"
YVT,351ffb1df6dfbdd3,"Buffalo Narrows"
YVV,5f9e3fff0be38a8c,"Wiarton"
YVZ,371823001d31428c,"Deer Lake"
YWA,390b4bc995f14159,"Petawawa"
YWB,392addba1fdbb5d3,"Kangiqsujuaq Wakeham Bay"
YWG,3701b4e0638994c2,"Winnipeg/James Richardson"
YWJ,35450f42fcf123d6,"Deline"
YWK,3a1bb13069258c31,"Wabush"
YWL,34241d899339c1cd,"Williams Lake"
YWM,3b2e42a10aade927,"Williams Harbour"
YWP,38152093afd35b7e,"Webequie"
YWY,3532bc8ccd07c0ae,"Wrigley"
YXC,341c5cf88a16c78b,"Cranbrook/Canadian Rockies"
YXE,351f5f367a77d666,"Saskatoon John Diefenbaker"
YXH,35162acf85b81994,"Medicine Hat Regional"
YXJ,342c952720091920,"Fort St John"
YXK,3a0cf2e6eaee114b,"Rimouski"
YXL,370cb280635dcf88,"Sioux Lookout"
YXN,372cb258477a755b,"Whale Cove"
YXP,393ec4e7580c82d3,"Pangnirtung"
YXQ,334eaac0f0078ea2,"Beaver Creek"
YXR,390578ae13ecabe1,"Earlton/Timiskaming"
YXS,342652c8946d4104,"Prince George"
YXT,332ed16c32ec0a91,"Northwest Terrace-Kitimat"
YXU,5f9b416891098da4,"London"
YXX,3410b359a003987b,"Abbotsford"
YXY,34401f2c11c65cf0,"Whitehorse/Erik Nielsen"
YXZ,380b60dd99f7d598,"Wawa"
YYA,2d48128b22f82aa4,"Yueyang Sanhe"
YYB,390740c268374837,"North Bay Jack Garland"
YYC,351178cd7f910986,"Calgary"
YYD,3420cb81b9a6e96b,"Smithers"
YYE,343d04b9131d5b60,"Fort Nelson"
YYF,34159a48e7ed10a2,"Penticton"
YYG,3b180c00927153b4,"Charlottetown"
YYH,374c0077ebba6d4b,"Taloyoak"
YYJ,331dbdcee6471625,"Victoria"
YYL,361cee66fa782a00,"Lynn Lake"
YYM,341f4f84f3b1512f,"Cowley"
YYN,351c1b6717f67c92,"Swift Current"
YYQ,372914de6ea830d8,"Churchill"
YYR,3b251989c74a9994,"Goose Bay"
YYT,3c1ae18f49058486,"St. John's"
YYU,380fa7cfbb9bfbb0,"Kapuskasing"
YYW,3802b3e587742a80,"Armstrong"
YYY,3a1c09791dd34f73,"Mont Joli"
YYZ,5f9c79a231b73d34,"Toronto Lester Pearson"
YZA,3414d4d11335ffa9,"Cache Creek-Ashcroft"
YZE,3900259aef793653,"Gore Bay Manitoulin"
YZF,353d33608f3e1339,"Yellowknife"
YZG,3925d0b67428960e,"Salluit"
YZH,352419fbee8ba0cd,"Slave Lake"
YZP,3327e7ecf1948e3f,"Sandspit"
YZR,5f9b10c252f92cee,"Chris Hadfield"
YZS,38391249bdf0fb37,"Coral Harbour"
YZT,332a417b934fcc1c,"Port Hardy"
YZU,35210a1bb700aec7,"Whitecourt"
YZV,3a1e5c8cfc030ab3,"Sept-Iles"
YZW,3432d985a1eb7c08,"Teslin"
YZX,3b06b7a56c6df4f1,"CFB Greenwood"
YZY,2f605fc8c2a5d9c3,"Zhangye Ganzhou"
YZZ,34186d70a6cc640c,"Trail"
ZAC,3715b31cde194db9,"York Landing"
ZAD,1af2d883e104a3c2,"Zadar"
ZAG,3fa93c1f6a6bd8da,"Zagreb/Franjo Tudjman"
ZAH,2dc8c9ce082232be,"Zahedan"
ZAJ,2dcc9b5204f2d653,"Zaranj"
ZAL,50ac8fa39d1a026a,"Pichoy"
ZAM,29250a9ca1d12d94,"Zamboanga"
ZAO,18f3e517bc44d990,"De Cahors-Lalbenque"
ZAR,19a72cb27cc4980e,"Zaria"
ZAT,2d529ab94bbcb9a9,"Zhaotong"
ZAZ,17fd78e839474857,"Zaragoza"
ZBE,3eaf4346dc95588b,"Zabreh Ostrava"
ZBF,3b12045ff2f9919f,"Bathurst"
ZBL,4d3154dbc5dc455c,"Biloela"
ZBM,3a055ef9935f19e0,"Bromont/Roland Desourdy"
ZBO,4d492a6869a6408e,"Bowen"
ZBR,2cdd05e72cabc1fa,"Chabahar Konarak"
ZBY,2b5bd44ea59b0522,"Sayaboury"
ZCL,5c56b05768dd4c60,"Leobardo C. Ruiz"
ZCO,50aeab19aa0b37cc,"La Araucania"
ZDY,2cea4acd2e57bffc,"Delma"
ZEC,1c2ff09c85847ce6,"Secunda"
ZEG,4f65e529b52d2f9d,"Senggo"
ZEL,332b8254dd3184b9,"Bella Bella/Campbell"
ZEM,391622e804e9b757,"Eastmain River"
ZEN,4e62ae31bffffc80,"Zenag"
ZER,2d7356436e009dcb,"Ziro"
ZFA,34452b5a38f798af,"Faro"
ZFD,36247957b3210954,"Fond-Du-Lac"
ZFL,2f9b4452e2e9e33d,"Zhaosu Tianma"
ZFM,344eea6ac2bdf249,"Fort Mcpherson"
ZFN,354311398795ae2d,"Tulita"
ZFW,342f6acd3e5207fc,"Fairview"
ZGF,341774322bcb9ed8,"Grand Forks"
ZGI,3718788de411d3d0,"Gods River"
ZGL,4e3415f19d93ec12,"South Galway"
ZGM,1c4ce2854e18343a,"Ngoma"
ZGR,371505b96c2d8569,"Little Grand Rapids"
ZGS,3b18aeb527ec3058,"La Romaine"
ZGU,4a553bdc11c0074b,"Gaua Island"
ZHA,2c414eb75f67c189,"Zhanjiang Wuchuan"
ZHH,345f6e595fb3173f,"Herschel Island"
ZHM,2c7aa57baba737de,"Shamshernagar"
ZHP,35213f85ea6aa462,"High Prairie"
ZHY,2e5dae6a62a099f0,"Zhongwei Shapotou"
ZIA,3db0fe8398fdfb30,"Zhukovsky"
ZIC,51a0b63870bbf6dc,"Victoria"
ZIG,14ae771295f625a9,"Ziguinchor"
ZIH,5b56d6b815c65801,"Ixtapa Zihuatanejo"
ZIS,1ad0ebd6c509ea02,"Alzintan"
ZIX,35b8b8ee8b12192f,"Zhigansk"
ZJG,3711738a065598b1,"Jenpeg"
ZJN,361a24807b7199dc,"Swan River"
ZKB,1d6b545f795dce88,"Kasaba Bay"
ZKE,391011f87704a253,"Kashechewan"
ZKG,3b179efec232260d,"Kegaska"
ZKL,2d588518a3b11d0a,"Zigong Fengming"
ZKP,33ae4a6c0e22c05c,"Zyryanka"
ZLO,5b5b40f3b15477ec,"Playa De Oro"
ZLR,51a6e68b9a903ef4,"Muni de Linares"
ZLT,3b1bd2aa035a78dc,"La Tabatiere"
ZLX,1ca6884ca74150b0,"Zalingei"
ZMD,56c318311fc499f9,"Sena Madureira"
ZMH,3415f7d69cad1a04,"South Cariboo/108 Mile"
ZMM,5b5dbadd0c888cbf,"Zamora"
ZMT,333805cdab6ac4e0,"Masset"
ZNC,326d10cfdeaf425a,"Nyac"
ZND,19aba7d67fa222a0,"Zinder"
ZNE,2328d756a6894bde,"Newman"
ZNZ,1f61cc8e22baffd6,"Abeid Amani Karume"
ZOS,50aa8a2069ce8aaa,"Canal Bajo Carlos"
ZPB,371b4ee4efa42626,"Sachigo Lake"
ZPC,50adbd93a08e3002,"Pucon"
ZPH,5d9552ccc3af102b,"Zephyrhills Muni"
ZPO,3612da50a5ec6bc3,"Pinehouse Lake"
ZQN,609291162d091377,"Queenstown"
ZQW,3f85fb49aec13214,"Zweibrucken"
ZQZ,2f456a0e50a94fab,"Zhangjiakou Ningyuan"
ZRH,3f992749242f9e64,"Zurich"
ZRI,4f7da84a3ea4567e,"Stevanus Rumbewas"
ZRJ,371d277db613a97c,"Round Lake/Weagamow Lake"
ZRM,4f77a418fc873f1d,"Mararena Sarmi"
ZRZ,59cda3b74b32b731,"Zaraza"
ZSA,5ca9c625775667c7,"San Salvador"
ZSE,23def9c29418b9ff,"Pierrefonds"
ZSJ,37192af00add39e1,"Sandy Lake"
ZSP,3519c0788d24f4fd,"St. Paul"
ZSS,168cfb7b323653d6,"Sassandra"
ZST,333e18fc27c35d66,"Stewart"
ZTA,404f0e2a4373244c,"Tureia"
ZTB,3b1acae80896de5f,"Tete-a-la-Baleine"
ZTH,1be3e256c625fe0d,"Zakynthos Dionysios Solomos"
ZTM,371ca40b6639bd24,"Shamattawa"
ZTR,3eb57dd9ab0c737f,"Zhytomyr"
ZTU,3ded23d916e9ca66,"Zaqatala"
ZUC,370c97d3cda42d4f,"Ignace Muni"
ZUD,50a758bc4ee242a4,"Pupelde"
ZUH,2c33d75091209085,"Zhuhai Jinwan"
ZUL,1fc2f8e493ccc3cd,"Zilfi"
ZUM,3a1fe2d8b56359b6,"Churchill Falls"
ZVA,24f37bbff662041d,"Miandrivazo"
ZVG,241960999c5ddf08,"Springvale"
ZVK,2b5334c45712331f,"Savannakhet"
ZWA,25f2178f1aab914f,"Andapa"
ZWL,362a2169dc292322,"Wollaston Lake"
ZXT,3de89cb66b9a7933,"Zabrat"
ZYI,2d531605640e4f2f,"Zunyi Xinzhou"
ZYL,2c7bafaa7516fbca,"Osmany"
ZZE,3ee068900935cddb,"Zangilan"
ZZO,32c454bb46ea50f2,"Zonalnoye"
ZZU,1e53c444fdd1a934,"Mzuzu"
ZZV,5f933ca301beb8f9,"Zanesville Muni"
